kinuy_mishari,ramat_gimur,shnat_yitzur,merkav,,,,,,,,,,,,,,,,,,,,,,,,
120I,,2008,???????,,,,,,,,,,,,,,,,,,,,,,,,
120I,,2009,???????,,,,,,,,,,,,,,,,,,,,,,,,
120I,,2010,???????,,,,,,,,,,,,,,,,,,,,,,,,
120I,,2011,???????,,,,,,,,,,,,,,,,,,,,,,,,
120I,,2012,???????,,,,,,,,,,,,,,,,,,,,,,,,
125I,,2009,???????,,,,,,,,,,,,,,,,,,,,,,,,
125I,,2008,???????,,,,,,,,,,,,,,,,,,,,,,,,
125I,,2009,???????,,,,,,,,,,,,,,,,,,,,,,,,
125I,,2010,???????,,,,,,,,,,,,,,,,,,,,,,,,
125I,,2011,???????,,,,,,,,,,,,,,,,,,,,,,,,
125I,,2012,???????,,,,,,,,,,,,,,,,,,,,,,,,
125I,,2008,????,,,,,,,,,,,,,,,,,,,,,,,,
125I,,2009,????,,,,,,,,,,,,,,,,,,,,,,,,
135I,,2008,???????,,,,,,,,,,,,,,,,,,,,,,,,
135I,,2009,???????,,,,,,,,,,,,,,,,,,,,,,,,
135I,,2010,???????,,,,,,,,,,,,,,,,,,,,,,,,
1SERIES M COUPE,,2011,????,,,,,,,,,,,,,,,,,,,,,,,,
1SERIES M COUPE,,2012,????,,,,,,,,,,,,,,,,,,,,,,,,
218I,SPORT,2017,????,,,,,,,,,,,,,,,,,,,,,,,,
218I,SPORT,2017,????,,,,,,,,,,,,,,,,,,,,,,,,
218I,SPORT,2017,????,,,,,,,,,,,,,,,,,,,,,,,,
218I,SPORT,2018,????,,,,,,,,,,,,,,,,,,,,,,,,
218I,SPORT,2017,????,,,,,,,,,,,,,,,,,,,,,,,,
218I,SPORT,2018,????,,,,,,,,,,,,,,,,,,,,,,,,
218I,SPORT,2019,????,,,,,,,,,,,,,,,,,,,,,,,,
218I,SPORT,2020,????,,,,,,,,,,,,,,,,,,,,,,,,
218I,M-SPORT,2018,????,,,,,,,,,,,,,,,,,,,,,,,,
218I,M-SPORT,2019,????,,,,,,,,,,,,,,,,,,,,,,,,
218I,M-SPORT,2020,????,,,,,,,,,,,,,,,,,,,,,,,,
220I,BUSINESS,2015,???????,,,,,,,,,,,,,,,,,,,,,,,,
220I,LUXURY,2015,???????,,,,,,,,,,,,,,,,,,,,,,,,
220I,BUSINESS,2015,???????,,,,,,,,,,,,,,,,,,,,,,,,
220I,BUSINESS,2016,???????,,,,,,,,,,,,,,,,,,,,,,,,
220I,LUXURY,2015,???????,,,,,,,,,,,,,,,,,,,,,,,,
220I,LUXURY,2016,???????,,,,,,,,,,,,,,,,,,,,,,,,
220I,BUSINESS,2016,???????,,,,,,,,,,,,,,,,,,,,,,,,
220I,BUSINESS,2017,???????,,,,,,,,,,,,,,,,,,,,,,,,
220I,LUXURY,2016,???????,,,,,,,,,,,,,,,,,,,,,,,,
220I,LUXURY,2017,???????,,,,,,,,,,,,,,,,,,,,,,,,
220I,LUXURY,2017,???????,,,,,,,,,,,,,,,,,,,,,,,,
220I,LUXURY,2018,???????,,,,,,,,,,,,,,,,,,,,,,,,
220I,LUXURY,2017,???????,,,,,,,,,,,,,,,,,,,,,,,,
220I,BUSINESS,2017,???????,,,,,,,,,,,,,,,,,,,,,,,,
220I,BUSINESS,2017,???????,,,,,,,,,,,,,,,,,,,,,,,,
220I,SPORT,2017,???????,,,,,,,,,,,,,,,,,,,,,,,,
220I,LUXURY,2017,???????,,,,,,,,,,,,,,,,,,,,,,,,
220I,LUXURY,2018,???????,,,,,,,,,,,,,,,,,,,,,,,,
220I,LUXURY,2019,???????,,,,,,,,,,,,,,,,,,,,,,,,
220I,SPORT,2017,???????,,,,,,,,,,,,,,,,,,,,,,,,
220I,SPORT,2018,???????,,,,,,,,,,,,,,,,,,,,,,,,
220I,SPORT,2019,???????,,,,,,,,,,,,,,,,,,,,,,,,
220I,BUSINESS,2017,???????,,,,,,,,,,,,,,,,,,,,,,,,
220I,BUSINESS,2018,???????,,,,,,,,,,,,,,,,,,,,,,,,
220I,LUXURY,2017,???????,,,,,,,,,,,,,,,,,,,,,,,,
220I,LUXURY,2017,???????,,,,,,,,,,,,,,,,,,,,,,,,
220I,LUXURY,2018,???????,,,,,,,,,,,,,,,,,,,,,,,,
220I,LUXURY,2018,???????,,,,,,,,,,,,,,,,,,,,,,,,
220I,LUXURY,2017,???????,,,,,,,,,,,,,,,,,,,,,,,,
220I,LUXURY,2018,???????,,,,,,,,,,,,,,,,,,,,,,,,
220I,LUXURY,2019,???????,,,,,,,,,,,,,,,,,,,,,,,,
220I,LUXURY,2020,???????,,,,,,,,,,,,,,,,,,,,,,,,
220I,LUXURY,2021,???????,,,,,,,,,,,,,,,,,,,,,,,,
220I,SPORT,2018,???????,,,,,,,,,,,,,,,,,,,,,,,,
220I,SPORT,2019,???????,,,,,,,,,,,,,,,,,,,,,,,,
220I,SPORT,2020,???????,,,,,,,,,,,,,,,,,,,,,,,,
220I,SPORT,2021,???????,,,,,,,,,,,,,,,,,,,,,,,,
220I,LUXURY,2014,????,,,,,,,,,,,,,,,,,,,,,,,,
220I,LUXURY,2015,????,,,,,,,,,,,,,,,,,,,,,,,,
220I,BUSINESS,2014,????,,,,,,,,,,,,,,,,,,,,,,,,
220I,BUSINESS,2015,????,,,,,,,,,,,,,,,,,,,,,,,,
220I,LUXURY,2015,????,,,,,,,,,,,,,,,,,,,,,,,,
220I,BUSINESS,2015,????,,,,,,,,,,,,,,,,,,,,,,,,
220I,BUSINESS,2015,????,,,,,,,,,,,,,,,,,,,,,,,,
220I,BUSINESS,2016,????,,,,,,,,,,,,,,,,,,,,,,,,
220I,LUXURY,2015,????,,,,,,,,,,,,,,,,,,,,,,,,
220I,LUXURY,2016,????,,,,,,,,,,,,,,,,,,,,,,,,
220I,LUXURY,2015,????,,,,,,,,,,,,,,,,,,,,,,,,
220I,LUXURY,2016,????,,,,,,,,,,,,,,,,,,,,,,,,
220I,BUSINESS,2016,????,,,,,,,,,,,,,,,,,,,,,,,,
220I,LUXURY,2016,????,,,,,,,,,,,,,,,,,,,,,,,,
220I,LUXURY,2017,????,,,,,,,,,,,,,,,,,,,,,,,,
220I,BUSINESS,2016,????,,,,,,,,,,,,,,,,,,,,,,,,
220I,BUSINESS,2017,????,,,,,,,,,,,,,,,,,,,,,,,,
220I,BUSINESS,2016,????,,,,,,,,,,,,,,,,,,,,,,,,
220I,BUSINESS,2017,????,,,,,,,,,,,,,,,,,,,,,,,,
220I,BUSINESS,2016,????,,,,,,,,,,,,,,,,,,,,,,,,
220I,BUSINESS,2017,????,,,,,,,,,,,,,,,,,,,,,,,,
220I,LUXURY,2016,????,,,,,,,,,,,,,,,,,,,,,,,,
220I,LUXURY,2017,????,,,,,,,,,,,,,,,,,,,,,,,,
220I,LUXURY,2016,????,,,,,,,,,,,,,,,,,,,,,,,,
220I,LUXURY,2017,????,,,,,,,,,,,,,,,,,,,,,,,,
220I,SPORT,2017,????,,,,,,,,,,,,,,,,,,,,,,,,
220I,SPORT,2018,????,,,,,,,,,,,,,,,,,,,,,,,,
220I,SPORT,2019,????,,,,,,,,,,,,,,,,,,,,,,,,
220I,LUXURY,2017,????,,,,,,,,,,,,,,,,,,,,,,,,
220I,LUXURY,2018,????,,,,,,,,,,,,,,,,,,,,,,,,
220I,LUXURY,2019,????,,,,,,,,,,,,,,,,,,,,,,,,
220I,BUSINESS,2017,????,,,,,,,,,,,,,,,,,,,,,,,,
220I,BUSINESS,2018,????,,,,,,,,,,,,,,,,,,,,,,,,
220I,SPORT,2017,????,,,,,,,,,,,,,,,,,,,,,,,,
220I,SPORT,2018,????,,,,,,,,,,,,,,,,,,,,,,,,
220I,SPORT,2019,????,,,,,,,,,,,,,,,,,,,,,,,,
220I,LUXURY,2018,????,,,,,,,,,,,,,,,,,,,,,,,,
220I,LUXURY,2019,????,,,,,,,,,,,,,,,,,,,,,,,,
318CI,,2005,???????,,,,,,,,,,,,,,,,,,,,,,,,
318CI,,2004,???????,,,,,,,,,,,,,,,,,,,,,,,,
318CI,,2005,????,,,,,,,,,,,,,,,,,,,,,,,,
318CI,,2006,????,,,,,,,,,,,,,,,,,,,,,,,,
318CI VALVE,,2004,????,,,,,,,,,,,,,,,,,,,,,,,,
320CI,,2004,???????,,,,,,,,,,,,,,,,,,,,,,,,
320CI,,2005,???????,,,,,,,,,,,,,,,,,,,,,,,,
320CI,,2004,????,,,,,,,,,,,,,,,,,,,,,,,,
320CI,,2005,????,,,,,,,,,,,,,,,,,,,,,,,,
320CI,,2006,????,,,,,,,,,,,,,,,,,,,,,,,,
320I,,2007,???????,,,,,,,,,,,,,,,,,,,,,,,,
320I,,2008,???????,,,,,,,,,,,,,,,,,,,,,,,,
320I,,2009,???????,,,,,,,,,,,,,,,,,,,,,,,,
320I,,2010,???????,,,,,,,,,,,,,,,,,,,,,,,,
320I,,2007,????,,,,,,,,,,,,,,,,,,,,,,,,
320I,,2008,????,,,,,,,,,,,,,,,,,,,,,,,,
320I,,2009,????,,,,,,,,,,,,,,,,,,,,,,,,
320I,,2010,????,,,,,,,,,,,,,,,,,,,,,,,,
320I CAB,,2010,???????,,,,,,,,,,,,,,,,,,,,,,,,
320I CAB,,2011,???????,,,,,,,,,,,,,,,,,,,,,,,,
320I CAB,,2012,???????,,,,,,,,,,,,,,,,,,,,,,,,
320I CAB,,2013,???????,,,,,,,,,,,,,,,,,,,,,,,,
320I COUPE,,2010,????,,,,,,,,,,,,,,,,,,,,,,,,
320I COUPE,,2011,????,,,,,,,,,,,,,,,,,,,,,,,,
320I COUPE,,2012,????,,,,,,,,,,,,,,,,,,,,,,,,
325CI,,2004,???????,,,,,,,,,,,,,,,,,,,,,,,,
325CI,,2004,????,,,,,,,,,,,,,,,,,,,,,,,,
325CI,,2005,????,,,,,,,,,,,,,,,,,,,,,,,,
325CI,,2006,????,,,,,,,,,,,,,,,,,,,,,,,,
325I,,2007,???????,,,,,,,,,,,,,,,,,,,,,,,,
325I,,2008,???????,,,,,,,,,,,,,,,,,,,,,,,,
325I,,2009,???????,,,,,,,,,,,,,,,,,,,,,,,,
325I,,2010,???????,,,,,,,,,,,,,,,,,,,,,,,,
325I CAB,,2010,???????,,,,,,,,,,,,,,,,,,,,,,,,
325I CAB,,2011,???????,,,,,,,,,,,,,,,,,,,,,,,,
325I CAB,,2012,???????,,,,,,,,,,,,,,,,,,,,,,,,
325I CAB,,2013,???????,,,,,,,,,,,,,,,,,,,,,,,,
325I COUPE,,2007,????,,,,,,,,,,,,,,,,,,,,,,,,
325I COUPE,,2007,????,,,,,,,,,,,,,,,,,,,,,,,,
325I COUPE,,2008,????,,,,,,,,,,,,,,,,,,,,,,,,
325I COUPE,,2009,????,,,,,,,,,,,,,,,,,,,,,,,,
325I COUPE,,2010,????,,,,,,,,,,,,,,,,,,,,,,,,
325I COUPE,,2010,????,,,,,,,,,,,,,,,,,,,,,,,,
325I COUPE,,2011,????,,,,,,,,,,,,,,,,,,,,,,,,
325I COUPE,,2012,????,,,,,,,,,,,,,,,,,,,,,,,,
330CI,,2004,???????,,,,,,,,,,,,,,,,,,,,,,,,
330CI,,2004,????,,,,,,,,,,,,,,,,,,,,,,,,
330CI,,2005,????,,,,,,,,,,,,,,,,,,,,,,,,
330CI,,2006,????,,,,,,,,,,,,,,,,,,,,,,,,
330I,,2007,???????,,,,,,,,,,,,,,,,,,,,,,,,
330I,,2008,???????,,,,,,,,,,,,,,,,,,,,,,,,
330I,,2009,???????,,,,,,,,,,,,,,,,,,,,,,,,
330I,,2010,???????,,,,,,,,,,,,,,,,,,,,,,,,
330I CAB,,2010,???????,,,,,,,,,,,,,,,,,,,,,,,,
330I CAB,,2011,???????,,,,,,,,,,,,,,,,,,,,,,,,
330I CAB,,2012,???????,,,,,,,,,,,,,,,,,,,,,,,,
330I CAB,,2013,???????,,,,,,,,,,,,,,,,,,,,,,,,
330I COUPE,,2007,????,,,,,,,,,,,,,,,,,,,,,,,,
330I COUPE,,2007,????,,,,,,,,,,,,,,,,,,,,,,,,
330I COUPE,,2008,????,,,,,,,,,,,,,,,,,,,,,,,,
330I COUPE,,2009,????,,,,,,,,,,,,,,,,,,,,,,,,
330I COUPE,,2010,????,,,,,,,,,,,,,,,,,,,,,,,,
330I COUPE,,2010,????,,,,,,,,,,,,,,,,,,,,,,,,
330I COUPE,,2011,????,,,,,,,,,,,,,,,,,,,,,,,,
330I COUPE,,2012,????,,,,,,,,,,,,,,,,,,,,,,,,
335I,,2007,????,,,,,,,,,,,,,,,,,,,,,,,,
335I,,2007,????,,,,,,,,,,,,,,,,,,,,,,,,
335I,,2008,????,,,,,,,,,,,,,,,,,,,,,,,,
335I,,2009,????,,,,,,,,,,,,,,,,,,,,,,,,
335I,,2010,????,,,,,,,,,,,,,,,,,,,,,,,,
335I CAB,,2010,???????,,,,,,,,,,,,,,,,,,,,,,,,
335I CAB,,2011,???????,,,,,,,,,,,,,,,,,,,,,,,,
335I CAB,,2012,???????,,,,,,,,,,,,,,,,,,,,,,,,
335I CAB,,2013,???????,,,,,,,,,,,,,,,,,,,,,,,,
335I COUPE,,2010,????,,,,,,,,,,,,,,,,,,,,,,,,
335I COUPE,,2011,????,,,,,,,,,,,,,,,,,,,,,,,,
335I COUPE,,2012,????,,,,,,,,,,,,,,,,,,,,,,,,
420D,M-SPORT,2021,???????,,,,,,,,,,,,,,,,,,,,,,,,
420D,M-SPORT,2022,???????,,,,,,,,,,,,,,,,,,,,,,,,
420I,LUXURY,2014,???????,,,,,,,,,,,,,,,,,,,,,,,,
420I,LUXURY,2015,???????,,,,,,,,,,,,,,,,,,,,,,,,
420I,LUXURY,2015,???????,,,,,,,,,,,,,,,,,,,,,,,,
420I,LUXURY,2016,???????,,,,,,,,,,,,,,,,,,,,,,,,
420I,LUXURY,2016,???????,,,,,,,,,,,,,,,,,,,,,,,,
420I,LUXURY,2016,???????,,,,,,,,,,,,,,,,,,,,,,,,
420I,LUXURY,2016,???????,,,,,,,,,,,,,,,,,,,,,,,,
420I,LUXURY,2016,???????,,,,,,,,,,,,,,,,,,,,,,,,
420I,LUXURY,2017,???????,,,,,,,,,,,,,,,,,,,,,,,,
420I,LUXURY,2016,???????,,,,,,,,,,,,,,,,,,,,,,,,
420I,LUXURY,2017,???????,,,,,,,,,,,,,,,,,,,,,,,,
420I,LUXURY,2017,???????,,,,,,,,,,,,,,,,,,,,,,,,
420I,LUXURY,2018,???????,,,,,,,,,,,,,,,,,,,,,,,,
420I,LUXURY,2019,???????,,,,,,,,,,,,,,,,,,,,,,,,
420I,LUXURY,2018,???????,,,,,,,,,,,,,,,,,,,,,,,,
420I,LUXURY,2019,???????,,,,,,,,,,,,,,,,,,,,,,,,
420I,M-SPORT,2019,???????,,,,,,,,,,,,,,,,,,,,,,,,
420I,M-SPORT,2019,???????,,,,,,,,,,,,,,,,,,,,,,,,
420I,M-SPORT,2020,???????,,,,,,,,,,,,,,,,,,,,,,,,
420I,M-SPORT,2021,???????,,,,,,,,,,,,,,,,,,,,,,,,
420I,M-SPORT,2022,???????,,,,,,,,,,,,,,,,,,,,,,,,
420I,M SPORT,2021,???????,,,,,,,,,,,,,,,,,,,,,,,,
420I,M SPORT,2022,???????,,,,,,,,,,,,,,,,,,,,,,,,
420I,M SPORT,2021,???????,,,,,,,,,,,,,,,,,,,,,,,,
420I,M SPORT,2022,???????,,,,,,,,,,,,,,,,,,,,,,,,
420I,M-SPORT,2022,???????,,,,,,,,,,,,,,,,,,,,,,,,
420I,M SPORT,2022,???????,,,,,,,,,,,,,,,,,,,,,,,,
420I,LUXURY,2014,????,,,,,,,,,,,,,,,,,,,,,,,,
420I,LUXURY,2015,????,,,,,,,,,,,,,,,,,,,,,,,,
420I,LUXURY,2014,????,,,,,,,,,,,,,,,,,,,,,,,,
420I,LUXURY,2015,????,,,,,,,,,,,,,,,,,,,,,,,,
420I,LUXURY,2014,????,,,,,,,,,,,,,,,,,,,,,,,,
420I,LUXURY,2015,????,,,,,,,,,,,,,,,,,,,,,,,,
420I,LUXURY,2015,????,,,,,,,,,,,,,,,,,,,,,,,,
420I,LUXURY,2016,????,,,,,,,,,,,,,,,,,,,,,,,,
420I,LUXURY,2015,????,,,,,,,,,,,,,,,,,,,,,,,,
420I,LUXURY,2016,????,,,,,,,,,,,,,,,,,,,,,,,,
420I,LUXURY,2016,????,,,,,,,,,,,,,,,,,,,,,,,,
420I,LUXURY,2016,????,,,,,,,,,,,,,,,,,,,,,,,,
420I,LUXURY,2016,????,,,,,,,,,,,,,,,,,,,,,,,,
420I,LUXURY,2016,????,,,,,,,,,,,,,,,,,,,,,,,,
420I,LUXURY,2016,????,,,,,,,,,,,,,,,,,,,,,,,,
420I,LUXURY,2016,????,,,,,,,,,,,,,,,,,,,,,,,,
420I,LUXURY,2016,????,,,,,,,,,,,,,,,,,,,,,,,,
420I,LUXURY,2017,????,,,,,,,,,,,,,,,,,,,,,,,,
420I,LUXURY,2016,????,,,,,,,,,,,,,,,,,,,,,,,,
420I,LUXURY,2017,????,,,,,,,,,,,,,,,,,,,,,,,,
420I,LUXURY,2018,????,,,,,,,,,,,,,,,,,,,,,,,,
420I,LUXURY,2019,????,,,,,,,,,,,,,,,,,,,,,,,,
420I,SPORT,2017,????,,,,,,,,,,,,,,,,,,,,,,,,
420I,SPORT,2018,????,,,,,,,,,,,,,,,,,,,,,,,,
420I,SPORT,2019,????,,,,,,,,,,,,,,,,,,,,,,,,
420I,SPORT,2020,????,,,,,,,,,,,,,,,,,,,,,,,,
420I,SPORT,2017,????,,,,,,,,,,,,,,,,,,,,,,,,
420I,SPORT,2018,????,,,,,,,,,,,,,,,,,,,,,,,,
420I,SPORT,2019,????,,,,,,,,,,,,,,,,,,,,,,,,
420I,SPORT,2020,????,,,,,,,,,,,,,,,,,,,,,,,,
420I,LUXURY,2018,????,,,,,,,,,,,,,,,,,,,,,,,,
420I,LUXURY,2019,????,,,,,,,,,,,,,,,,,,,,,,,,
420I,M-SPORT,2019,????,,,,,,,,,,,,,,,,,,,,,,,,
420I,M-SPORT,2020,????,,,,,,,,,,,,,,,,,,,,,,,,
420I,SPORT,2019,????,,,,,,,,,,,,,,,,,,,,,,,,
420I,SPORT,2020,????,,,,,,,,,,,,,,,,,,,,,,,,
420I,M-SPORT,2020,????,,,,,,,,,,,,,,,,,,,,,,,,
420I,M-SPORT,2020,????,,,,,,,,,,,,,,,,,,,,,,,,
420I,M-SPORT,2021,????,,,,,,,,,,,,,,,,,,,,,,,,
420I,M-SPORT,2021,????,,,,,,,,,,,,,,,,,,,,,,,,
420I,M-SPORT,2022,????,,,,,,,,,,,,,,,,,,,,,,,,
420I,M SPORT,2021,????,,,,,,,,,,,,,,,,,,,,,,,,
420I,M SPORT,2021,????,,,,,,,,,,,,,,,,,,,,,,,,
420I,M SPORT,2022,????,,,,,,,,,,,,,,,,,,,,,,,,
420I,M-SPORT,2021,????,,,,,,,,,,,,,,,,,,,,,,,,
420I,M-SPORT,2022,????,,,,,,,,,,,,,,,,,,,,,,,,
420I,M-SPORT SE,2021,????,,,,,,,,,,,,,,,,,,,,,,,,
420I,M-SPORT SE,2022,????,,,,,,,,,,,,,,,,,,,,,,,,
420I,M-SPORT,2022,????,,,,,,,,,,,,,,,,,,,,,,,,
420I,M-SPORT,2022,????,,,,,,,,,,,,,,,,,,,,,,,,
420I,M-SPORT SE,2022,????,,,,,,,,,,,,,,,,,,,,,,,,
420I,M-SPORT,2019,????,,,,,,,,,,,,,,,,,,,,,,,,
420I XDRIVE,MSPORT COUPE,2022,????,,,,,,,,,,,,,,,,,,,,,,,,
428I,LUXURY,2014,???????,,,,,,,,,,,,,,,,,,,,,,,,
428I,LUXURY,2015,???????,,,,,,,,,,,,,,,,,,,,,,,,
428I,LUXURY,2015,???????,,,,,,,,,,,,,,,,,,,,,,,,
428I,LUXURY,2016,???????,,,,,,,,,,,,,,,,,,,,,,,,
428I,LUXURY,2016,???????,,,,,,,,,,,,,,,,,,,,,,,,
428I,LUXURY,2016,???????,,,,,,,,,,,,,,,,,,,,,,,,
428I,LUXURY,2013,????,,,,,,,,,,,,,,,,,,,,,,,,
428I,LUXURY,2014,????,,,,,,,,,,,,,,,,,,,,,,,,
428I,LUXURY,2015,????,,,,,,,,,,,,,,,,,,,,,,,,
428I,LUXURY,2014,????,,,,,,,,,,,,,,,,,,,,,,,,
428I,LUXURY,2015,????,,,,,,,,,,,,,,,,,,,,,,,,
428I,LUXURY,2014,????,,,,,,,,,,,,,,,,,,,,,,,,
428I,LUXURY,2015,????,,,,,,,,,,,,,,,,,,,,,,,,
428I,LUXURY,2015,????,,,,,,,,,,,,,,,,,,,,,,,,
428I,LUXURY,2016,????,,,,,,,,,,,,,,,,,,,,,,,,
428I,LUXURY,2015,????,,,,,,,,,,,,,,,,,,,,,,,,
428I,LUXURY,2016,????,,,,,,,,,,,,,,,,,,,,,,,,
428I,LUXURY,2015,????,,,,,,,,,,,,,,,,,,,,,,,,
428I,LUXURY,2016,????,,,,,,,,,,,,,,,,,,,,,,,,
428I,LUXURY,2016,????,,,,,,,,,,,,,,,,,,,,,,,,
428I,LUXURY,2016,????,,,,,,,,,,,,,,,,,,,,,,,,
428I,LUXURY,2016,????,,,,,,,,,,,,,,,,,,,,,,,,
428I,LUXURY,2016,????,,,,,,,,,,,,,,,,,,,,,,,,
430I,LUXURY,2016,???????,,,,,,,,,,,,,,,,,,,,,,,,
430I,LUXURY,2016,???????,,,,,,,,,,,,,,,,,,,,,,,,
430I,LUXURY,2017,???????,,,,,,,,,,,,,,,,,,,,,,,,
430I,LUXURY,2018,???????,,,,,,,,,,,,,,,,,,,,,,,,
430I,LUXURY,2019,???????,,,,,,,,,,,,,,,,,,,,,,,,
430I,LUXURY,2017,???????,,,,,,,,,,,,,,,,,,,,,,,,
430I,LUXURY,2018,???????,,,,,,,,,,,,,,,,,,,,,,,,
430I,LUXURY,2019,???????,,,,,,,,,,,,,,,,,,,,,,,,
430I,LUXURY,2017,???????,,,,,,,,,,,,,,,,,,,,,,,,
430I,LUXURY,2018,???????,,,,,,,,,,,,,,,,,,,,,,,,
430I,LUXURY,2019,???????,,,,,,,,,,,,,,,,,,,,,,,,
430I,M-SPORT,2019,???????,,,,,,,,,,,,,,,,,,,,,,,,
430I,M-SPORT PRO,2021,???????,,,,,,,,,,,,,,,,,,,,,,,,
430I,M-SPORT PRO,2022,???????,,,,,,,,,,,,,,,,,,,,,,,,
430I,M SPORT PRO,2021,???????,,,,,,,,,,,,,,,,,,,,,,,,
430I,M SPORT PRO,2022,???????,,,,,,,,,,,,,,,,,,,,,,,,
430I,M SPORT,2021,???????,,,,,,,,,,,,,,,,,,,,,,,,
430I,M SPORT,2021,???????,,,,,,,,,,,,,,,,,,,,,,,,
430I,M SPORT,2022,???????,,,,,,,,,,,,,,,,,,,,,,,,
430I,M,2021,???????,,,,,,,,,,,,,,,,,,,,,,,,
430I,M,2022,???????,,,,,,,,,,,,,,,,,,,,,,,,
430I,M-SPORT PRO,2022,???????,,,,,,,,,,,,,,,,,,,,,,,,
430I,M SPORT,2022,???????,,,,,,,,,,,,,,,,,,,,,,,,
430I,M SPORT,2022,???????,,,,,,,,,,,,,,,,,,,,,,,,
430I,M SPORT,2022,???????,,,,,,,,,,,,,,,,,,,,,,,,
430I,LUXURY,2016,????,,,,,,,,,,,,,,,,,,,,,,,,
430I,LUXURY,2016,????,,,,,,,,,,,,,,,,,,,,,,,,
430I,LUXURY,2017,????,,,,,,,,,,,,,,,,,,,,,,,,
430I,LUXURY,2017,????,,,,,,,,,,,,,,,,,,,,,,,,
430I,LUXURY,2018,????,,,,,,,,,,,,,,,,,,,,,,,,
430I,LUXURY,2019,????,,,,,,,,,,,,,,,,,,,,,,,,
430I,LUXURY,2018,????,,,,,,,,,,,,,,,,,,,,,,,,
430I,LUXURY,2019,????,,,,,,,,,,,,,,,,,,,,,,,,
430I,M-SPORT,2019,????,,,,,,,,,,,,,,,,,,,,,,,,
430I,M-SPORT PRO,2020,????,,,,,,,,,,,,,,,,,,,,,,,,
430I,M-SPORT PRO,2021,????,,,,,,,,,,,,,,,,,,,,,,,,
430I,M-SPORT PRO,2021,????,,,,,,,,,,,,,,,,,,,,,,,,
430I,M SPORT PRO,2021,????,,,,,,,,,,,,,,,,,,,,,,,,
430I,SPORT PRO,2021,????,,,,,,,,,,,,,,,,,,,,,,,,
430I,M SPORT PRO,2021,????,,,,,,,,,,,,,,,,,,,,,,,,
430I,SPORT PRO,2021,????,,,,,,,,,,,,,,,,,,,,,,,,
430I,M SHADOW,2021,????,,,,,,,,,,,,,,,,,,,,,,,,
430I,M SPORT PRO,2021,????,,,,,,,,,,,,,,,,,,,,,,,,
430I,M-SPORT PRO,2021,????,,,,,,,,,,,,,,,,,,,,,,,,
430I,M SPORT PRO,2021,????,,,,,,,,,,,,,,,,,,,,,,,,
430I,M SPORT PRO,2022,????,,,,,,,,,,,,,,,,,,,,,,,,
430I,M-SPORT PRO,2021,????,,,,,,,,,,,,,,,,,,,,,,,,
430I,M-SPORT PRO,2022,????,,,,,,,,,,,,,,,,,,,,,,,,
430I,M-SPORT PRO,2022,????,,,,,,,,,,,,,,,,,,,,,,,,
430I,MSPORT SHDOW,2022,????,,,,,,,,,,,,,,,,,,,,,,,,
430I,M SPORT,2022,????,,,,,,,,,,,,,,,,,,,,,,,,
430I,M SHADOW,2022,????,,,,,,,,,,,,,,,,,,,,,,,,
430I,MSPORT SHDOW,2022,????,,,,,,,,,,,,,,,,,,,,,,,,
430I,M SPORT,2022,????,,,,,,,,,,,,,,,,,,,,,,,,
430I,M SPORT SHAD,2022,????,,,,,,,,,,,,,,,,,,,,,,,,
430I,M-SPORT PROW,2022,????,,,,,,,,,,,,,,,,,,,,,,,,
430I,M SPORT SHAD,2022,????,,,,,,,,,,,,,,,,,,,,,,,,
430I,M SPORT SHAD,2022,????,,,,,,,,,,,,,,,,,,,,,,,,
430I COUPE,PREMIUM,2021,????,,,,,,,,,,,,,,,,,,,,,,,,
430I XDRIVE,CABRIOLET,2022,???????,,,,,,,,,,,,,,,,,,,,,,,,
430I XDRIVE,M SPORT,2022,???????,,,,,,,,,,,,,,,,,,,,,,,,
430I XDRIVE,M SPORT PRO,2022,???????,,,,,,,,,,,,,,,,,,,,,,,,
430I XDRIVE,M SPORT PRO,2021,????,,,,,,,,,,,,,,,,,,,,,,,,
430I XDRIVE,M SPORT PRO,2021,????,,,,,,,,,,,,,,,,,,,,,,,,
430I XDRIVE,M SPORT PRO,2021,????,,,,,,,,,,,,,,,,,,,,,,,,
430I XDRIVE,M SPORT PRO,2022,????,,,,,,,,,,,,,,,,,,,,,,,,
430I XDRIVE,M SPORT,2021,????,,,,,,,,,,,,,,,,,,,,,,,,
430I XDRIVE,M SPORT PRO,2021,????,,,,,,,,,,,,,,,,,,,,,,,,
430I XDRIVE,M SPORT PRO,2022,????,,,,,,,,,,,,,,,,,,,,,,,,
430I XDRIVE,CUOPE,2022,????,,,,,,,,,,,,,,,,,,,,,,,,
430I XDRIVE,CUOPE,2022,????,,,,,,,,,,,,,,,,,,,,,,,,
430I XDRIVE,CUOPE,2022,????,,,,,,,,,,,,,,,,,,,,,,,,
435I,LUXURY,2014,???????,,,,,,,,,,,,,,,,,,,,,,,,
435I,LUXURY,2015,???????,,,,,,,,,,,,,,,,,,,,,,,,
435I,LUXURY,2014,???????,,,,,,,,,,,,,,,,,,,,,,,,
435I,LUXURY,2015,???????,,,,,,,,,,,,,,,,,,,,,,,,
435I,LUXURY,2015,???????,,,,,,,,,,,,,,,,,,,,,,,,
435I,LUXURY,2016,???????,,,,,,,,,,,,,,,,,,,,,,,,
435I,LUXURY,2016,???????,,,,,,,,,,,,,,,,,,,,,,,,
435I,LUXURY,2017,???????,,,,,,,,,,,,,,,,,,,,,,,,
435I,LUXURY,2013,????,,,,,,,,,,,,,,,,,,,,,,,,
435I,LUXURY,2014,????,,,,,,,,,,,,,,,,,,,,,,,,
435I,LUXURY,2015,????,,,,,,,,,,,,,,,,,,,,,,,,
435I,LUXURY,2016,????,,,,,,,,,,,,,,,,,,,,,,,,
435I,LUXURY,2013,????,,,,,,,,,,,,,,,,,,,,,,,,
435I,LUXURY,2014,????,,,,,,,,,,,,,,,,,,,,,,,,
435I,LUXURY,2015,????,,,,,,,,,,,,,,,,,,,,,,,,
435I,LUXURY,2014,????,,,,,,,,,,,,,,,,,,,,,,,,
435I,LUXURY,2015,????,,,,,,,,,,,,,,,,,,,,,,,,
435I,LUXURY,2014,????,,,,,,,,,,,,,,,,,,,,,,,,
435I,LUXURY,2015,????,,,,,,,,,,,,,,,,,,,,,,,,
435I,LUXURY,2014,????,,,,,,,,,,,,,,,,,,,,,,,,
435I,LUXURY,2015,????,,,,,,,,,,,,,,,,,,,,,,,,
435I,LUXURY,2016,????,,,,,,,,,,,,,,,,,,,,,,,,
435I,LUXURY,2014,????,,,,,,,,,,,,,,,,,,,,,,,,
435I,LUXURY,2015,????,,,,,,,,,,,,,,,,,,,,,,,,
435I,LUXURY,2015,????,,,,,,,,,,,,,,,,,,,,,,,,
435I,LUXURY,2016,????,,,,,,,,,,,,,,,,,,,,,,,,
435I,LUXURY,2015,????,,,,,,,,,,,,,,,,,,,,,,,,
435I,LUXURY,2016,????,,,,,,,,,,,,,,,,,,,,,,,,
435I,LUXURY,2016,????,,,,,,,,,,,,,,,,,,,,,,,,
435I,LUXURY,2016,????,,,,,,,,,,,,,,,,,,,,,,,,
435I,LUXURY,2016,????,,,,,,,,,,,,,,,,,,,,,,,,
435I,LUXURY,2016,????,,,,,,,,,,,,,,,,,,,,,,,,
435I,LUXURY,2016,????,,,,,,,,,,,,,,,,,,,,,,,,
440I,LUXURY,2016,???????,,,,,,,,,,,,,,,,,,,,,,,,
440I,LUXURY,2016,???????,,,,,,,,,,,,,,,,,,,,,,,,
440I,LUXURY,2017,???????,,,,,,,,,,,,,,,,,,,,,,,,
440I,LUXURY,2017,???????,,,,,,,,,,,,,,,,,,,,,,,,
440I,LUXURY,2018,???????,,,,,,,,,,,,,,,,,,,,,,,,
440I,LUXURY,2019,???????,,,,,,,,,,,,,,,,,,,,,,,,
440I,LUXURY,2017,???????,,,,,,,,,,,,,,,,,,,,,,,,
440I,LUXURY,2018,???????,,,,,,,,,,,,,,,,,,,,,,,,
440I,LUXURY,2019,???????,,,,,,,,,,,,,,,,,,,,,,,,
440I,LUXURY,2017,???????,,,,,,,,,,,,,,,,,,,,,,,,
440I,LUXURY,2018,???????,,,,,,,,,,,,,,,,,,,,,,,,
440I,LUXURY,2019,???????,,,,,,,,,,,,,,,,,,,,,,,,
440I,LUXURY,2017,???????,,,,,,,,,,,,,,,,,,,,,,,,
440I,LUXURY,2018,???????,,,,,,,,,,,,,,,,,,,,,,,,
440I,LUXURY,2019,???????,,,,,,,,,,,,,,,,,,,,,,,,
440I,LUXURY,2018,???????,,,,,,,,,,,,,,,,,,,,,,,,
440I,LUXURY,2019,???????,,,,,,,,,,,,,,,,,,,,,,,,
440I,M SPORT,2019,???????,,,,,,,,,,,,,,,,,,,,,,,,
440I,M SPORT,2020,???????,,,,,,,,,,,,,,,,,,,,,,,,
440I,M SPORT,2021,???????,,,,,,,,,,,,,,,,,,,,,,,,
440I,M-SPORT,2018,???????,,,,,,,,,,,,,,,,,,,,,,,,
440I,M-SPORT,2019,???????,,,,,,,,,,,,,,,,,,,,,,,,
440I,LUXURY,2016,????,,,,,,,,,,,,,,,,,,,,,,,,
440I,LUXURY,2016,????,,,,,,,,,,,,,,,,,,,,,,,,
440I,LUXURY,2017,????,,,,,,,,,,,,,,,,,,,,,,,,
440I,LUXURY,2017,????,,,,,,,,,,,,,,,,,,,,,,,,
440I,LUXURY,2018,????,,,,,,,,,,,,,,,,,,,,,,,,
440I,LUXURY,2019,????,,,,,,,,,,,,,,,,,,,,,,,,
440I,LUXURY,2017,????,,,,,,,,,,,,,,,,,,,,,,,,
440I,LUXURY,2018,????,,,,,,,,,,,,,,,,,,,,,,,,
440I,LUXURY,2019,????,,,,,,,,,,,,,,,,,,,,,,,,
440I,LUXURY,2017,????,,,,,,,,,,,,,,,,,,,,,,,,
440I,LUXURY,2018,????,,,,,,,,,,,,,,,,,,,,,,,,
440I,LUXURY,2019,????,,,,,,,,,,,,,,,,,,,,,,,,
440I,M-SPORT,2019,????,,,,,,,,,,,,,,,,,,,,,,,,
440I XDRIVE,M SPORT,2019,???????,,,,,,,,,,,,,,,,,,,,,,,,
440I XDRIVE,M SPORT,2020,???????,,,,,,,,,,,,,,,,,,,,,,,,
440I XDRIVE,M SPORT,2021,????,,,,,,,,,,,,,,,,,,,,,,,,
440I XDRIVE,M SUPERIOR,2021,????,,,,,,,,,,,,,,,,,,,,,,,,
630CI,,2007,????,,,,,,,,,,,,,,,,,,,,,,,,
630CI,,2008,????,,,,,,,,,,,,,,,,,,,,,,,,
630CI,,2009,????,,,,,,,,,,,,,,,,,,,,,,,,
630CI,,2010,????,,,,,,,,,,,,,,,,,,,,,,,,
630I,,2005,???????,,,,,,,,,,,,,,,,,,,,,,,,
630I,,2006,???????,,,,,,,,,,,,,,,,,,,,,,,,
630I,,2007,???????,,,,,,,,,,,,,,,,,,,,,,,,
630I,,2007,???????,,,,,,,,,,,,,,,,,,,,,,,,
630I,,2007,???????,,,,,,,,,,,,,,,,,,,,,,,,
630I,,2008,???????,,,,,,,,,,,,,,,,,,,,,,,,
630I,,2005,????,,,,,,,,,,,,,,,,,,,,,,,,
630I,,2006,????,,,,,,,,,,,,,,,,,,,,,,,,
630I,,2007,????,,,,,,,,,,,,,,,,,,,,,,,,
630I,,2007,????,,,,,,,,,,,,,,,,,,,,,,,,
630I,,2008,????,,,,,,,,,,,,,,,,,,,,,,,,
640I,,2014,???????,,,,,,,,,,,,,,,,,,,,,,,,
640I,,2015,???????,,,,,,,,,,,,,,,,,,,,,,,,
640I,,2015,???????,,,,,,,,,,,,,,,,,,,,,,,,
640I,S,2016,???????,,,,,,,,,,,,,,,,,,,,,,,,
640I,S,2016,???????,,,,,,,,,,,,,,,,,,,,,,,,
640I,S,2017,???????,,,,,,,,,,,,,,,,,,,,,,,,
640I,S,2018,???????,,,,,,,,,,,,,,,,,,,,,,,,
640I,,2011,???????,,,,,,,,,,,,,,,,,,,,,,,,
640I,,2012,???????,,,,,,,,,,,,,,,,,,,,,,,,
640I,,2013,???????,,,,,,,,,,,,,,,,,,,,,,,,
640I,,2012,????,,,,,,,,,,,,,,,,,,,,,,,,
640I,,2013,????,,,,,,,,,,,,,,,,,,,,,,,,
640I,BUSINESS,2012,????,,,,,,,,,,,,,,,,,,,,,,,,
640I,,2014,????,,,,,,,,,,,,,,,,,,,,,,,,
640I,,2014,????,,,,,,,,,,,,,,,,,,,,,,,,
640I,,2015,????,,,,,,,,,,,,,,,,,,,,,,,,
640I,S,2016,????,,,,,,,,,,,,,,,,,,,,,,,,
640I,S,2016,????,,,,,,,,,,,,,,,,,,,,,,,,
640I,S,2017,????,,,,,,,,,,,,,,,,,,,,,,,,
640I,S,2018,????,,,,,,,,,,,,,,,,,,,,,,,,
645CI,,2004,???????,,,,,,,,,,,,,,,,,,,,,,,,
645CI,,2005,???????,,,,,,,,,,,,,,,,,,,,,,,,
645CI,,2006,???????,,,,,,,,,,,,,,,,,,,,,,,,
645CI,,2004,????,,,,,,,,,,,,,,,,,,,,,,,,
645CI,,2005,????,,,,,,,,,,,,,,,,,,,,,,,,
645CI,,2006,????,,,,,,,,,,,,,,,,,,,,,,,,
650 I,,2007,????,,,,,,,,,,,,,,,,,,,,,,,,
650 I,,2008,????,,,,,,,,,,,,,,,,,,,,,,,,
650CI,,2007,????,,,,,,,,,,,,,,,,,,,,,,,,
650CI,,2008,????,,,,,,,,,,,,,,,,,,,,,,,,
650CI,,2009,????,,,,,,,,,,,,,,,,,,,,,,,,
650CI,,2010,????,,,,,,,,,,,,,,,,,,,,,,,,
650I,,2014,???????,,,,,,,,,,,,,,,,,,,,,,,,
650I,,2007,???????,,,,,,,,,,,,,,,,,,,,,,,,
650I,,2007,???????,,,,,,,,,,,,,,,,,,,,,,,,
650I,,2008,???????,,,,,,,,,,,,,,,,,,,,,,,,
650I,,2007,???????,,,,,,,,,,,,,,,,,,,,,,,,
650I,,2008,???????,,,,,,,,,,,,,,,,,,,,,,,,
650I,,2009,???????,,,,,,,,,,,,,,,,,,,,,,,,
650I,,2010,???????,,,,,,,,,,,,,,,,,,,,,,,,
650I,,2011,???????,,,,,,,,,,,,,,,,,,,,,,,,
650I,,2012,???????,,,,,,,,,,,,,,,,,,,,,,,,
650I,LUXURY,2012,????,,,,,,,,,,,,,,,,,,,,,,,,
650I,LUXURY,2012,????,,,,,,,,,,,,,,,,,,,,,,,,
650I,,2014,????,,,,,,,,,,,,,,,,,,,,,,,,
650I,,2015,????,,,,,,,,,,,,,,,,,,,,,,,,
650I,,2006,????,,,,,,,,,,,,,,,,,,,,,,,,
650I,,2007,????,,,,,,,,,,,,,,,,,,,,,,,,
840D XDRIVE,M,2020,????,,,,,,,,,,,,,,,,,,,,,,,,
840I,M-SPORT,2020,???????,,,,,,,,,,,,,,,,,,,,,,,,
840I,M-SPORT,2021,???????,,,,,,,,,,,,,,,,,,,,,,,,
840I,ELEGANT,2020,???????,,,,,,,,,,,,,,,,,,,,,,,,
840I,ELEGANT,2021,???????,,,,,,,,,,,,,,,,,,,,,,,,
840I,M-SPORT,2021,???????,,,,,,,,,,,,,,,,,,,,,,,,
840I,M-SPORT,2022,???????,,,,,,,,,,,,,,,,,,,,,,,,
840I,M-SPORT,2022,???????,,,,,,,,,,,,,,,,,,,,,,,,
840I,M,2022,???????,,,,,,,,,,,,,,,,,,,,,,,,
840I,M,2022,???????,,,,,,,,,,,,,,,,,,,,,,,,
840I,M SPORT,2022,???????,,,,,,,,,,,,,,,,,,,,,,,,
840I,M SPORT,2022,???????,,,,,,,,,,,,,,,,,,,,,,,,
840I,M-SPORT,2022,???????,,,,,,,,,,,,,,,,,,,,,,,,
840I,ELEGANT,2019,????,,,,,,,,,,,,,,,,,,,,,,,,
840I,ELEGANT,2020,????,,,,,,,,,,,,,,,,,,,,,,,,
840I,ELEGANT,2021,????,,,,,,,,,,,,,,,,,,,,,,,,
840I,M-SPORT,2019,????,,,,,,,,,,,,,,,,,,,,,,,,
840I,M-SPORT,2020,????,,,,,,,,,,,,,,,,,,,,,,,,
840I,M-SPORT,2020,????,,,,,,,,,,,,,,,,,,,,,,,,
840I,M-SPORT,2021,????,,,,,,,,,,,,,,,,,,,,,,,,
840I,ELEGANT,2020,????,,,,,,,,,,,,,,,,,,,,,,,,
840I,ELEGANT,2021,????,,,,,,,,,,,,,,,,,,,,,,,,
840I,M INDIVDUAL,2020,????,,,,,,,,,,,,,,,,,,,,,,,,
840I,M SPORT,2022,????,,,,,,,,,,,,,,,,,,,,,,,,
840I,M,2022,????,,,,,,,,,,,,,,,,,,,,,,,,
840I XDRIVE,M,2020,????,,,,,,,,,,,,,,,,,,,,,,,,
840I XDRIVE,M,2021,????,,,,,,,,,,,,,,,,,,,,,,,,
AMG GT53 4MATIC,AMG EDITION,2020,????,,,,,,,,,,,,,,,,,,,,,,,,
COOPER,URBAN,2018,???????,,,,,,,,,,,,,,,,,,,,,,,,
COOPER,ICONIC,2021,???????,,,,,,,,,,,,,,,,,,,,,,,,
COOPER,PEPPER,2016,???????,,,,,,,,,,,,,,,,,,,,,,,,
COOPER,PEPPER,2017,???????,,,,,,,,,,,,,,,,,,,,,,,,
COOPER,PEPPER,2017,???????,,,,,,,,,,,,,,,,,,,,,,,,
COOPER,PEPPER,2018,???????,,,,,,,,,,,,,,,,,,,,,,,,
COOPER,URBAN,2018,???????,,,,,,,,,,,,,,,,,,,,,,,,
COOPER,URBAN,2019,???????,,,,,,,,,,,,,,,,,,,,,,,,
COOPER,PEPPER,2018,???????,,,,,,,,,,,,,,,,,,,,,,,,
COOPER,PEPPER,2019,???????,,,,,,,,,,,,,,,,,,,,,,,,
COOPER,URBAN,2018,???????,,,,,,,,,,,,,,,,,,,,,,,,
COOPER,URBAN,2019,???????,,,,,,,,,,,,,,,,,,,,,,,,
COOPER,URBAN,2020,???????,,,,,,,,,,,,,,,,,,,,,,,,
COOPER,PEPPER,2018,???????,,,,,,,,,,,,,,,,,,,,,,,,
COOPER,PEPPER,2019,???????,,,,,,,,,,,,,,,,,,,,,,,,
COOPER,PEPPER,2020,???????,,,,,,,,,,,,,,,,,,,,,,,,
COOPER,PEPPER,2018,???????,,,,,,,,,,,,,,,,,,,,,,,,
COOPER,PEPPER,2019,???????,,,,,,,,,,,,,,,,,,,,,,,,
COOPER,PEPPER,2020,???????,,,,,,,,,,,,,,,,,,,,,,,,
COOPER,URBAN,2019,???????,,,,,,,,,,,,,,,,,,,,,,,,
COOPER,URBAN,2020,???????,,,,,,,,,,,,,,,,,,,,,,,,
COOPER,PEPPER,2019,???????,,,,,,,,,,,,,,,,,,,,,,,,
COOPER,PEPPER,2020,???????,,,,,,,,,,,,,,,,,,,,,,,,
COOPER,URBAN,2020,???????,,,,,,,,,,,,,,,,,,,,,,,,
COOPER,URBAN,2021,???????,,,,,,,,,,,,,,,,,,,,,,,,
COOPER,PEPPER,2020,???????,,,,,,,,,,,,,,,,,,,,,,,,
COOPER,PEPPER,2021,???????,,,,,,,,,,,,,,,,,,,,,,,,
COOPER,URBAN,2020,???????,,,,,,,,,,,,,,,,,,,,,,,,
COOPER,PEPPER,2020,???????,,,,,,,,,,,,,,,,,,,,,,,,
COOPER,PEPPER,2021,???????,,,,,,,,,,,,,,,,,,,,,,,,
COOPER,PEPPER,2020,???????,,,,,,,,,,,,,,,,,,,,,,,,
COOPER,PEPPER,2020,???????,,,,,,,,,,,,,,,,,,,,,,,,
COOPER,PEPPER,2021,???????,,,,,,,,,,,,,,,,,,,,,,,,
COOPER,URBAN,2020,???????,,,,,,,,,,,,,,,,,,,,,,,,
COOPER,URBAN,2021,???????,,,,,,,,,,,,,,,,,,,,,,,,
COOPER,ICONIC,2021,???????,,,,,,,,,,,,,,,,,,,,,,,,
COOPER,ICONIC,2022,???????,,,,,,,,,,,,,,,,,,,,,,,,
COOPER,ICONIC TECH,2021,???????,,,,,,,,,,,,,,,,,,,,,,,,
COOPER,ICONIC TECH,2022,???????,,,,,,,,,,,,,,,,,,,,,,,,
COOPER,ICONIC TECH,2022,???????,,,,,,,,,,,,,,,,,,,,,,,,
COOPER,ICONIC,2022,???????,,,,,,,,,,,,,,,,,,,,,,,,
COOPER S,PURE LED,2016,???????,,,,,,,,,,,,,,,,,,,,,,,,
COOPER S,CHILLI,2016,???????,,,,,,,,,,,,,,,,,,,,,,,,
COOPER S,CHILLI,2017,???????,,,,,,,,,,,,,,,,,,,,,,,,
COOPER S,CHILLI,2016,???????,,,,,,,,,,,,,,,,,,,,,,,,
COOPER S,CHILLI,2017,???????,,,,,,,,,,,,,,,,,,,,,,,,
COOPER S,CHILLI,2017,???????,,,,,,,,,,,,,,,,,,,,,,,,
COOPER S,CHILLI,2018,???????,,,,,,,,,,,,,,,,,,,,,,,,
COOPER S,CHILLI,2017,???????,,,,,,,,,,,,,,,,,,,,,,,,
COOPER S,CHILLI,2018,???????,,,,,,,,,,,,,,,,,,,,,,,,
COOPER S,CHILLI,2018,???????,,,,,,,,,,,,,,,,,,,,,,,,
COOPER S,CHILLI,2019,???????,,,,,,,,,,,,,,,,,,,,,,,,
COOPER S,CHILLI,2018,???????,,,,,,,,,,,,,,,,,,,,,,,,
COOPER S,CHILLI,2019,???????,,,,,,,,,,,,,,,,,,,,,,,,
COOPER S,CHILLI,2018,???????,,,,,,,,,,,,,,,,,,,,,,,,
COOPER S,CHILLI,2019,???????,,,,,,,,,,,,,,,,,,,,,,,,
COOPER S,CHILLI,2019,???????,,,,,,,,,,,,,,,,,,,,,,,,
COOPER S,CHILLI,2020,???????,,,,,,,,,,,,,,,,,,,,,,,,
COOPER S,CHILLI,2020,???????,,,,,,,,,,,,,,,,,,,,,,,,
COOPER S,CHILLI,2020,???????,,,,,,,,,,,,,,,,,,,,,,,,
COOPER S,CHILI PLAY,2020,???????,,,,,,,,,,,,,,,,,,,,,,,,
COOPER S,CHILI PLAY,2021,???????,,,,,,,,,,,,,,,,,,,,,,,,
COOPER S,CHILI PLAY,2020,???????,,,,,,,,,,,,,,,,,,,,,,,,
COOPER S,CHILI PLAY,2021,???????,,,,,,,,,,,,,,,,,,,,,,,,
COOPER S,CHILI PLAY,2020,???????,,,,,,,,,,,,,,,,,,,,,,,,
COOPER S,CHILI PLAY,2021,???????,,,,,,,,,,,,,,,,,,,,,,,,
COOPER S,LEGACY,2021,???????,,,,,,,,,,,,,,,,,,,,,,,,
COOPER S,LEGACY,2022,???????,,,,,,,,,,,,,,,,,,,,,,,,
COOPER S,LEGACY TECH,2021,???????,,,,,,,,,,,,,,,,,,,,,,,,
COOPER S,LEGACY TECH,2022,???????,,,,,,,,,,,,,,,,,,,,,,,,
COOPER S,LEGACY TECH,2022,???????,,,,,,,,,,,,,,,,,,,,,,,,
COOPER S,LEGACY,2022,???????,,,,,,,,,,,,,,,,,,,,,,,,
COOPER SE,LOUNGE,2021,????,,,,,,,,,,,,,,,,,,,,,,,,
COOPER SE,LOUNGE,2022,????,,,,,,,,,,,,,,,,,,,,,,,,
I4 EDRIVE40,TECH,2022,????,,,,,,,,,,,,,,,,,,,,,,,,
I4 EDRIVE40,PURE,2022,????,,,,,,,,,,,,,,,,,,,,,,,,
I4 EDRIVE40,ULTIMATE,2022,????,,,,,,,,,,,,,,,,,,,,,,,,
I4 M50,SUPERIOR,2022,????,,,,,,,,,,,,,,,,,,,,,,,,
I8,LUXURY,2018,???????,,,,,,,,,,,,,,,,,,,,,,,,
I8,LUXURY,2019,???????,,,,,,,,,,,,,,,,,,,,,,,,
I8,LUXURY,2018,???????,,,,,,,,,,,,,,,,,,,,,,,,
I8,LUXURY,2019,???????,,,,,,,,,,,,,,,,,,,,,,,,
I8,ROADSTER,2019,???????,,,,,,,,,,,,,,,,,,,,,,,,
I8,ROADSTER,2020,???????,,,,,,,,,,,,,,,,,,,,,,,,
I8,LUXURY,2016,????,,,,,,,,,,,,,,,,,,,,,,,,
I8,LUXURY,2017,????,,,,,,,,,,,,,,,,,,,,,,,,
I8,LUXURY,2018,????,,,,,,,,,,,,,,,,,,,,,,,,
I8,LUXURY,2017,????,,,,,,,,,,,,,,,,,,,,,,,,
I8,LUXURY,2018,????,,,,,,,,,,,,,,,,,,,,,,,,
I8,LUXURY,2017,????,,,,,,,,,,,,,,,,,,,,,,,,
I8,LUXURY,2018,????,,,,,,,,,,,,,,,,,,,,,,,,
I8 COUPE,LUXURY,2018,????,,,,,,,,,,,,,,,,,,,,,,,,
I8 COUPE,LUXURY,2019,????,,,,,,,,,,,,,,,,,,,,,,,,
JOHN COOPER WO,CHILLI,2019,???????,,,,,,,,,,,,,,,,,,,,,,,,
JOHN COOPER WO,CHILLI,2020,???????,,,,,,,,,,,,,,,,,,,,,,,,
JOHN COOPER WO,CHILLI,2020,???????,,,,,,,,,,,,,,,,,,,,,,,,
JOHN COOPER WO,CHILLI,2020,???????,,,,,,,,,,,,,,,,,,,,,,,,
JOHN COOPER WO,CHILLI,2020,???????,,,,,,,,,,,,,,,,,,,,,,,,
JOHN COOPER WO,CHILI PLAY,2020,???????,,,,,,,,,,,,,,,,,,,,,,,,
JOHN COOPER WO,CHILI PLAY,2021,???????,,,,,,,,,,,,,,,,,,,,,,,,
JOHN COOPER WO,CHILI PLAY,2020,???????,,,,,,,,,,,,,,,,,,,,,,,,
JOHN COOPER WO,CHILI PLAY,2021,???????,,,,,,,,,,,,,,,,,,,,,,,,
JOHN COOPER WOR,CHILLI,2016,???????,,,,,,,,,,,,,,,,,,,,,,,,
JOHN COOPER WOR,CHILLI,2017,???????,,,,,,,,,,,,,,,,,,,,,,,,
JOHN COOPER WOR,CHILLI,2017,???????,,,,,,,,,,,,,,,,,,,,,,,,
JOHN COOPER WOR,CHILLI,2018,???????,,,,,,,,,,,,,,,,,,,,,,,,
JOHN COOPER WOR,CHILLI,2018,???????,,,,,,,,,,,,,,,,,,,,,,,,
JOHN COOPER WOR,CHILLI,2019,???????,,,,,,,,,,,,,,,,,,,,,,,,
JOHN COOPER WOR,CHILLI,2019,???????,,,,,,,,,,,,,,,,,,,,,,,,
JOHN COOPER WOR,BOOST TECH,2021,???????,,,,,,,,,,,,,,,,,,,,,,,,
JOHN COOPER WOR,BOOST TECH,2022,???????,,,,,,,,,,,,,,,,,,,,,,,,
JOHN COOPER WOR,BOOST,2021,???????,,,,,,,,,,,,,,,,,,,,,,,,
JOHN COOPER WOR,BOOST,2022,???????,,,,,,,,,,,,,,,,,,,,,,,,
JOHN COOPER WOR,BOOST,2021,???????,,,,,,,,,,,,,,,,,,,,,,,,
JOHN COOPER WOR,BOOST,2022,???????,,,,,,,,,,,,,,,,,,,,,,,,
JOHN COOPER WOR,BOOST TECH,2022,???????,,,,,,,,,,,,,,,,,,,,,,,,
JOHN COOPER WOR,BOOST,2022,???????,,,,,,,,,,,,,,,,,,,,,,,,
JOHN COOPER WOR,BOOST,2022,???????,,,,,,,,,,,,,,,,,,,,,,,,
JOHN COOPER WOR,BOOST,2022,???????,,,,,,,,,,,,,,,,,,,,,,,,
M2,S,2016,????,,,,,,,,,,,,,,,,,,,,,,,,
M2,S,2016,????,,,,,,,,,,,,,,,,,,,,,,,,
M2,LUXURY,2016,????,,,,,,,,,,,,,,,,,,,,,,,,
M2,LUXURY,2016,????,,,,,,,,,,,,,,,,,,,,,,,,
M2,LUXURY,2016,????,,,,,,,,,,,,,,,,,,,,,,,,
M2,LUXURY,2016,????,,,,,,,,,,,,,,,,,,,,,,,,
M2,LUXURY,2017,????,,,,,,,,,,,,,,,,,,,,,,,,
M2,LUXURY,2018,????,,,,,,,,,,,,,,,,,,,,,,,,
M2,LUXURY,2017,????,,,,,,,,,,,,,,,,,,,,,,,,
M2,LUXURY,2017,????,,,,,,,,,,,,,,,,,,,,,,,,
M2,LUXURY,2018,????,,,,,,,,,,,,,,,,,,,,,,,,
M2,LUXURY,2017,????,,,,,,,,,,,,,,,,,,,,,,,,
M2,LUXURY,2018,????,,,,,,,,,,,,,,,,,,,,,,,,
M2,LUXURY,2019,????,,,,,,,,,,,,,,,,,,,,,,,,
M2,COMPETITION,2021,????,,,,,,,,,,,,,,,,,,,,,,,,
M2 COMPETETION,M COMPETETIO,2021,????,,,,,,,,,,,,,,,,,,,,,,,,
M2 COMPETITION,EXCLUSIVE,2018,????,,,,,,,,,,,,,,,,,,,,,,,,
M2 COMPETITION,EXCLUSIVE,2019,????,,,,,,,,,,,,,,,,,,,,,,,,
M2 COMPETITION,EXCLUSIVE,2020,????,,,,,,,,,,,,,,,,,,,,,,,,
M2 COMPETITION,EXCLUSIVE,2018,????,,,,,,,,,,,,,,,,,,,,,,,,
M2 COMPETITION,EXCLUSIVE,2019,????,,,,,,,,,,,,,,,,,,,,,,,,
M2 COMPETITION,EXCLUSIVE,2020,????,,,,,,,,,,,,,,,,,,,,,,,,
M2 COMPETITION,EXCLUSIVE,2019,????,,,,,,,,,,,,,,,,,,,,,,,,
M2 COMPETITION,EXCLUSIVE,2019,????,,,,,,,,,,,,,,,,,,,,,,,,
M2 COMPETITION,EXCLUSIVE,2020,????,,,,,,,,,,,,,,,,,,,,,,,,
M2 COMPETITION,EXCLUSIVE,2019,????,,,,,,,,,,,,,,,,,,,,,,,,
M2 COMPETITION,EXCLUSIVE,2020,????,,,,,,,,,,,,,,,,,,,,,,,,
M2 COMPETITION,EXCLUSIVE,2020,????,,,,,,,,,,,,,,,,,,,,,,,,
M2 COMPETITION,EXCLUSIVE,2020,????,,,,,,,,,,,,,,,,,,,,,,,,
M2 COMPETITION,M COMPETITIO,2020,????,,,,,,,,,,,,,,,,,,,,,,,,
M2 COMPETITION,COMPETITION,2020,????,,,,,,,,,,,,,,,,,,,,,,,,
M2 COMPETITION,COMPETITION,2021,????,,,,,,,,,,,,,,,,,,,,,,,,
M2 COMPETITION,COMPETITION,2021,????,,,,,,,,,,,,,,,,,,,,,,,,
M2 COMPETITION,COMPETITION,2021,????,,,,,,,,,,,,,,,,,,,,,,,,
M2 COMPETITION,COMPETITION,2021,????,,,,,,,,,,,,,,,,,,,,,,,,
M2 CS,EXCLUSIVE,2020,????,,,,,,,,,,,,,,,,,,,,,,,,
M2 CS,EXCLUSIVE,2020,????,,,,,,,,,,,,,,,,,,,,,,,,
M235I,,2015,???????,,,,,,,,,,,,,,,,,,,,,,,,
M235I,,2016,???????,,,,,,,,,,,,,,,,,,,,,,,,
M235I,S,2016,???????,,,,,,,,,,,,,,,,,,,,,,,,
M235I,S,2016,???????,,,,,,,,,,,,,,,,,,,,,,,,
M235I,S,2017,???????,,,,,,,,,,,,,,,,,,,,,,,,
M235I,LUXURY,2014,????,,,,,,,,,,,,,,,,,,,,,,,,
M235I,LUXURY,2015,????,,,,,,,,,,,,,,,,,,,,,,,,
M235I,,2014,????,,,,,,,,,,,,,,,,,,,,,,,,
M235I,,2015,????,,,,,,,,,,,,,,,,,,,,,,,,
M235I,,2015,????,,,,,,,,,,,,,,,,,,,,,,,,
M235I,S,2015,????,,,,,,,,,,,,,,,,,,,,,,,,
M235I,S,2016,????,,,,,,,,,,,,,,,,,,,,,,,,
M235I,LUXURY,2016,????,,,,,,,,,,,,,,,,,,,,,,,,
M235I,LUXURY,2016,????,,,,,,,,,,,,,,,,,,,,,,,,
M240I,LUXURY,2017,???????,,,,,,,,,,,,,,,,,,,,,,,,
M240I,LUXURY,2018,???????,,,,,,,,,,,,,,,,,,,,,,,,
M240I,LUXURY,2019,???????,,,,,,,,,,,,,,,,,,,,,,,,
M240I,LUXURY,2018,???????,,,,,,,,,,,,,,,,,,,,,,,,
M240I,LUXURY,2019,???????,,,,,,,,,,,,,,,,,,,,,,,,
M240I,LUXURY,2016,????,,,,,,,,,,,,,,,,,,,,,,,,
M240I,LUXURY,2017,????,,,,,,,,,,,,,,,,,,,,,,,,
M240I,LUXURY,2017,????,,,,,,,,,,,,,,,,,,,,,,,,
M240I,LUXURY,2017,????,,,,,,,,,,,,,,,,,,,,,,,,
M240I,LUXURY,2018,????,,,,,,,,,,,,,,,,,,,,,,,,
M240I,LUXURY,2019,????,,,,,,,,,,,,,,,,,,,,,,,,
M240I,LUXURY,2017,????,,,,,,,,,,,,,,,,,,,,,,,,
M240I,LUXURY,2018,????,,,,,,,,,,,,,,,,,,,,,,,,
M240I,LUXURY,2019,????,,,,,,,,,,,,,,,,,,,,,,,,
M240I,LUXURY,2020,????,,,,,,,,,,,,,,,,,,,,,,,,
M240I,LUXURY,2019,????,,,,,,,,,,,,,,,,,,,,,,,,
M240I,LUXURY,2020,????,,,,,,,,,,,,,,,,,,,,,,,,
M240I,LUXURY,2021,????,,,,,,,,,,,,,,,,,,,,,,,,
M240I,LUXURY,2020,????,,,,,,,,,,,,,,,,,,,,,,,,
M240I,LUXURY,2021,????,,,,,,,,,,,,,,,,,,,,,,,,
M3,,2008,???????,,,,,,,,,,,,,,,,,,,,,,,,
M3,,2007,????,,,,,,,,,,,,,,,,,,,,,,,,
M3,,2008,????,,,,,,,,,,,,,,,,,,,,,,,,
M3,,2009,????,,,,,,,,,,,,,,,,,,,,,,,,
M3,,2004,????,,,,,,,,,,,,,,,,,,,,,,,,
M3 CABRIO,,2004,???????,,,,,,,,,,,,,,,,,,,,,,,,
M3 COMP,COMP,2022,????,,,,,,,,,,,,,,,,,,,,,,,,
M3 COUPE,,2011,????,,,,,,,,,,,,,,,,,,,,,,,,
M3 COUPE,,2012,????,,,,,,,,,,,,,,,,,,,,,,,,
M4,,2014,???????,,,,,,,,,,,,,,,,,,,,,,,,
M4,,2015,???????,,,,,,,,,,,,,,,,,,,,,,,,
M4,,2016,???????,,,,,,,,,,,,,,,,,,,,,,,,
M4,LUXURY,2016,???????,,,,,,,,,,,,,,,,,,,,,,,,
M4,LUXURY,2017,???????,,,,,,,,,,,,,,,,,,,,,,,,
M4,LUXURY,2018,???????,,,,,,,,,,,,,,,,,,,,,,,,
M4,LUXURY,2018,???????,,,,,,,,,,,,,,,,,,,,,,,,
M4,LUXURY,2019,???????,,,,,,,,,,,,,,,,,,,,,,,,
M4,COMPETITION,2022,???????,,,,,,,,,,,,,,,,,,,,,,,,
M4,LUXURY,2014,????,,,,,,,,,,,,,,,,,,,,,,,,
M4,LUXURY,2014,????,,,,,,,,,,,,,,,,,,,,,,,,
M4,LUXURY,2015,????,,,,,,,,,,,,,,,,,,,,,,,,
M4,,2015,????,,,,,,,,,,,,,,,,,,,,,,,,
M4,,2016,????,,,,,,,,,,,,,,,,,,,,,,,,
M4,,2016,????,,,,,,,,,,,,,,,,,,,,,,,,
M4,LUXURY,2016,????,,,,,,,,,,,,,,,,,,,,,,,,
M4,LUXURY,2017,????,,,,,,,,,,,,,,,,,,,,,,,,
M4,LUXURY,2016,????,,,,,,,,,,,,,,,,,,,,,,,,
M4,LUXURY,2017,????,,,,,,,,,,,,,,,,,,,,,,,,
M4,LUXURY,2016,????,,,,,,,,,,,,,,,,,,,,,,,,
M4,LUXURY,2017,????,,,,,,,,,,,,,,,,,,,,,,,,
M4,LUXURY,2018,????,,,,,,,,,,,,,,,,,,,,,,,,
M4,LUXURY,2019,????,,,,,,,,,,,,,,,,,,,,,,,,
M4,LUXURY,2017,????,,,,,,,,,,,,,,,,,,,,,,,,
M4,LUXURY,2018,????,,,,,,,,,,,,,,,,,,,,,,,,
M4,LUXURY,2019,????,,,,,,,,,,,,,,,,,,,,,,,,
M4,LUXURY,2018,????,,,,,,,,,,,,,,,,,,,,,,,,
M4,LUXURY,2019,????,,,,,,,,,,,,,,,,,,,,,,,,
M4,LUXURY,2020,????,,,,,,,,,,,,,,,,,,,,,,,,
M4,LUXURY,2018,????,,,,,,,,,,,,,,,,,,,,,,,,
M4,LUXURY,2019,????,,,,,,,,,,,,,,,,,,,,,,,,
M4,LUXURY,2020,????,,,,,,,,,,,,,,,,,,,,,,,,
M4,LUXURY,2018,????,,,,,,,,,,,,,,,,,,,,,,,,
M4,LUXURY,2019,????,,,,,,,,,,,,,,,,,,,,,,,,
M4,COUPE COMP,2021,????,,,,,,,,,,,,,,,,,,,,,,,,
M4,COUPE COMP,2022,????,,,,,,,,,,,,,,,,,,,,,,,,
M4,COMPETITION,2021,????,,,,,,,,,,,,,,,,,,,,,,,,
M4,COMPETITION,2021,????,,,,,,,,,,,,,,,,,,,,,,,,
M4,COMPETITION,2022,????,,,,,,,,,,,,,,,,,,,,,,,,
M4,COMPETITION,2021,????,,,,,,,,,,,,,,,,,,,,,,,,
M4,COMPETITION,2022,????,,,,,,,,,,,,,,,,,,,,,,,,
M4,M,2022,????,,,,,,,,,,,,,,,,,,,,,,,,
M4,COMPETITION,2022,????,,,,,,,,,,,,,,,,,,,,,,,,
M4 COM M XDRIVE,COMPETITION,2022,????,,,,,,,,,,,,,,,,,,,,,,,,
M4 COMP XDRIVE,MCOMPETITION,2021,???????,,,,,,,,,,,,,,,,,,,,,,,,
M4 COMP XDRIVE,MCOMPETITION,2022,???????,,,,,,,,,,,,,,,,,,,,,,,,
M4 COMP XDRIVE,MCOMPETITION,2021,????,,,,,,,,,,,,,,,,,,,,,,,,
M4 COMP XDRIVE,MCOMPETITION,2022,????,,,,,,,,,,,,,,,,,,,,,,,,
M4 COMPETITION,COMPETITION,2021,????,,,,,,,,,,,,,,,,,,,,,,,,
M4 COMPETITION,COMPETITION,2021,????,,,,,,,,,,,,,,,,,,,,,,,,
M4 COMPETITION,G82,2021,????,,,,,,,,,,,,,,,,,,,,,,,,
M4 COMPETITION,M COMPETITI,2021,????,,,,,,,,,,,,,,,,,,,,,,,,
M4 COMPETITION,COMPETITION,2021,????,,,,,,,,,,,,,,,,,,,,,,,,
M4 COMPETITION,MCOMPETITION,2021,????,,,,,,,,,,,,,,,,,,,,,,,,
M4 COMPETITION,MCOMPETITION,2021,????,,,,,,,,,,,,,,,,,,,,,,,,
M4 COMPETITION,MCOMPETITION,2022,????,,,,,,,,,,,,,,,,,,,,,,,,
M4 COMPETITION,COMPETITION,2021,????,,,,,,,,,,,,,,,,,,,,,,,,
M4 COMPETITION,COMPETITION,2022,????,,,,,,,,,,,,,,,,,,,,,,,,
M4 COMPETITION,COMPETITION,2021,????,,,,,,,,,,,,,,,,,,,,,,,,
M4 COMPETITION,COMPETITION,2021,????,,,,,,,,,,,,,,,,,,,,,,,,
M4 COMPETITION,COMPETITION,2022,????,,,,,,,,,,,,,,,,,,,,,,,,
M4 COMPETITION,MCOMPETITION,2021,????,,,,,,,,,,,,,,,,,,,,,,,,
M4 COMPETITION,MCOMPETITION,2022,????,,,,,,,,,,,,,,,,,,,,,,,,
M4 COMPETITION,COMPETITION,2021,????,,,,,,,,,,,,,,,,,,,,,,,,
M4 COMPETITION,COMPETITION,2021,????,,,,,,,,,,,,,,,,,,,,,,,,
M4 COMPETITION,COMPETITION,2022,????,,,,,,,,,,,,,,,,,,,,,,,,
M4 COMPETITION,COMPETITION,2021,????,,,,,,,,,,,,,,,,,,,,,,,,
M4 COMPETITION,COMPETITION,2022,????,,,,,,,,,,,,,,,,,,,,,,,,
M4 COMPETITION,COMPETITION,2021,????,,,,,,,,,,,,,,,,,,,,,,,,
M4 COMPETITION,COMPETITION,2022,????,,,,,,,,,,,,,,,,,,,,,,,,
M4 COMPETITION,MCOMPETITION,2021,????,,,,,,,,,,,,,,,,,,,,,,,,
M4 COMPETITION,MCOMPETITION,2022,????,,,,,,,,,,,,,,,,,,,,,,,,
M4 COMPETITION,M COMPETITIO,2021,????,,,,,,,,,,,,,,,,,,,,,,,,
M4 COMPETITION,M COMPETITIO,2022,????,,,,,,,,,,,,,,,,,,,,,,,,
M4 COMPETITION,COMPETITION,2021,????,,,,,,,,,,,,,,,,,,,,,,,,
M4 COMPETITION,COMPETITION,2022,????,,,,,,,,,,,,,,,,,,,,,,,,
M4 COMPETITION,COMPETITION,2021,????,,,,,,,,,,,,,,,,,,,,,,,,
M4 COMPETITION,COMPETITION,2022,????,,,,,,,,,,,,,,,,,,,,,,,,
M4 COMPETITION,COMPETITION,2021,????,,,,,,,,,,,,,,,,,,,,,,,,
M4 COMPETITION,COMPETITION,2022,????,,,,,,,,,,,,,,,,,,,,,,,,
M4 COMPETITION,COMPETITION,2021,????,,,,,,,,,,,,,,,,,,,,,,,,
M4 COMPETITION,COMPETITION,2022,????,,,,,,,,,,,,,,,,,,,,,,,,
M4 COMPETITION,COMPETITION,2021,????,,,,,,,,,,,,,,,,,,,,,,,,
M4 COMPETITION,COMPETITION,2022,????,,,,,,,,,,,,,,,,,,,,,,,,
M4 COMPETITION,MCOMPETITION,2021,????,,,,,,,,,,,,,,,,,,,,,,,,
M4 COMPETITION,MCOMPETITION,2022,????,,,,,,,,,,,,,,,,,,,,,,,,
M4 COMPETITION,M4 COUPE,2021,????,,,,,,,,,,,,,,,,,,,,,,,,
M4 COMPETITION,M4 COUPE,2022,????,,,,,,,,,,,,,,,,,,,,,,,,
M4 COMPETITION,COMPETITION,2022,????,,,,,,,,,,,,,,,,,,,,,,,,
M4 COMPETITION,COMPETITION,2021,????,,,,,,,,,,,,,,,,,,,,,,,,
M4 COMPETITION,COMPETITION,2022,????,,,,,,,,,,,,,,,,,,,,,,,,
M4 COMPETITION,COMPETITION,2022,????,,,,,,,,,,,,,,,,,,,,,,,,
M4 COMPETITION,CARBON PACK,2022,????,,,,,,,,,,,,,,,,,,,,,,,,
M4 COMPETITION,COMPETITION,2022,????,,,,,,,,,,,,,,,,,,,,,,,,
M4 COMPETITION,CARBONXDRIVE,2022,????,,,,,,,,,,,,,,,,,,,,,,,,
M4 COMPETITION,M COMPETITIO,2022,????,,,,,,,,,,,,,,,,,,,,,,,,
M4 COMPETITION,M COMPETITIO,2022,????,,,,,,,,,,,,,,,,,,,,,,,,
M4 COMPETITION,CARBON,2022,????,,,,,,,,,,,,,,,,,,,,,,,,
M4 COMPETITION,M COMPETITIO,2022,????,,,,,,,,,,,,,,,,,,,,,,,,
M4 COMPETITION,COMPETITION,2022,????,,,,,,,,,,,,,,,,,,,,,,,,
M4 COMPETITION,COMPETITION,2022,????,,,,,,,,,,,,,,,,,,,,,,,,
M4 COMPETITION,COMPETITION,2022,????,,,,,,,,,,,,,,,,,,,,,,,,
M4 COMPETITION,COMPETITION,2022,????,,,,,,,,,,,,,,,,,,,,,,,,
M4 COMPETITION,COMPETITION,2022,????,,,,,,,,,,,,,,,,,,,,,,,,
M4 COMPETITION,CARBON PACK,2022,????,,,,,,,,,,,,,,,,,,,,,,,,
M4 COMPETXDRIVE,CARBONEDITIO,2022,???????,,,,,,,,,,,,,,,,,,,,,,,,
M4 XDRIVE,M,2022,???????,,,,,,,,,,,,,,,,,,,,,,,,
M4 XDRIVE,M4 COMPTITON,2022,???????,,,,,,,,,,,,,,,,,,,,,,,,
M4 XDRIVE,COMPETITION,2022,????,,,,,,,,,,,,,,,,,,,,,,,,
M4 XDRIVE,COMPETITION,2022,????,,,,,,,,,,,,,,,,,,,,,,,,
M4 XDRIVE,M4 COMPTITON,2022,????,,,,,,,,,,,,,,,,,,,,,,,,
M440 XI,M,2021,????,,,,,,,,,,,,,,,,,,,,,,,,
M440I,M,2022,????,,,,,,,,,,,,,,,,,,,,,,,,
M440I XDRIVE,M-SUPERIOR,2021,???????,,,,,,,,,,,,,,,,,,,,,,,,
M440I XDRIVE,M-SUPERIOR,2022,???????,,,,,,,,,,,,,,,,,,,,,,,,
M440I XDRIVE,M SUPERIOR,2021,???????,,,,,,,,,,,,,,,,,,,,,,,,
M440I XDRIVE,M SUPERIOR,2022,???????,,,,,,,,,,,,,,,,,,,,,,,,
M440I XDRIVE,M-SUPERIOR,2022,???????,,,,,,,,,,,,,,,,,,,,,,,,
M440I XDRIVE,M SUPERIOR,2022,???????,,,,,,,,,,,,,,,,,,,,,,,,
M440I XDRIVE,M-SUPERIOR,2020,????,,,,,,,,,,,,,,,,,,,,,,,,
M440I XDRIVE,M-SUPERIOR,2021,????,,,,,,,,,,,,,,,,,,,,,,,,
M440I XDRIVE,M-SUPERIOR,2020,????,,,,,,,,,,,,,,,,,,,,,,,,
M440I XDRIVE,M-SUPERIOR,2021,????,,,,,,,,,,,,,,,,,,,,,,,,
M440I XDRIVE,M-SUPERIOR,2021,????,,,,,,,,,,,,,,,,,,,,,,,,
M440I XDRIVE,M-SUPERIOR,2022,????,,,,,,,,,,,,,,,,,,,,,,,,
M440I XDRIVE,M-SUPERIOR,2021,????,,,,,,,,,,,,,,,,,,,,,,,,
M440I XDRIVE,M SUPERIOR,2021,????,,,,,,,,,,,,,,,,,,,,,,,,
M440I XDRIVE,MSUPERIOR M,2021,????,,,,,,,,,,,,,,,,,,,,,,,,
M440I XDRIVE,M,2021,????,,,,,,,,,,,,,,,,,,,,,,,,
M440I XDRIVE,M-PERFORMEN,2021,????,,,,,,,,,,,,,,,,,,,,,,,,
M440I XDRIVE,M SUPERIOR,2021,????,,,,,,,,,,,,,,,,,,,,,,,,
M440I XDRIVE,M SUPERIOR,2021,????,,,,,,,,,,,,,,,,,,,,,,,,
M440I XDRIVE,M SUPERIOR,2022,????,,,,,,,,,,,,,,,,,,,,,,,,
M440I XDRIVE,M PERFORMANC,2021,????,,,,,,,,,,,,,,,,,,,,,,,,
M440I XDRIVE,M PERFORMANC,2022,????,,,,,,,,,,,,,,,,,,,,,,,,
M440I XDRIVE,M-SUPERIOR,2022,????,,,,,,,,,,,,,,,,,,,,,,,,
M440I XDRIVE,M SUPERIOR,2022,????,,,,,,,,,,,,,,,,,,,,,,,,
M440I XDRIVE,M-SUPERIOR X,2022,????,,,,,,,,,,,,,,,,,,,,,,,,
M440I XDRIVE,M LINE,2022,????,,,,,,,,,,,,,,,,,,,,,,,,
M440I XDRIVE,M SUPERIOR,2022,????,,,,,,,,,,,,,,,,,,,,,,,,
M440I XDRIVE,M-SUPERIOR,2022,????,,,,,,,,,,,,,,,,,,,,,,,,
M440I XDRIVE GR,M LINE,2022,????,,,,,,,,,,,,,,,,,,,,,,,,
M440I XDRIVE GR,M LINE,2022,????,,,,,,,,,,,,,,,,,,,,,,,,
M6,S,2016,???????,,,,,,,,,,,,,,,,,,,,,,,,
M6,S,2017,???????,,,,,,,,,,,,,,,,,,,,,,,,
M6,S,2018,???????,,,,,,,,,,,,,,,,,,,,,,,,
M6,,2012,????,,,,,,,,,,,,,,,,,,,,,,,,
M6,,2013,????,,,,,,,,,,,,,,,,,,,,,,,,
M6,S,2016,????,,,,,,,,,,,,,,,,,,,,,,,,
M6,S,2017,????,,,,,,,,,,,,,,,,,,,,,,,,
M6,S,2016,????,,,,,,,,,,,,,,,,,,,,,,,,
M6,S,2016,????,,,,,,,,,,,,,,,,,,,,,,,,
M6,S,2017,????,,,,,,,,,,,,,,,,,,,,,,,,
M8,COMPETITION,2021,????,,,,,,,,,,,,,,,,,,,,,,,,
M8,COMPETITION,2022,????,,,,,,,,,,,,,,,,,,,,,,,,
M8 COMPETITION,COMPETITION,2020,???????,,,,,,,,,,,,,,,,,,,,,,,,
M8 COMPETITION,COMPETITION,2021,???????,,,,,,,,,,,,,,,,,,,,,,,,
M8 COMPETITION,COMPETITION,2021,???????,,,,,,,,,,,,,,,,,,,,,,,,
M8 COMPETITION,COMPETITION,2022,???????,,,,,,,,,,,,,,,,,,,,,,,,
M8 COMPETITION,COMPETITION,2022,???????,,,,,,,,,,,,,,,,,,,,,,,,
M8 COMPETITION,M8 COMPETITI,2022,???????,,,,,,,,,,,,,,,,,,,,,,,,
M8 COMPETITION,COMPETITION,2020,????,,,,,,,,,,,,,,,,,,,,,,,,
M8 COMPETITION,COMPETITION,2021,????,,,,,,,,,,,,,,,,,,,,,,,,
M8 COMPETITION,COMPETITION,2021,????,,,,,,,,,,,,,,,,,,,,,,,,
M8 COMPETITION,COMPETITION,2022,????,,,,,,,,,,,,,,,,,,,,,,,,
M8 COMPETITION,COMPETITION,2022,????,,,,,,,,,,,,,,,,,,,,,,,,
M8 COMPETTITION,INDIVIDUAL,2021,???????,,,,,,,,,,,,,,,,,,,,,,,,
M8 COMPETTITION,COMPETTITION,2021,????,,,,,,,,,,,,,,,,,,,,,,,,
M840I XDRIVE,M SPORT,2022,???????,,,,,,,,,,,,,,,,,,,,,,,,
M850I XDRIVE,CARBON EDITI,2019,???????,,,,,,,,,,,,,,,,,,,,,,,,
M850I XDRIVE,ELEGANT,2019,???????,,,,,,,,,,,,,,,,,,,,,,,,
M850I XDRIVE,ELEGANT,2020,???????,,,,,,,,,,,,,,,,,,,,,,,,
M850I XDRIVE,ELEGANT,2020,???????,,,,,,,,,,,,,,,,,,,,,,,,
M850I XDRIVE,ELEGANT,2021,???????,,,,,,,,,,,,,,,,,,,,,,,,
M850I XDRIVE,M PERFORMANC,2020,???????,,,,,,,,,,,,,,,,,,,,,,,,
M850I XDRIVE,M SPORT,2020,???????,,,,,,,,,,,,,,,,,,,,,,,,
M850I XDRIVE,CARBONEDITIO,2020,???????,,,,,,,,,,,,,,,,,,,,,,,,
M850I XDRIVE,CARBON EDITI,2021,???????,,,,,,,,,,,,,,,,,,,,,,,,
M850I XDRIVE,CARBON EDITI,2022,???????,,,,,,,,,,,,,,,,,,,,,,,,
M850I XDRIVE,CARBON EDITI,2018,????,,,,,,,,,,,,,,,,,,,,,,,,
M850I XDRIVE,CARBON EDITI,2019,????,,,,,,,,,,,,,,,,,,,,,,,,
M850I XDRIVE,CARBON EDITI,2020,????,,,,,,,,,,,,,,,,,,,,,,,,
M850I XDRIVE,ELEGANT,2018,????,,,,,,,,,,,,,,,,,,,,,,,,
M850I XDRIVE,ELEGANT,2019,????,,,,,,,,,,,,,,,,,,,,,,,,
M850I XDRIVE,CARBON EDITI,2018,????,,,,,,,,,,,,,,,,,,,,,,,,
M850I XDRIVE,CARBON EDITI,2019,????,,,,,,,,,,,,,,,,,,,,,,,,
M850I XDRIVE,CARBON EDITI,2020,????,,,,,,,,,,,,,,,,,,,,,,,,
M850I XDRIVE,CARBON EDITI,2018,????,,,,,,,,,,,,,,,,,,,,,,,,
M850I XDRIVE,CARBON EDITI,2019,????,,,,,,,,,,,,,,,,,,,,,,,,
M850I XDRIVE,CARBON EDITI,2020,????,,,,,,,,,,,,,,,,,,,,,,,,
M850I XDRIVE,CARBON EDITI,2020,????,,,,,,,,,,,,,,,,,,,,,,,,
M850I XDRIVE,CARBON EDITI,2020,????,,,,,,,,,,,,,,,,,,,,,,,,
M850I XDRIVE,CARBON EDITI,2020,????,,,,,,,,,,,,,,,,,,,,,,,,
M850I XDRIVE,M SPORT,2020,????,,,,,,,,,,,,,,,,,,,,,,,,
M850I XDRIVE,COUPE,2020,????,,,,,,,,,,,,,,,,,,,,,,,,
M850I XDRIVE,M SPORT,2020,????,,,,,,,,,,,,,,,,,,,,,,,,
M850I XDRIVE,M,2020,????,,,,,,,,,,,,,,,,,,,,,,,,
M850I XDRIVE,CARBON ED,2021,????,,,,,,,,,,,,,,,,,,,,,,,,
M850I XDRIVE,M,2021,????,,,,,,,,,,,,,,,,,,,,,,,,
M850I XDRIVE,M PERFORMANC,2021,????,,,,,,,,,,,,,,,,,,,,,,,,
M850I XDRIVE,EDITION,2021,????,,,,,,,,,,,,,,,,,,,,,,,,
M850I XDRIVE,EDITION,2022,????,,,,,,,,,,,,,,,,,,,,,,,,
M850I XDRIVE,GRAND COUPE,2021,????,,,,,,,,,,,,,,,,,,,,,,,,
M850I XDRIVE,EDITION,2021,????,,,,,,,,,,,,,,,,,,,,,,,,
M850I XDRIVE,M PERFORMANC,2021,????,,,,,,,,,,,,,,,,,,,,,,,,
M850I XDRIVE,M PERFORMANC,2022,????,,,,,,,,,,,,,,,,,,,,,,,,
M850I XDRIVE,X GRAN PRO,2021,????,,,,,,,,,,,,,,,,,,,,,,,,
M850I XDRIVE,X GRAN PRO,2022,????,,,,,,,,,,,,,,,,,,,,,,,,
MINI C S COUPE,PEPPER,2012,????,,,,,,,,,,,,,,,,,,,,,,,,
MINI C S COUPE,PEPPER,2013,????,,,,,,,,,,,,,,,,,,,,,,,,
MINI C S COUPE,CHILLI,2012,????,,,,,,,,,,,,,,,,,,,,,,,,
MINI C S COUPE,CHILLI,2013,????,,,,,,,,,,,,,,,,,,,,,,,,
MINI C S COUPE,CHILLI,2014,????,,,,,,,,,,,,,,,,,,,,,,,,
MINI C S COUPE,PEPPER,2013,????,,,,,,,,,,,,,,,,,,,,,,,,
MINI C S COUPE,CHILLI,2013,????,,,,,,,,,,,,,,,,,,,,,,,,
MINI C S COUPE,CHILLI,2014,????,,,,,,,,,,,,,,,,,,,,,,,,
MINI C S COUPE,CHILLI,2014,????,,,,,,,,,,,,,,,,,,,,,,,,
MINI C S COUPE,CHILLI,2015,????,,,,,,,,,,,,,,,,,,,,,,,,
MINI COOP S CAB,CHILLI,2012,???????,,,,,,,,,,,,,,,,,,,,,,,,
MINI COOP S CAB,CHILLI,2013,???????,,,,,,,,,,,,,,,,,,,,,,,,
MINI COOP S CAB,CHILLI,2014,???????,,,,,,,,,,,,,,,,,,,,,,,,
MINI COOP S CAB,CHILLI,2015,???????,,,,,,,,,,,,,,,,,,,,,,,,
MINI COOP S CAB,CHILLI,2016,???????,,,,,,,,,,,,,,,,,,,,,,,,
MINI COOP S CAB,PEPPER,2012,???????,,,,,,,,,,,,,,,,,,,,,,,,
MINI COOP S CAB,PEPPER,2013,???????,,,,,,,,,,,,,,,,,,,,,,,,
MINI COOP S CAB,PEPPER,2013,???????,,,,,,,,,,,,,,,,,,,,,,,,
MINI COOP S CAB,PEPPER,2014,???????,,,,,,,,,,,,,,,,,,,,,,,,
MINI COOP S CAB,PEPPER,2015,???????,,,,,,,,,,,,,,,,,,,,,,,,
MINI COOP S CAB,,2011,???????,,,,,,,,,,,,,,,,,,,,,,,,
MINI COOP S CAB,,2012,???????,,,,,,,,,,,,,,,,,,,,,,,,
MINI COOPER,,2005,???????,,,,,,,,,,,,,,,,,,,,,,,,
MINI COOPER,,2006,???????,,,,,,,,,,,,,,,,,,,,,,,,
MINI COOPER,,2007,???????,,,,,,,,,,,,,,,,,,,,,,,,
MINI COOPER,,2005,???????,,,,,,,,,,,,,,,,,,,,,,,,
MINI COOPER,,2006,???????,,,,,,,,,,,,,,,,,,,,,,,,
MINI COOPER,,2007,???????,,,,,,,,,,,,,,,,,,,,,,,,
MINI COOPER,,2007,???????,,,,,,,,,,,,,,,,,,,,,,,,
MINI COOPER,,2007,???????,,,,,,,,,,,,,,,,,,,,,,,,
MINI COOPER,,2007,???????,,,,,,,,,,,,,,,,,,,,,,,,
MINI COOPER,,2008,???????,,,,,,,,,,,,,,,,,,,,,,,,
MINI COOPER,,2009,???????,,,,,,,,,,,,,,,,,,,,,,,,
MINI COOPER,,2007,???????,,,,,,,,,,,,,,,,,,,,,,,,
MINI COOPER,,2008,???????,,,,,,,,,,,,,,,,,,,,,,,,
MINI COOPER,,2009,???????,,,,,,,,,,,,,,,,,,,,,,,,
MINI COOPER CAB,CHILLI,2012,???????,,,,,,,,,,,,,,,,,,,,,,,,
MINI COOPER CAB,CHILLI,2013,???????,,,,,,,,,,,,,,,,,,,,,,,,
MINI COOPER CAB,PEPPER,2012,???????,,,,,,,,,,,,,,,,,,,,,,,,
MINI COOPER CAB,PEPPER,2013,???????,,,,,,,,,,,,,,,,,,,,,,,,
MINI COOPER CAB,PEPPER,2013,???????,,,,,,,,,,,,,,,,,,,,,,,,
MINI COOPER CAB,PEPPER,2014,???????,,,,,,,,,,,,,,,,,,,,,,,,
MINI COOPER CAB,PEPPER,2015,???????,,,,,,,,,,,,,,,,,,,,,,,,
MINI COOPER CAB,CHILLI,2013,???????,,,,,,,,,,,,,,,,,,,,,,,,
MINI COOPER CAB,CHILLI,2014,???????,,,,,,,,,,,,,,,,,,,,,,,,
MINI COOPER CAB,CHILLI,2015,???????,,,,,,,,,,,,,,,,,,,,,,,,
MINI COOPER CAB,,2009,???????,,,,,,,,,,,,,,,,,,,,,,,,
MINI COOPER CAB,,2010,???????,,,,,,,,,,,,,,,,,,,,,,,,
MINI COOPER CAB,,2010,???????,,,,,,,,,,,,,,,,,,,,,,,,
MINI COOPER CAB,,2011,???????,,,,,,,,,,,,,,,,,,,,,,,,
MINI COOPER CAB,,2012,???????,,,,,,,,,,,,,,,,,,,,,,,,
MINI COOPER S,,2004,???????,,,,,,,,,,,,,,,,,,,,,,,,
MINI COOPER S,,2006,???????,,,,,,,,,,,,,,,,,,,,,,,,
MINI COOPER S,,2007,???????,,,,,,,,,,,,,,,,,,,,,,,,
MINI COOPER S,,2006,???????,,,,,,,,,,,,,,,,,,,,,,,,
MINI COOPER S,,2007,???????,,,,,,,,,,,,,,,,,,,,,,,,
MINI COOPER S,,2007,???????,,,,,,,,,,,,,,,,,,,,,,,,
MINI COOPER S,,2008,???????,,,,,,,,,,,,,,,,,,,,,,,,
MINI COOPER S,,2009,???????,,,,,,,,,,,,,,,,,,,,,,,,
MINI COOPER S,,2007,???????,,,,,,,,,,,,,,,,,,,,,,,,
MINI COOPER S,,2008,???????,,,,,,,,,,,,,,,,,,,,,,,,
MINI COOPER S,,2009,???????,,,,,,,,,,,,,,,,,,,,,,,,
MINI COOPER S,,2007,???????,,,,,,,,,,,,,,,,,,,,,,,,
MINI COOPER S C,CHILLI,2012,???????,,,,,,,,,,,,,,,,,,,,,,,,
MINI COOPER S C,PEPPER,2014,???????,,,,,,,,,,,,,,,,,,,,,,,,
MINI COOPER S C,PEPPER,2015,???????,,,,,,,,,,,,,,,,,,,,,,,,
MINI COOPER S C,PEPPER,2015,????,,,,,,,,,,,,,,,,,,,,,,,,
MINI COPPER S C,,2010,???????,,,,,,,,,,,,,,,,,,,,,,,,
MINI COPPER S C,,2011,???????,,,,,,,,,,,,,,,,,,,,,,,,
MINI COUPE,PEPPER,2012,????,,,,,,,,,,,,,,,,,,,,,,,,
MINI COUPE,PEPPER,2013,????,,,,,,,,,,,,,,,,,,,,,,,,
MINI COUPE,CHILLI,2012,????,,,,,,,,,,,,,,,,,,,,,,,,
MINI COUPE,CHILLI,2013,????,,,,,,,,,,,,,,,,,,,,,,,,
MINI JCW CABRIO,CHILLI,2014,???????,,,,,,,,,,,,,,,,,,,,,,,,
MINI JCW COUPE,CHILLI,2013,????,,,,,,,,,,,,,,,,,,,,,,,,
MINI JCW COUPE,CHILLI,2013,????,,,,,,,,,,,,,,,,,,,,,,,,
MINI JCW COUPE,CHILLI,2013,????,,,,,,,,,,,,,,,,,,,,,,,,
MINI JCW COUPE,CHILLI,2014,????,,,,,,,,,,,,,,,,,,,,,,,,
MINI JCW ROAD,CHILLI,2013,???????,,,,,,,,,,,,,,,,,,,,,,,,
MINI JCW ROAD,CHILLI,2013,???????,,,,,,,,,,,,,,,,,,,,,,,,
MINI JCW ROAD,CHILLI,2014,???????,,,,,,,,,,,,,,,,,,,,,,,,
MINI JCW ROAD,CHILLI,2015,???????,,,,,,,,,,,,,,,,,,,,,,,,
MINI ROADSTER,PEPPER,2012,???????,,,,,,,,,,,,,,,,,,,,,,,,
MINI ROADSTER,PEPPER,2013,???????,,,,,,,,,,,,,,,,,,,,,,,,
MINI ROADSTER,PEPPER,2014,???????,,,,,,,,,,,,,,,,,,,,,,,,
MINI ROADSTER,CHILLI,2012,???????,,,,,,,,,,,,,,,,,,,,,,,,
MINI ROADSTER,CHILLI,2013,???????,,,,,,,,,,,,,,,,,,,,,,,,
MINI ROADSTER,PEPPER,2012,???????,,,,,,,,,,,,,,,,,,,,,,,,
MINI ROADSTER,PEPPER,2013,???????,,,,,,,,,,,,,,,,,,,,,,,,
MINI ROADSTER,PEPPER,2014,???????,,,,,,,,,,,,,,,,,,,,,,,,
MINI ROADSTER,CHILLI,2013,???????,,,,,,,,,,,,,,,,,,,,,,,,
MINI S ROADSTER,PEPPER,2012,???????,,,,,,,,,,,,,,,,,,,,,,,,
MINI S ROADSTER,PEPPER,2013,???????,,,,,,,,,,,,,,,,,,,,,,,,
MINI S ROADSTER,CHILLI,2012,???????,,,,,,,,,,,,,,,,,,,,,,,,
MINI S ROADSTER,CHILLI,2013,???????,,,,,,,,,,,,,,,,,,,,,,,,
MINI S ROADSTER,CHILLI,2014,???????,,,,,,,,,,,,,,,,,,,,,,,,
MINI S ROADSTER,CHILLI,2015,???????,,,,,,,,,,,,,,,,,,,,,,,,
Z4,,2004,???????,,,,,,,,,,,,,,,,,,,,,,,,
Z4,,2004,???????,,,,,,,,,,,,,,,,,,,,,,,,
Z4,,2005,???????,,,,,,,,,,,,,,,,,,,,,,,,
Z4,,2004,???????,,,,,,,,,,,,,,,,,,,,,,,,
Z4,,2004,???????,,,,,,,,,,,,,,,,,,,,,,,,
Z4,,2005,???????,,,,,,,,,,,,,,,,,,,,,,,,
Z4 2.2 I,,2004,???????,,,,,,,,,,,,,,,,,,,,,,,,
Z4 2.2 I,,2005,???????,,,,,,,,,,,,,,,,,,,,,,,,
Z4 2.5I,,2006,???????,,,,,,,,,,,,,,,,,,,,,,,,
Z4 2.5SI,,2007,???????,,,,,,,,,,,,,,,,,,,,,,,,
Z4 3.0 SI,,2006,???????,,,,,,,,,,,,,,,,,,,,,,,,
Z4 3.0 SI,,2007,????,,,,,,,,,,,,,,,,,,,,,,,,
Z4 3.0 SI,,2007,????,,,,,,,,,,,,,,,,,,,,,,,,
Z4 M40I,M- PERFORMAN,2019,???????,,,,,,,,,,,,,,,,,,,,,,,,
Z4 M40I,M- PERFORMAN,2020,???????,,,,,,,,,,,,,,,,,,,,,,,,
Z4 M40I,M- PERFORMAN,2019,???????,,,,,,,,,,,,,,,,,,,,,,,,
Z4 M40I,M- PERFORMAN,2020,???????,,,,,,,,,,,,,,,,,,,,,,,,
Z4 M40I,M- PERFORMAN,2021,???????,,,,,,,,,,,,,,,,,,,,,,,,
Z4 M40I,M PERFORMANC,2020,???????,,,,,,,,,,,,,,,,,,,,,,,,
Z4 M40I,M40I,2021,???????,,,,,,,,,,,,,,,,,,,,,,,,
Z4 M40I,M40I,2021,???????,,,,,,,,,,,,,,,,,,,,,,,,
Z4 M40I,M- PERFORMAN,2021,???????,,,,,,,,,,,,,,,,,,,,,,,,
Z4 M40I,M- PERFORMAN,2022,???????,,,,,,,,,,,,,,,,,,,,,,,,
Z4 M40I,M PERFORMANC,2021,???????,,,,,,,,,,,,,,,,,,,,,,,,
Z4 M40I,SPORT,2021,???????,,,,,,,,,,,,,,,,,,,,,,,,
Z4 M40I,SPORT,2022,???????,,,,,,,,,,,,,,,,,,,,,,,,
Z4 M40I,M PERFORMANC,2021,???????,,,,,,,,,,,,,,,,,,,,,,,,
Z4 M40I,M PERFORMANC,2022,???????,,,,,,,,,,,,,,,,,,,,,,,,
Z4 M40I,M PERFORMANC,2021,???????,,,,,,,,,,,,,,,,,,,,,,,,
Z4 M40I,M PERFORMANC,2022,???????,,,,,,,,,,,,,,,,,,,,,,,,
Z4 M40I,M PERFORMENC,2021,???????,,,,,,,,,,,,,,,,,,,,,,,,
Z4 M40I,M PERFORMENC,2022,???????,,,,,,,,,,,,,,,,,,,,,,,,
Z4 M40I,M- PERFORMAN,2022,???????,,,,,,,,,,,,,,,,,,,,,,,,
Z4 M40I,M PERFORMANC,2022,???????,,,,,,,,,,,,,,,,,,,,,,,,
Z4 M40I,M PERFORMENC,2022,???????,,,,,,,,,,,,,,,,,,,,,,,,
Z4 M40I,M PERFORMANC,2022,???????,,,,,,,,,,,,,,,,,,,,,,,,
Z4 SDRIVE 20I,LUXURY,2012,???????,,,,,,,,,,,,,,,,,,,,,,,,
Z4 SDRIVE 20I,LUXURY,2013,???????,,,,,,,,,,,,,,,,,,,,,,,,
Z4 SDRIVE 20I,,2014,???????,,,,,,,,,,,,,,,,,,,,,,,,
Z4 SDRIVE 20I,SPORT,2019,???????,,,,,,,,,,,,,,,,,,,,,,,,
Z4 SDRIVE 20I,SPORT,2020,???????,,,,,,,,,,,,,,,,,,,,,,,,
Z4 SDRIVE 20I,SPORT,2019,???????,,,,,,,,,,,,,,,,,,,,,,,,
Z4 SDRIVE 20I,SPORT,2020,???????,,,,,,,,,,,,,,,,,,,,,,,,
Z4 SDRIVE 20I,SPORT,2019,???????,,,,,,,,,,,,,,,,,,,,,,,,
Z4 SDRIVE 20I,SPORT,2020,???????,,,,,,,,,,,,,,,,,,,,,,,,
Z4 SDRIVE 20I,SPORT,2019,???????,,,,,,,,,,,,,,,,,,,,,,,,
Z4 SDRIVE 20I,SPORT,2020,???????,,,,,,,,,,,,,,,,,,,,,,,,
Z4 SDRIVE 20I,SPORT LINE,2020,???????,,,,,,,,,,,,,,,,,,,,,,,,
Z4 SDRIVE 20I,SPORT,2020,???????,,,,,,,,,,,,,,,,,,,,,,,,
Z4 SDRIVE 20I,SPORT,2021,???????,,,,,,,,,,,,,,,,,,,,,,,,
Z4 SDRIVE 20I,SPORT,2022,???????,,,,,,,,,,,,,,,,,,,,,,,,
Z4 SDRIVE 20I,M SPORT,2020,???????,,,,,,,,,,,,,,,,,,,,,,,,
Z4 SDRIVE 20I,M SPORT,2021,???????,,,,,,,,,,,,,,,,,,,,,,,,
Z4 SDRIVE 20I,M SPORT,2021,???????,,,,,,,,,,,,,,,,,,,,,,,,
Z4 SDRIVE 20I,S DRIVE 2 0I,2021,???????,,,,,,,,,,,,,,,,,,,,,,,,
Z4 SDRIVE 20I,M SPORT,2021,???????,,,,,,,,,,,,,,,,,,,,,,,,
Z4 SDRIVE 20I,M SPORT,2022,???????,,,,,,,,,,,,,,,,,,,,,,,,
Z4 SDRIVE 20I,SPORT,2022,???????,,,,,,,,,,,,,,,,,,,,,,,,
Z4 SDRIVE 20I,SDRIVE 20I,2022,???????,,,,,,,,,,,,,,,,,,,,,,,,
Z4 SDRIVE 20I,M SPORT,2022,???????,,,,,,,,,,,,,,,,,,,,,,,,
Z4 SDRIVE 20I,M SPORT,2022,???????,,,,,,,,,,,,,,,,,,,,,,,,
Z4 SDRIVE 20I,M SPORT,2022,???????,,,,,,,,,,,,,,,,,,,,,,,,
Z4 SDRIVE 20I,M SPORT,2022,???????,,,,,,,,,,,,,,,,,,,,,,,,
Z4 SDRIVE 20I,M SPORT,2022,???????,,,,,,,,,,,,,,,,,,,,,,,,
Z4 SDRIVE 20I,M SHADOW,2022,???????,,,,,,,,,,,,,,,,,,,,,,,,
Z4 SDRIVE 23I,,2009,???????,,,,,,,,,,,,,,,,,,,,,,,,
Z4 SDRIVE 23I,,2010,???????,,,,,,,,,,,,,,,,,,,,,,,,
Z4 SDRIVE 23I,,2011,???????,,,,,,,,,,,,,,,,,,,,,,,,
Z4 SDRIVE 28I,LUXURY,2012,???????,,,,,,,,,,,,,,,,,,,,,,,,
Z4 SDRIVE 28I,LUXURY,2012,???????,,,,,,,,,,,,,,,,,,,,,,,,
Z4 SDRIVE 28I,LUXURY,2013,???????,,,,,,,,,,,,,,,,,,,,,,,,
Z4 SDRIVE 28I,,2013,???????,,,,,,,,,,,,,,,,,,,,,,,,
Z4 SDRIVE 28I,,2014,???????,,,,,,,,,,,,,,,,,,,,,,,,
Z4 SDRIVE 28I,,2015,???????,,,,,,,,,,,,,,,,,,,,,,,,
Z4 SDRIVE 28I,S,2015,???????,,,,,,,,,,,,,,,,,,,,,,,,
Z4 SDRIVE 28I,S,2016,???????,,,,,,,,,,,,,,,,,,,,,,,,
Z4 SDRIVE 3.0I,,2009,???????,,,,,,,,,,,,,,,,,,,,,,,,
Z4 SDRIVE 3.0I,,2010,???????,,,,,,,,,,,,,,,,,,,,,,,,
Z4 SDRIVE 3.0I,,2011,???????,,,,,,,,,,,,,,,,,,,,,,,,
Z4 SDRIVE 30I,M-SPORT,2019,???????,,,,,,,,,,,,,,,,,,,,,,,,
Z4 SDRIVE 30I,M-SPORT,2020,???????,,,,,,,,,,,,,,,,,,,,,,,,
Z4 SDRIVE 30I,M-SPORT,2021,???????,,,,,,,,,,,,,,,,,,,,,,,,
Z4 SDRIVE 30I,M-SPORT,2021,???????,,,,,,,,,,,,,,,,,,,,,,,,
Z4 SDRIVE 30I,M-SPORT,2022,???????,,,,,,,,,,,,,,,,,,,,,,,,
Z4 SDRIVE 30I,M SPORT,2021,???????,,,,,,,,,,,,,,,,,,,,,,,,
Z4 SDRIVE 30I,M SPORT,2022,???????,,,,,,,,,,,,,,,,,,,,,,,,
Z4 SDRIVE 30I,M-SPORT,2022,???????,,,,,,,,,,,,,,,,,,,,,,,,
Z4 SDRIVE 30I,M SPORT,2022,???????,,,,,,,,,,,,,,,,,,,,,,,,
Z4 SDRIVE 35I,LUXURY,2012,???????,,,,,,,,,,,,,,,,,,,,,,,,
Z4 SDRIVE 35I,LUXURY,2013,???????,,,,,,,,,,,,,,,,,,,,,,,,
Z4 SDRIVE 35I,,2015,???????,,,,,,,,,,,,,,,,,,,,,,,,
Z4 SDRIVE 35I,S,2016,???????,,,,,,,,,,,,,,,,,,,,,,,,
Z4 SDRIVE 35I,,2009,???????,,,,,,,,,,,,,,,,,,,,,,,,
Z4 SDRIVE 35I,,2010,???????,,,,,,,,,,,,,,,,,,,,,,,,
Z4 SDRIVE 35I,,2011,???????,,,,,,,,,,,,,,,,,,,,,,,,
Z4 SDRIVE 35I,,2012,???????,,,,,,,,,,,,,,,,,,,,,,,,
Z4 SDRIVE 35I,,2013,???????,,,,,,,,,,,,,,,,,,,,,,,,
Z4 SDRIVE20I,SPORT,2020,???????,,,,,,,,,,,,,,,,,,,,,,,,
Z4 SDRIVE20I,SPORT,2021,???????,,,,,,,,,,,,,,,,,,,,,,,,
Z4 SDRIVE20I,SPORT,2020,???????,,,,,,,,,,,,,,,,,,,,,,,,
Z4 SDRIVE20I,ROADSTER,2020,???????,,,,,,,,,,,,,,,,,,,,,,,,
ZM85,,2007,???????,,,,,,,,,,,,,,,,,,,,,,,,
ZM85,,2007,???????,,,,,,,,,,,,,,,,,,,,,,,,
,,,,,,,,,,,,,,,,,,,,,,,,,,,
,,,,,,,,,,,,,,,,,,,,,,,,,,,
,,,,,,,,,,,,,,,,,,,,,,,,,,,
,,,,,,,,,,,,,,,,,,,,,,,,,,,
,,,,,,,,,,,,,,,,,,,,,,,,,,,
,,,,,,,,,,,,,,,,,,,,,,,,,,,
,,,,,,,,,,,,,,,,,,,,,,,,,,,
,,,,,,,,,,,,,,,,,,,,,,,,,,,
,,,,,,,,,,,,,,,,,,,,,,,,,,,
,,,,,,,,,,,,,,,,,,,,,,,,,,,
,,,,,,,,,,,,,,,,,,,,,,,,,,,
,,,,,,,,,,,,,,,,,,,,,,,,,,,
,,,,,,,,,,,,,,,,,,,,,,,,,,,
,,,,,,,,,,,,,,,,,,,,,,,,,,,
,,,,,,,,,,,,,,,,,,,,,,,,,,,
,,,,,,,,,,,,,,,,,,,,,,,,,,,
,,,,,,,,,,,,,,,,,,,,,,,,,,,
,,,,,,,,,,,,,,,,,,,,,,,,,,,
,,,,,,,,,,,,,,,,,,,,,,,,,,,
,,,,,,,,,,,,,,,,,,,,,,,,,,,
,,,,,,,,,,,,,,,,,,,,,,,,,,,
,,,,,,,,,,,,,,,,,,,,,,,,,,,
,,,,,,,,,,,,,,,,,,,,,,,,,,,
,,,,,,,,,,,,,,,,,,,,,,,,,,,
,,,,,,,,,,,,,,,,,,,,,,,,,,,
,,,,,,,,,,,,,,,,,,,,,,,,,,,
,,,,,,,,,,,,,,,,,,,,,,,,,,,
,,,,,,,,,,,,,,,,,,,,,,,,,,,
,,,,,,,,,,,,,,,,,,,,,,,,,,,
,,,,,,,,,,,,,,,,,,,,,,,,,,,
,,,,,,,,,,,,,,,,,,,,,,,,,,,
,,,,,,,,,,,,,,,,,,,,,,,,,,,
,,,,,,,,,,,,,,,,,,,,,,,,,,,
,,,,,,,,,,,,,,,,,,,,,,,,,,,
,,,,,,,,,,,,,,,,,,,,,,,,,,,
,,,,,,,,,,,,,,,,,,,,,,,,,,,
,,,,,,,,,,,,,,,,,,,,,,,,,,,
,,,,,,,,,,,,,,,,,,,,,,,,,,,
,,,,,,,,,,,,,,,,,,,,,,,,,,,
,,,,,,,,,,,,,,,,,,,,,,,,,,,
,,,,,,,,,,,,,,,,,,,,,,,,,,,
,,,,,,,,,,,,,,,,,,,,,,,,,,,
,,,,,,,,,,,,,,,,,,,,,,,,,,,
,,,,,,,,,,,,,,,,,,,,,,,,,,,
,,,,,,,,,,,,,,,,,,,,,,,,,,,
,,,,,,,,,,,,,,,,,,,,,,,,,,,
,,,,,,,,,,,,,,,,,,,,,,,,,,,
,,,,,,,,,,,,,,,,,,,,,,,,,,,
,,,,,,,,,,,,,,,,,,,,,,,,,,,
,,,,,,,,,,,,,,,,,,,,,,,,,,,
,,,,,,,,,,,,,,,,,,,,,,,,,,,
,,,,,,,,,,,,,,,,,,,,,,,,,,,
,,,,,,,,,,,,,,,,,,,,,,,,,,,
,,,,,,,,,,,,,,,,,,,,,,,,,,,
,,,,,,,,,,,,,,,,,,,,,,,,,,,
,,,,,,,,,,,,,,,,,,,,,,,,,,,
,,,,,,,,,,,,,,,,,,,,,,,,,,,
,,,,,,,,,,,,,,,,,,,,,,,,,,,
,,,,,,,,,,,,,,,,,,,,,,,,,,,
,,,,,,,,,,,,,,,,,,,,,,,,,,,
,,,,,,,,,,,,,,,,,,,,,,,,,,,
,,,,,,,,,,,,,,,,,,,,,,,,,,,
,,,,,,,,,,,,,,,,,,,,,,,,,,,
,,,,,,,,,,,,,,,,,,,,,,,,,,,
,,,,,,,,,,,,,,,,,,,,,,,,,,,
,,,,,,,,,,,,,,,,,,,,,,,,,,,
,,,,,,,,,,,,,,,,,,,,,,,,,,,
,,,,,,,,,,,,,,,,,,,,,,,,,,,
,,,,,,,,,,,,,,,,,,,,,,,,,,,
,,,,,,,,,,,,,,,,,,,,,,,,,,,
,,,,,,,,,,,,,,,,,,,,,,,,,,,
,,,,,,,,,,,,,,,,,,,,,,,,,,,
,,,,,,,,,,,,,,,,,,,,,,,,,,,
,,,,,,,,,,,,,,,,,,,,,,,,,,,
,,,,,,,,,,,,,,,,,,,,,,,,,,,
,,,,,,,,,,,,,,,,,,,,,,,,,,,
,,,,,,,,,,,,,,,,,,,,,,,,,,,
,,,,,,,,,,,,,,,,,,,,,,,,,,,
,,,,,,,,,,,,,,,,,,,,,,,,,,,
,,,,,,,,,,,,,,,,,,,,,,,,,,,
,,,,,,,,,,,,,,,,,,,,,,,,,,,
,,,,,,,,,,,,,,,,,,,,,,,,,,,
,,,,,,,,,,,,,,,,,,,,,,,,,,,
,,,,,,,,,,,,,,,,,,,,,,,,,,,
,,,,,,,,,,,,,,,,,,,,,,,,,,,
,,,,,,,,,,,,,,,,,,,,,,,,,,,
,,,,,,,,,,,,,,,,,,,,,,,,,,,
,,,,,,,,,,,,,,,,,,,,,,,,,,,
,,,,,,,,,,,,,,,,,,,,,,,,,,,
,,,,,,,,,,,,,,,,,,,,,,,,,,,
,,,,,,,,,,,,,,,,,,,,,,,,,,,
,,,,,,,,,,,,,,,,,,,,,,,,,,,
,,,,,,,,,,,,,,,,,,,,,,,,,,,
,,,,,,,,,,,,,,,,,,,,,,,,,,,
,,,,,,,,,,,,,,,,,,,,,,,,,,,
,,,,,,,,,,,,,,,,,,,,,,,,,,,
,,,,,,,,,,,,,,,,,,,,,,,,,,,
,,,,,,,,,,,,,,,,,,,,,,,,,,,
,,,,,,,,,,,,,,,,,,,,,,,,,,,
,,,,,,,,,,,,,,,,,,,,,,,,,,,
,,,,,,,,,,,,,,,,,,,,,,,,,,,
,,,,,,,,,,,,,,,,,,,,,,,,,,,
,,,,,,,,,,,,,,,,,,,,,,,,,,,
,,,,,,,,,,,,,,,,,,,,,,,,,,,
,,,,,,,,,,,,,,,,,,,,,,,,,,,
,,,,,,,,,,,,,,,,,,,,,,,,,,,
,,,,,,,,,,,,,,,,,,,,,,,,,,,
,,,,,,,,,,,,,,,,,,,,,,,,,,,
,,,,,,,,,,,,,,,,,,,,,,,,,,,
,,,,,,,,,,,,,,,,,,,,,,,,,,,
,,,,,,,,,,,,,,,,,,,,,,,,,,,
,,,,,,,,,,,,,,,,,,,,,,,,,,,
,,,,,,,,,,,,,,,,,,,,,,,,,,,
,,,,,,,,,,,,,,,,,,,,,,,,,,,
,,,,,,,,,,,,,,,,,,,,,,,,,,,
,,,,,,,,,,,,,,,,,,,,,,,,,,,
,,,,,,,,,,,,,,,,,,,,,,,,,,,
,,,,,,,,,,,,,,,,,,,,,,,,,,,
,,,,,,,,,,,,,,,,,,,,,,,,,,,
,,,,,,,,,,,,,,,,,,,,,,,,,,,
,,,,,,,,,,,,,,,,,,,,,,,,,,,
,,,,,,,,,,,,,,,,,,,,,,,,,,,
,,,,,,,,,,,,,,,,,,,,,,,,,,,
,,,,,,,,,,,,,,,,,,,,,,,,,,,
,,,,,,,,,,,,,,,,,,,,,,,,,,,
,,,,,,,,,,,,,,,,,,,,,,,,,,,
,,,,,,,,,,,,,,,,,,,,,,,,,,,
,,,,,,,,,,,,,,,,,,,,,,,,,,,
,,,,,,,,,,,,,,,,,,,,,,,,,,,
,,,,,,,,,,,,,,,,,,,,,,,,,,,
,,,,,,,,,,,,,,,,,,,,,,,,,,,
,,,,,,,,,,,,,,,,,,,,,,,,,,,
,,,,,,,,,,,,,,,,,,,,,,,,,,,
,,,,,,,,,,,,,,,,,,,,,,,,,,,
,,,,,,,,,,,,,,,,,,,,,,,,,,,
,,,,,,,,,,,,,,,,,,,,,,,,,,,
,,,,,,,,,,,,,,,,,,,,,,,,,,,
,,,,,,,,,,,,,,,,,,,,,,,,,,,
,,,,,,,,,,,,,,,,,,,,,,,,,,,
,,,,,,,,,,,,,,,,,,,,,,,,,,,
,,,,,,,,,,,,,,,,,,,,,,,,,,,
,,,,,,,,,,,,,,,,,,,,,,,,,,,
,,,,,,,,,,,,,,,,,,,,,,,,,,,
,,,,,,,,,,,,,,,,,,,,,,,,,,,
,,,,,,,,,,,,,,,,,,,,,,,,,,,
,,,,,,,,,,,,,,,,,,,,,,,,,,,
,,,,,,,,,,,,,,,,,,,,,,,,,,,
,,,,,,,,,,,,,,,,,,,,,,,,,,,
,,,,,,,,,,,,,,,,,,,,,,,,,,,
,,,,,,,,,,,,,,,,,,,,,,,,,,,
,,,,,,,,,,,,,,,,,,,,,,,,,,,
,,,,,,,,,,,,,,,,,,,,,,,,,,,
,,,,,,,,,,,,,,,,,,,,,,,,,,,
,,,,,,,,,,,,,,,,,,,,,,,,,,,
,,,,,,,,,,,,,,,,,,,,,,,,,,,
,,,,,,,,,,,,,,,,,,,,,,,,,,,
,,,,,,,,,,,,,,,,,,,,,,,,,,,
,,,,,,,,,,,,,,,,,,,,,,,,,,,
,,,,,,,,,,,,,,,,,,,,,,,,,,,
,,,,,,,,,,,,,,,,,,,,,,,,,,,
,,,,,,,,,,,,,,,,,,,,,,,,,,,
,,,,,,,,,,,,,,,,,,,,,,,,,,,
,,,,,,,,,,,,,,,,,,,,,,,,,,,
,,,,,,,,,,,,,,,,,,,,,,,,,,,
,,,,,,,,,,,,,,,,,,,,,,,,,,,
,,,,,,,,,,,,,,,,,,,,,,,,,,,
,,,,,,,,,,,,,,,,,,,,,,,,,,,
,,,,,,,,,,,,,,,,,,,,,,,,,,,
,,,,,,,,,,,,,,,,,,,,,,,,,,,
,,,,,,,,,,,,,,,,,,,,,,,,,,,
,,,,,,,,,,,,,,,,,,,,,,,,,,,
,,,,,,,,,,,,,,,,,,,,,,,,,,,
,,,,,,,,,,,,,,,,,,,,,,,,,,,
,,,,,,,,,,,,,,,,,,,,,,,,,,,
,,,,,,,,,,,,,,,,,,,,,,,,,,,
,,,,,,,,,,,,,,,,,,,,,,,,,,,
,,,,,,,,,,,,,,,,,,,,,,,,,,,
,,,,,,,,,,,,,,,,,,,,,,,,,,,
,,,,,,,,,,,,,,,,,,,,,,,,,,,
,,,,,,,,,,,,,,,,,,,,,,,,,,,
,,,,,,,,,,,,,,,,,,,,,,,,,,,
,,,,,,,,,,,,,,,,,,,,,,,,,,,
,,,,,,,,,,,,,,,,,,,,,,,,,,,
,,,,,,,,,,,,,,,,,,,,,,,,,,,
,,,,,,,,,,,,,,,,,,,,,,,,,,,
,,,,,,,,,,,,,,,,,,,,,,,,,,,
,,,,,,,,,,,,,,,,,,,,,,,,,,,
,,,,,,,,,,,,,,,,,,,,,,,,,,,
,,,,,,,,,,,,,,,,,,,,,,,,,,,
,,,,,,,,,,,,,,,,,,,,,,,,,,,
,,,,,,,,,,,,,,,,,,,,,,,,,,,
,,,,,,,,,,,,,,,,,,,,,,,,,,,
,,,,,,,,,,,,,,,,,,,,,,,,,,,
,,,,,,,,,,,,,,,,,,,,,,,,,,,
,,,,,,,,,,,,,,,,,,,,,,,,,,,
,,,,,,,,,,,,,,,,,,,,,,,,,,,
,,,,,,,,,,,,,,,,,,,,,,,,,,,
,,,,,,,,,,,,,,,,,,,,,,,,,,,
,,,,,,,,,,,,,,,,,,,,,,,,,,,
,,,,,,,,,,,,,,,,,,,,,,,,,,,
,,,,,,,,,,,,,,,,,,,,,,,,,,,
