make,model,ramat_gimur,fieldyear,fielddoors,fieldsitting,fieldprice,fieldgroupy,fieldcontinous_value,fieldguarantee,fieldchassis,fieldlaunch,fieldignition,fieldgearbox,fieldgear,fieldengine,fieldpiston,fieldcapacity,fieldpower,fieldloops,fieldmoment,fieldloopmoment,fieldacceleration,fieldspeed,fieldurban_consumption,fieldintercity_consumption,fieldconsumption,fieldelectricity_use,fieldbattery_capacity,fieldelectric_range,fieldhome_charging_time,fieldfast_charging_time,fieldpollution,fieldbreaking,fieldbrake,fieldairbag,fieldstability,fieldcenairbag,fieldizofix,fieldpressure_sensor,fieldbelt_warning,fieldautonomous_braking,fieldpedestrian_identification,fieldtwo_wheeler_identification,fieldadaptive_cruise_control,fieldlane_assist,fieldblind_spot,fieldrear_traffic,fieldrear_traffic_braking,fieldalert_fatigue,fieldhigh_beam_assist,fieldtraffic_sign_recognition,fieldcrossing_warning_open_door,fieldchild_rear_seat,fieldadditional_safety_equipment,fieldlength,fieldwidth,fieldheight,fieldwheel,fieldcargo,fieldchaircargo,fieldselfweight,fieldtowing_without_brakes,fieldtowing_with_brakes,fieldtire,fieldfuel,fieldaudio,fieldbluetooth,fielddisc_changer,fieldtouch_screen,fieldscreen_size,fieldgps,fieldaudio_connections,fieldconnectivity,fieldwireless_charging,fieldseat_screens,fieldwindows,fieldairconditioning,fieldsunroof,fieldhook,fieldrowing,fieldupholstery,fieldautochair,fieldhotchair,fieldmassage_seats,fieldlight,fieldfog,fieldrain,fielddark,fieldparking_sensors,fieldparking_camers,fieldautomatic_parking,fieldcomputer,fielddigital_cluster,fieldhead_up_display,fieldwithout_key,fieldfolding_mirrors,fieldinside_mirror,fieldleather,fieldheated_steering_wheel,fieldpaddle_shifters,fielddriving_mode,fieldstop_start,fieldelectric_handbrake,fieldambient_light,fieldhill_assist,fieldsuspension_dampers,fieldelectric_tailgate,fieldmore_equ,fieldprice_equ
קופרה,אטקה,,2020,5,5,--,6,6198,--,אחודה,2018,כפולה (4X4),אוטומטית - רובוטית כפולת מצמדים,7,טורבו בנזין,4,1984,300,5300,40.7,2000,4.9,247,11.2,15.3,13.5,--,--,--,--,--,14,14,ABS + EBD + BAS,7,יש,יש,יש,יש,יש,יש,יש,אין,יש,היגוי אקטיבי,התרעה בלבד,יש,אין,יש,אין,אין,אין,אין,--,436.3,184.1,161.1,262.8,485,--,1540,750,2100,245/40R19,55,מקורית + שליטה מההגה,יש,אין,יש,8,אין,USB,Android Auto + Apple CarPlay,יש,אין,4,בקרת אקלים + פתחי איוורור מאחור,גג שמש פנוראמי,יש,כולל שמירת מרחק,עור,יש - לנהג בלבד,מלפנים,אין,LED,אין,יש,יש,אחוריים + קדמיים,היקפיות + מבט על,יש,יש,יש,אין,כניסה + הנעה,יש,מראות פנים,יש,אין,יש,יש,יש,יש + Auto Hold,יש,אין,אדפטיביים,יש - ללא מגע,"מסילות גג, מושבי ספורט, מערכת שמע משודרגת Beats עם 9 רמקולים ונגן CD",חבילת Pro הכוללת מושבי באקט וחישוקים בעיצוב ייחודי
קופרה,אטקה,,2021,5,5,--,6,6198,--,אחודה,2018,כפולה (4X4),אוטומטית - רובוטית כפולת מצמדים,7,טורבו בנזין,4,1984,300,5300,40.8,2000,4.9,247,--,--,11.3,--,--,--,--,--,15,15,ABS + EBD + BAS,7,יש,יש,יש,יש,יש,יש,יש,אין,יש,היגוי אקטיבי,התרעה בלבד,יש,יש,יש,אין,אין,יש,אין,--,438.6,184.1,161.3,262.8,485,--,1626,750,2100,245/45R19,55,מקורית + שליטה מההגה,יש,אין,יש,9.2,אין,USB,Android Auto + Apple CarPlay,יש,אין,4,בקרת אקלים + פתחי איוורור מאחור,גג שמש פנוראמי,יש,כולל שמירת מרחק,בד משולב עור,אין,מלפנים,אין,LED,אין,יש,יש,אחוריים + קדמיים,היקפיות + מבט על,יש,יש,יש,אין,כניסה + הנעה,יש,מראות פנים,יש,אין,יש,יש,יש,יש + Auto Hold,יש,אין,אדפטיביים,יש - ללא מגע,"מסילות גג, מושבי באקט, מערכת שמע משודרגת Beats עם 9 רמקולים",חבילת Blue Blood הכוללת ריפוד עור כחול ומושב נהג חשמלי עם זכרונות וחימום במושבים הקדמיים. חישוקים מעוצבים בצבע נחושת
קופרה,פורמנטור,,2022,5,5,"259,900",6,6446,שנתיים + אופציה לשנה נוספת,--,2020,כפולה (4X4),אוטומטית - רובוטית כפולת מצמדים,7,טורבו בנזין,4,1984,310,5450,40.8,2000,4.9,250,--,--,11.6,--,--,--,--,--,14,14,ABS + EBD + BAS,10,יש,יש,יש,יש,יש,יש,יש,אין,יש,היגוי אקטיבי,התרעה בלבד,יש,אין,יש,אין,אין,יש,אין,--,445.0,183.9,152.8,267.9,420,--,1644,750,1800,245/40R19,55,מקורית + שליטה מההגה,יש,אין,יש,12,אין,USB,Android Auto + Apple CarPlay,יש,אין,4,בקרת אקלים + פתחי איוורור מאחור,גג שמש פנוראמי,יש,כולל שמירת מרחק,בד,אין,אין,אין,LED,יש,אין,יש,אחוריים + קדמיים,אחורית,יש,יש,יש,אין,כניסה + הנעה,יש,מראות פנים,הגה בלבד,אין,יש,יש,יש,יש + Auto Hold,יש,יש,אדפטיביים,יש - ללא מגע,"פסי גגון, בקרת אקלים עם 3 איזורים, מערכת שמע Beats עם 10 רמקולים וסאבוופר, מושבי באקט, מפלט כפול, קליפרים שחורים","חבילת Black Pearl הכוללת מושבי באקט בריפוד עור שחור, מושב נהג חשמלי כולל זכרונות, חימום במושבים. חבילת Blue Blood הכוללת בנוסף ריפוד עור כחול. חישוקים מעוצבים"
קופרה,פורמנטור,,2022,5,5,"175,900",5,4363,שנתיים + אופציה לשנה נוספת,אחודה,2020,קדמית,אוטומטית - רובוטית כפולת מצמדים,7,טורבו בנזין,4,1498,150,5000,25.5,1500,8.9,203,--,--,14.5,--,--,--,--,--,10,10,ABS + EBD + BAS,10,יש,יש,יש,יש,יש,יש,יש,אין,יש,היגוי אקטיבי,התרעה בלבד,יש,אין,יש,אין,אין,יש,אין,--,445.0,183.9,152.8,267.9,420,--,1463,730,1500,245/45R18,50,מקורית + שליטה מההגה,יש,אין,יש,10,אין,USB,Android Auto + Apple CarPlay,יש,אין,4,בקרת אקלים + פתחי איוורור מאחור,גג שמש פנוראמי,יש,כולל שמירת מרחק,בד,אין,אין,אין,LED,יש,אין,יש,אחוריים,אחורית,אין,יש,יש,אין,כניסה + הנעה,יש,מראות פנים,הגה בלבד,אין,יש,יש,יש,יש + Auto Hold,יש,אין,אדפטיביים,אין,"פסי גגון, בקרת אקלים עם 3 איזורים, מערכת שמע Beats עם 10 רמקולים וסאבוופר, מושבי ספורט","חבילת Silver Storm הכוללת מסך מולטימדיה 12 אינץ', תא מטען חשמלי או מצלמות 360, חישוקים מעוצבים. חבילת Black Pearl כוללת בנוסף מושבי באקט בריפוד עור שחור, מושב נהג חשמלי כולל זכרונות, חימום במושבים, חישוקי 19 אינץ'. חבילת Blue Blood הכוללת בנוסף ריפוד עור כחול. חישוקים מעוצבים"
קופרה,אטקה,,2022,5,5,"249,900",6,6198,שנתיים + אופציה לשנה נוספת,אחודה,2018,כפולה (4X4),אוטומטית - רובוטית כפולת מצמדים,7,טורבו בנזין,4,1984,300,5300,40.8,2000,4.9,247,--,--,11.3,--,--,--,--,--,15,15,ABS + EBD + BAS,7,יש,יש,יש,יש,יש,יש,יש,אין,יש,היגוי אקטיבי,התרעה בלבד,יש,יש,יש,אין,אין,יש,אין,--,438.6,184.1,161.3,262.8,485,--,1626,750,2100,245/45R19,55,מקורית + שליטה מההגה,יש,אין,יש,9.2,אין,USB,Android Auto + Apple CarPlay,יש,אין,4,בקרת אקלים + פתחי איוורור מאחור,גג שמש פנוראמי,יש,כולל שמירת מרחק,בד משולב עור,אין,מלפנים,אין,LED,אין,יש,יש,אחוריים + קדמיים,היקפיות + מבט על,יש,יש,יש,אין,כניסה + הנעה,יש,מראות פנים,יש,אין,יש,יש,יש,יש + Auto Hold,יש,אין,אדפטיביים,יש - ללא מגע,"מסילות גג, מושבי באקט, מערכת שמע משודרגת Beats עם 9 רמקולים",חבילת Blue Blood הכוללת ריפוד עור כחול ומושב נהג חשמלי עם זכרונות וחימום במושבים הקדמיים. חישוקים מעוצבים בצבע נחושת
קופרה,לאון,,2022,5,5,"239,900",6,5950,שנתיים + אופציה לשנה נוספת,--,2020,קדמית,אוטומטית - רובוטית כפולת מצמדים,7,טורבו בנזין,4,1984,300,5300,40.8,2000,5.7,250,--,--,13.1,--,--,--,--,--,15,15,ABS + EBD + BAS,10,יש,יש,יש,יש,יש,יש,יש,אין,יש,היגוי אקטיבי,התרעה בלבד,יש,יש,יש,אין,אין,יש,אין,--,439.8,179.9,144.2,267.9,380,--,1490,0.0,0.0,235/35R19,50,מקורית + שליטה מההגה,יש,אין,יש,10,אין,USB,Android Auto + Apple CarPlay,יש,אין,4,בקרת אקלים + פתחי איוורור מאחור,יש,יש,כולל שמירת מרחק,בד,אין,אין,אין,LED,יש,אין,אין,אחוריים + קדמיים,אחורית,יש,יש,יש,אין,כניסה + הנעה,אין,אין,הגה בלבד,אין,יש,יש,יש,יש + Auto Hold,יש,אין,אדפטיביים,אין,"קליפרים שחורים, בקרת אקלים עם 3 איזורים, מערכת שמע מבית Beats עם 9 רמקולים וסאבוופר, מושבי באקט","חבילת Silver Storm הכוללת מושב נהג חשמלי עם זכרונות, חימום מושבים, הגה מחומם, חישוקים מעוצבים. חבילת Black Pearl הכוללת בנוסף ריפוד עור שחור. חבילת Blue Blood הכוללת בנוסף ריפוד עור כחול. חצאיות צד, חישוקים מעוצבים."
סיאט,איביזה_קופרה,,2014,3,5,--,4,--,--,--,2009,קדמית,אוטומטית - רובוטית כפולת מצמדים,7,בנזין + טורבו + מגדש על,4,1390,180,6200,25.0,2000,6.9,228,13.3,19.6,16.9,--,--,--,--,--,8,8,ABS + EBD + BAS,6,יש,יש,יש,יש,יש,--,--,--,אין,--,--,--,--,--,--,--,--,--,--,405.5,169.3,142.0,246.9,236,1030,1184,--,--,215/40R17,45,מקורית + שליטה מההגה,יש,אין,אין,--,אין,AUX,--,--,אין,2,בקרת אקלים,יש,יש,יש,בד,אין,אין,--,בי קסנון עם מנגנון הפניה בסיבוב ,יש,יש,יש,אין,אין,אין,יש,--,--,אין,יש,מראות פנים,יש,--,--,--,--,--,--,--,--,--,--,--
סיאט,איביזה_קופרה,,2011,3,5,--,5,--,--,--,2009,קדמית,אוטומטית - רובוטית כפולת מצמדים,7,בנזין + טורבו + מגדש על,4,1390,180,6200,25.5,2000,7.2,225,--,--,15.6,--,--,--,--,--,5,5,ABS + EBD + BAS,6,יש,יש,יש,אין,--,--,--,--,אין,--,--,--,--,--,--,--,--,--,--,395.5,170.0,144.0,246.0,265,1030,1172,--,--,215/40R17,45,מקורית + שליטה מההגה,אין,אין,אין,--,אין,אין,--,--,אין,4,בקרת אקלים,אין,יש,ללא,בד,אין,אין,--,רגילים,יש,אין,אין,אין,אין,אין,יש,--,--,אין,יש,אין,אין,--,--,--,--,--,--,--,--,--,--,"גרסת בוקה נגרה (Bocanegra) מוגבלת הכוללת עיצוב חיצוני שונה ומושבים יחודיים - 10,000 שקלים"
סיאט,איביזה_קופרה,,2009,3,5,--,5,--,--,--,2009,קדמית,אוטומטית - רובוטית כפולת מצמדים,7,בנזין + טורבו + מגדש על,4,1390,180,6200,25.5,2000,7.2,225,--,--,15.6,--,--,--,--,--,5,5,ABS + EBD + BAS,6,יש,יש,יש,אין,--,--,--,--,אין,--,--,--,--,--,--,--,--,--,--,395.5,170.0,144.0,246.0,265,1030,1172,--,--,215/40R17,45,מקורית + שליטה מההגה,אין,אין,אין,--,אין,אין,--,--,אין,4,בקרת אקלים,אין,יש,ללא,בד,אין,אין,--,רגילים,יש,אין,אין,אין,אין,אין,יש,--,--,אין,יש,אין,אין,--,--,--,--,--,--,--,--,--,--,"גרסת בוקה נגרה (Bocanegra) מוגבלת הכוללת עיצוב חיצוני שונה ומושבים יחודיים - 10,000 שקלים"
סיאט,איביזה_קופרה,,2009,3,5,--,5,--,--,--,2009,קדמית,אוטומטית - רובוטית כפולת מצמדים,7,בנזין + טורבו + מגדש על,4,1390,180,6200,25.5,2000,7.2,225,--,--,15.6,--,--,--,--,--,5,5,ABS + EBD + BAS,6,יש,יש,יש,אין,--,--,--,--,אין,--,--,--,--,--,--,--,--,--,--,395.5,170.0,144.0,246.0,265,1030,1172,--,--,215/40R17,45,מקורית + שליטה מההגה,אין,אין,אין,--,אין,אין,--,--,אין,4,בקרת אקלים,אין,יש,ללא,בד,אין,אין,--,רגילים,יש,אין,אין,אין,אין,אין,יש,--,--,אין,יש,אין,אין,--,--,--,--,--,--,--,--,--,--,--
סיאט,איביזה_קופרה,,2010,3,5,--,5,--,--,--,2009,קדמית,אוטומטית - רובוטית כפולת מצמדים,7,בנזין + טורבו + מגדש על,4,1390,180,6200,25.5,2000,7.2,225,--,--,15.6,--,--,--,--,--,5,5,ABS + EBD + BAS,6,יש,יש,יש,אין,--,--,--,--,אין,--,--,--,--,--,--,--,--,--,--,395.5,170.0,144.0,246.0,265,1030,1172,--,--,215/40R17,45,מקורית + שליטה מההגה,אין,אין,אין,--,אין,אין,--,--,אין,4,בקרת אקלים,אין,יש,ללא,בד,אין,אין,--,רגילים,יש,אין,אין,אין,אין,אין,יש,--,--,אין,יש,אין,אין,--,--,--,--,--,--,--,--,--,--,--
סיאט,איביזה_קופרה,,2016,3,5,--,3,3396,--,--,2009,קדמית,ידנית,6,טורבו בנזין,4,1798,192,4300,32.6,1450,6.7,235,12.8,18.8,16.1,--,--,--,--,--,9,9,ABS + EBD + BAS,6,יש,יש,יש,יש,יש,--,--,--,אין,--,--,--,--,--,--,--,--,--,--,405.5,169.3,142.0,246.9,236,1030,1185,--,--,215/40R17,45,מקורית + שליטה מההגה,יש,אין,יש,--,אין,USB + AUX,--,--,אין,2,בקרת אקלים,יש,יש,יש,בד,אין,אין,--,"קסנון, כולל אור גבוה (בי-קסנון)",יש,יש,יש,אין,אין,אין,יש,--,--,אין,יש,מראות פנים,יש,--,--,--,--,--,--,--,--,--,--,--
סיאט,איביזה_קופרה,,2010,3,5,--,5,--,--,--,2009,קדמית,אוטומטית - רובוטית כפולת מצמדים,7,בנזין + טורבו + מגדש על,4,1390,180,6200,25.5,2000,7.2,225,--,--,15.6,--,--,--,--,--,5,5,ABS + EBD + BAS,6,יש,יש,יש,אין,--,--,--,--,אין,--,--,--,--,--,--,--,--,--,--,395.5,170.0,144.0,246.0,265,1030,1172,--,--,215/40R17,45,מקורית + שליטה מההגה,אין,אין,אין,--,אין,אין,--,--,אין,4,בקרת אקלים,אין,יש,ללא,בד,אין,אין,--,רגילים,יש,אין,אין,אין,אין,אין,יש,--,--,אין,יש,אין,אין,--,--,--,--,--,--,--,--,--,--,"גרסת בוקה נגרה (Bocanegra) מוגבלת הכוללת עיצוב חיצוני שונה ומושבים יחודיים - 10,000 שקלים"
סיאט,איביזה_קופרה,,2013,3,5,--,5,--,--,--,2009,קדמית,אוטומטית - רובוטית כפולת מצמדים,7,בנזין + טורבו + מגדש על,4,1390,180,6200,25.0,2000,6.9,228,13.3,19.6,16.9,--,--,--,--,--,8,8,ABS + EBD + BAS,6,יש,יש,יש,יש,יש,--,--,--,אין,--,--,--,--,--,--,--,--,--,--,405.5,169.3,142.0,246.9,236,1030,1184,--,--,215/40R17,45,מקורית + שליטה מההגה,יש,אין,אין,--,אין,AUX,--,--,אין,2,בקרת אקלים,יש,יש,יש,בד,אין,אין,--,בי קסנון עם מנגנון הפניה בסיבוב ,יש,יש,יש,אין,אין,אין,יש,--,--,אין,יש,מראות פנים,יש,--,--,--,--,--,--,--,--,--,--,--
סיאט,איביזה_קופרה,,2011,3,5,--,5,--,--,--,2009,קדמית,אוטומטית - רובוטית כפולת מצמדים,7,בנזין + טורבו + מגדש על,4,1390,180,6200,25.5,2000,7.2,225,--,--,15.6,--,--,--,--,--,5,5,ABS + EBD + BAS,6,יש,יש,יש,אין,--,--,--,--,אין,--,--,--,--,--,--,--,--,--,--,395.5,170.0,144.0,246.0,265,1030,1172,--,--,215/40R17,45,מקורית + שליטה מההגה,אין,אין,אין,--,אין,אין,--,--,אין,4,בקרת אקלים,אין,יש,ללא,בד,אין,אין,--,רגילים,יש,אין,אין,אין,אין,אין,יש,--,--,אין,יש,אין,אין,--,--,--,--,--,--,--,--,--,--,--
סיאט,איביזה_קופרה,,2012,3,5,--,5,--,--,--,2009,קדמית,אוטומטית - רובוטית כפולת מצמדים,7,בנזין + טורבו + מגדש על,4,1390,180,6200,25.5,2000,7.2,225,--,--,15.6,--,--,--,--,--,5,5,ABS + EBD + BAS,4,יש,יש,יש,יש,יש,--,--,--,אין,--,--,--,--,--,--,--,--,--,--,395.5,170.0,144.0,246.0,265,1030,1172,--,--,215/40R17,45,מקורית + שליטה מההגה,אין,אין,אין,--,אין,AUX,--,--,אין,2,בקרת אקלים,גג שמש פנוראמי,יש,יש,בד,אין,אין,--,רגילים,יש,יש,יש,אין,אין,אין,יש,--,--,אין,יש,מראות פנים,יש,--,--,--,--,--,--,--,--,--,--,"גרסת בוקה נגרה (Bocanegra) הכוללת עיצוב חיצוני שונה, גימורי קרבון ומושבים יחודיים "
סיאט,איביזה_קופרה,,2015,3,5,--,4,--,--,--,2009,קדמית,אוטומטית - רובוטית כפולת מצמדים,7,בנזין + טורבו + מגדש על,4,1390,180,6200,25.0,2000,6.9,228,13.3,19.6,16.9,--,--,--,--,--,11,11,ABS + EBD + BAS,6,יש,יש,יש,יש,יש,--,--,--,אין,--,--,--,--,--,--,--,--,--,--,405.5,169.3,142.0,246.9,236,1030,1184,--,--,215/40R17,45,מקורית + שליטה מההגה,יש,אין,אין,--,אין,AUX,--,--,אין,2,בקרת אקלים,יש,יש,יש,בד,אין,אין,--,בי קסנון עם מנגנון הפניה בסיבוב ,יש,יש,יש,אין,אין,אין,יש,--,--,אין,יש,מראות פנים,יש,--,--,--,--,--,--,--,--,--,--,--
קופרה,פורמנטור,,2021,5,5,--,5,4363,--,אחודה,2020,קדמית,אוטומטית - רובוטית כפולת מצמדים,7,טורבו בנזין,4,1498,150,5000,25.5,1500,8.9,203,--,--,14.5,--,--,--,--,--,10,10,ABS + EBD + BAS,10,יש,יש,יש,יש,יש,יש,יש,אין,יש,היגוי אקטיבי,התרעה בלבד,יש,אין,יש,אין,אין,יש,אין,--,445.0,183.9,152.8,267.9,420,--,1463,730,1500,245/45R18,50,מקורית + שליטה מההגה,יש,אין,יש,10,אין,USB,Android Auto + Apple CarPlay,יש,אין,4,בקרת אקלים + פתחי איוורור מאחור,גג שמש פנוראמי,יש,כולל שמירת מרחק,בד,אין,אין,אין,LED,יש,אין,יש,אחוריים,אחורית,אין,יש,יש,אין,כניסה + הנעה,יש,מראות פנים,הגה בלבד,אין,יש,יש,יש,יש + Auto Hold,יש,אין,אדפטיביים,אין,"פסי גגון, בקרת אקלים עם 3 איזורים, מערכת שמע Beats עם 10 רמקולים וסאבוופר, מושבי ספורט","חבילת Silver Storm הכוללת מסך מולטימדיה 12 אינץ', תא מטען חשמלי או מצלמות 360, חישוקים מעוצבים. חבילת Black Pearl כוללת בנוסף מושבי באקט בריפוד עור שחור, מושב נהג חשמלי כולל זכרונות, חימום במושבים, חישוקי 19 אינץ'. חבילת Blue Blood הכוללת בנוסף ריפוד עור כחול. חישוקים מעוצבים"
קופרה,פורמנטור,,2021,5,5,--,6,6446,--,--,2020,כפולה (4X4),אוטומטית - רובוטית כפולת מצמדים,7,טורבו בנזין,4,1984,310,5450,40.8,2000,4.9,250,--,--,11.6,--,--,--,--,--,14,14,ABS + EBD + BAS,10,יש,יש,יש,יש,יש,יש,יש,אין,יש,היגוי אקטיבי,התרעה בלבד,יש,אין,יש,אין,אין,יש,אין,--,445.0,183.9,152.8,267.9,420,--,1644,750,1800,245/40R19,55,מקורית + שליטה מההגה,יש,אין,יש,12,אין,USB,Android Auto + Apple CarPlay,יש,אין,4,בקרת אקלים + פתחי איוורור מאחור,גג שמש פנוראמי,יש,כולל שמירת מרחק,בד,אין,אין,אין,LED,יש,אין,יש,אחוריים + קדמיים,אחורית,יש,יש,יש,אין,כניסה + הנעה,יש,מראות פנים,הגה בלבד,אין,יש,יש,יש,יש + Auto Hold,יש,יש,אדפטיביים,יש - ללא מגע,"פסי גגון, בקרת אקלים עם 3 איזורים, מערכת שמע Beats עם 10 רמקולים וסאבוופר, מושבי באקט, מפלט כפול, קליפרים שחורים","חבילת Black Pearl הכוללת מושבי באקט בריפוד עור שחור, מושב נהג חשמלי כולל זכרונות, חימום במושבים. חבילת Blue Blood הכוללת בנוסף ריפוד עור כחול. חישוקים מעוצבים"
קופרה,לאון,,2021,5,5,--,6,5950,--,--,2020,קדמית,אוטומטית - רובוטית כפולת מצמדים,7,טורבו בנזין,4,1984,300,5300,40.8,2000,5.7,250,--,--,13.1,--,--,--,--,--,15,15,ABS + EBD + BAS,10,יש,יש,יש,יש,יש,יש,יש,אין,יש,היגוי אקטיבי,התרעה בלבד,יש,יש,יש,אין,אין,יש,אין,--,439.8,179.9,144.2,267.9,380,--,1490,0.0,0.0,235/35R19,50,מקורית + שליטה מההגה,יש,אין,יש,10,אין,USB,Android Auto + Apple CarPlay,יש,אין,4,בקרת אקלים + פתחי איוורור מאחור,יש,יש,כולל שמירת מרחק,בד,אין,אין,אין,LED,יש,אין,אין,אחוריים + קדמיים,אחורית,יש,יש,יש,אין,כניסה + הנעה,אין,אין,הגה בלבד,אין,יש,יש,יש,יש + Auto Hold,יש,אין,אדפטיביים,אין,"קליפרים שחורים, בקרת אקלים עם 3 איזורים, מערכת שמע מבית Beats עם 9 רמקולים וסאבוופר, מושבי באקט","חבילת Silver Storm הכוללת מושב נהג חשמלי עם זכרונות, חימום מושבים, הגה מחומם, חישוקים מעוצבים. חבילת Black Pearl הכוללת בנוסף ריפוד עור שחור. חבילת Blue Blood הכוללת בנוסף ריפוד עור כחול. חצאיות צד, חישוקים מעוצבים."
סיאט,לאון_קופרה,,2016,5,5,--,6,--,--,--,2014,קדמית,אוטומטית - רובוטית כפולת מצמדים,6,טורבו בנזין,4,1984,290,5900,35.7,1700,5.7,250,11.7,18.2,15.1,--,--,--,--,--,10,10,ABS + EBD + BAS,9,יש,יש,יש,יש,יש,אין,אין,אין,אין,אין,אין,אין,אין,יש,אין,אין,אין,אין,מערכת למניעת תאונות משניות,426.3,181.6,145.9,261.8,380,1210,1346,0.0,0.0,235/35R19,50,מקורית + שליטה מההגה,יש,אין,יש,6.5,אין,USB + AUX,Android Auto + Apple CarPlay,אין,אין,4,בקרת אקלים מפוצלת,גג שמש פנוראמי,יש,יש,בד משולב עור,אין,אין,אין,LED,אין,יש,יש,אחוריים + קדמיים,אין,אין,יש,אין,אין,אין,יש,מראות פנים,יש,אין,יש,יש,יש,אין,אין,אין,אדפטיביים,אין,"מערכת דיפרנציאל קדמי, מערכת שלדה אדפטיבית, דוושות אלומיניום, ספוילר אחורי",מושבי ספורט
סיאט,לאון_קופרה,,2016,3,5,--,6,--,--,--,2014,קדמית,אוטומטית - רובוטית כפולת מצמדים,6,טורבו בנזין,4,1984,290,5900,35.7,1700,5.6,250,12,18.5,15.4,--,--,--,--,--,9,9,ABS + EBD + BAS,7,יש,יש,יש,יש,יש,אין,אין,אין,אין,אין,אין,אין,אין,יש,אין,אין,אין,אין,מערכת למניעת תאונות משניות,422.8,181.0,144.6,258.3,380,--,1320,0.0,0.0,235/35R19,50,מקורית + שליטה מההגה,יש,אין,יש,6.5,אין,USB + AUX,Android Auto + Apple CarPlay,אין,אין,2,בקרת אקלים מפוצלת,גג שמש פנוראמי,יש,יש,בד משולב עור,אין,אין,אין,LED,אין,יש,יש,אחוריים + קדמיים,אין,אין,יש,אין,אין,אין,יש,מראות פנים,יש,אין,יש,יש,יש,אין,אין,אין,אדפטיביים,אין,"מערכת דיפרנציאל קדמי, מערכת שלדה אדפטיבית, דוושות אלומיניום, ספוילר אחורי",מושבי ספורט
סיאט,לאון_קופרה,,2019,5,5,--,6,--,--,--,2014,קדמית,אוטומטית - רובוטית כפולת מצמדים,7,טורבו בנזין,4,1984,290,5400,35.7,1950,6.0,250,11.6,18.5,15.3,--,--,--,--,--,14,14,ABS + EBD + BAS,9,יש,יש,יש,יש,יש,יש,יש,אין,יש,אין,אין,אין,אין,יש,אין,אין,אין,אין,"מערכת ""מובילאיי"" בהתקנה מקומית, מערכת למניעת תאונות משניות",428.2,181.6,145.9,261.8,380,1210,1356,0.0,0.0,235/35R19,50,מקורית + שליטה מההגה,יש,אין,יש,8,אין,USB + AUX,Android Auto + Apple CarPlay,אין,אין,4,בקרת אקלים מפוצלת,גג שמש פנוראמי,יש,כולל שמירת מרחק,בד,יש  - כוונון מלא,אין,אין,LED,אין,יש,יש,אחוריים + קדמיים,אחורית,אין,יש,יש,אין,כניסה + הנעה,יש,מראות פנים,יש,אין,יש,אין,יש,יש + Auto Hold,אין,אין,אדפטיביים,אין,"מערכת דיפרנציאל קדמי, מערכת שלדה אדפטיבית, דוושות אלומיניום",--
סיאט,לאון_קופרה,,2015,5,5,--,6,--,--,--,2014,קדמית,אוטומטית - רובוטית כפולת מצמדים,6,טורבו בנזין,4,1984,280,5700,38.7,1750,5.8,250,11.7,18.2,15.1,--,--,--,--,--,10,10,ABS + EBD + BAS,9,יש,יש,יש,יש,יש,אין,אין,אין,אין,אין,אין,אין,אין,יש,אין,אין,אין,אין,מערכת למניעת תאונות משניות,426.3,181.6,145.9,261.8,380,1210,1346,0.0,0.0,235/35R19,50,מקורית + שליטה מההגה,יש,אין,יש,6.5,אין,USB + AUX,Android Auto + Apple CarPlay,אין,אין,אין,בקרת אקלים מפוצלת,גג שמש פנוראמי,יש,יש,בד משולב עור,אין,אין,אין,LED,אין,יש,יש,אחוריים + קדמיים,אין,אין,יש,אין,אין,אין,יש,מראות פנים,יש,אין,יש,יש,יש,אין,אין,אין,רגילים,אין,"מערכת דיפרנציאל קדמי, מערכת שלדה אדפטיבית, דוושות אלומיניום, ספוילר אחורי",מושבי ספורט
סיאט,לאון_קופרה,,2018,3,5,--,6,--,--,--,2014,קדמית,אוטומטית - רובוטית כפולת מצמדים,6,טורבו בנזין,4,1984,290,5900,35.7,1700,5.6,250,12,18.5,15.4,--,--,--,--,--,12,12,ABS + EBD + BAS,7,יש,יש,יש,יש,יש,אין,אין,אין,אין,אין,אין,אין,אין,יש,אין,אין,אין,אין,"מערכת ""מובילאיי"" בהתקנה מקומית, מערכת למניעת תאונות משניות",424.7,181.0,144.6,258.3,380,--,1395,0.0,0.0,235/35R19,50,מקורית + שליטה מההגה,יש,אין,יש,8,אין,USB + AUX,Android Auto + Apple CarPlay,אין,אין,2,בקרת אקלים מפוצלת,גג שמש פנוראמי,יש,יש,בד משולב עור,אין,אין,אין,LED,אין,יש,יש,אחוריים + קדמיים,אין,אין,יש,אין,אין,כניסה + הנעה,יש,מראות פנים,יש,אין,יש,אין,יש,אין,אין,אין,אדפטיביים,אין,"מערכת דיפרנציאל קדמי, מערכת שלדה אדפטיבית, דוושות אלומיניום, ספוילר אחורי",--
סיאט,לאון_קופרה,,2020,5,5,--,6,5727,--,--,2014,קדמית,אוטומטית - רובוטית כפולת מצמדים,7,טורבו בנזין,4,1984,290,5400,35.7,1950,6.0,250,11.6,18.5,15.3,--,--,--,--,--,14,14,ABS + EBD + BAS,9,יש,יש,יש,יש,יש,יש,יש,אין,יש,אין,אין,אין,אין,יש,אין,אין,אין,אין,"מערכת ""מובילאיי"" בהתקנה מקומית, מערכת למניעת תאונות משניות",428.2,181.6,145.9,261.8,380,1210,1356,0.0,0.0,235/35R19,50,מקורית + שליטה מההגה,יש,אין,יש,8,אין,USB + AUX,Android Auto + Apple CarPlay,אין,אין,4,בקרת אקלים מפוצלת,גג שמש פנוראמי,יש,כולל שמירת מרחק,בד,יש  - כוונון מלא,אין,אין,LED,אין,יש,יש,אחוריים + קדמיים,אחורית,אין,יש,יש,אין,כניסה + הנעה,יש,מראות פנים,יש,אין,יש,אין,יש,יש + Auto Hold,אין,אין,אדפטיביים,אין,"מערכת דיפרנציאל קדמי, מערכת שלדה אדפטיבית, דוושות אלומיניום",--
סיאט,לאון_קופרה,,2017,3,5,--,6,--,--,--,2014,קדמית,אוטומטית - רובוטית כפולת מצמדים,6,טורבו בנזין,4,1984,290,5900,35.7,1700,5.6,250,12,18.5,15.4,--,--,--,--,--,12,12,ABS + EBD + BAS,7,יש,יש,יש,יש,יש,אין,אין,אין,אין,אין,אין,אין,אין,יש,אין,אין,אין,אין,מערכת למניעת תאונות משניות,424.7,181.0,144.6,258.3,380,--,1395,0.0,0.0,235/35R19,50,מקורית + שליטה מההגה,יש,אין,יש,8,אין,USB + AUX,Android Auto + Apple CarPlay,אין,אין,2,בקרת אקלים מפוצלת,גג שמש פנוראמי,יש,יש,בד משולב עור,אין,אין,אין,LED,אין,יש,יש,אחוריים + קדמיים,אין,אין,יש,אין,אין,כניסה + הנעה,יש,מראות פנים,יש,אין,יש,אין,יש,אין,אין,אין,אדפטיביים,אין,"מערכת דיפרנציאל קדמי, מערכת שלדה אדפטיבית, דוושות אלומיניום, ספוילר אחורי",--
סיאט,לאון_קופרה,,2018,5,5,--,6,--,--,--,2014,קדמית,אוטומטית - רובוטית כפולת מצמדים,6,טורבו בנזין,4,1984,290,5900,35.7,1700,5.7,250,11.7,18.2,15.1,--,--,--,--,--,13,13,ABS + EBD + BAS,9,יש,יש,יש,יש,יש,אין,אין,אין,אין,אין,אין,אין,אין,יש,אין,אין,אין,אין,"מערכת ""מובילאיי"" בהתקנה מקומית, מערכת למניעת תאונות משניות",428.2,181.6,145.9,261.8,380,1210,1421,0.0,0.0,235/35R19,50,מקורית + שליטה מההגה,יש,אין,יש,8,אין,USB + AUX,Android Auto + Apple CarPlay,אין,אין,4,בקרת אקלים מפוצלת,גג שמש פנוראמי,יש,יש,בד משולב עור,יש  - כוונון מלא,אין,אין,LED,אין,יש,יש,אחוריים + קדמיים,אין,אין,יש,אין,אין,כניסה + הנעה,יש,מראות פנים,יש,אין,יש,אין,יש,אין,אין,אין,אדפטיביים,אין,"מערכת דיפרנציאל קדמי, מערכת שלדה אדפטיבית, דוושות אלומיניום, ספוילר אחורי",--
סיאט,לאון_קופרה,,2015,3,5,--,6,--,--,--,2014,קדמית,אוטומטית - רובוטית כפולת מצמדים,6,טורבו בנזין,4,1984,280,5700,38.7,1750,5.7,250,12,18.5,15.4,--,--,--,--,--,9,9,ABS + EBD + BAS,7,יש,יש,יש,יש,יש,אין,אין,אין,אין,אין,אין,אין,אין,יש,אין,אין,אין,אין,מערכת למניעת תאונות משניות,422.8,181.0,144.6,258.3,380,--,1320,0.0,0.0,235/35R19,50,מקורית + שליטה מההגה,יש,אין,יש,6.5,אין,USB + AUX,Android Auto + Apple CarPlay,אין,אין,אין,בקרת אקלים מפוצלת,גג שמש פנוראמי,יש,יש,בד משולב עור,אין,אין,אין,LED,אין,יש,יש,אחוריים + קדמיים,אין,אין,יש,אין,אין,אין,יש,מראות פנים,יש,אין,יש,יש,יש,אין,אין,אין,אדפטיביים,אין,"מערכת דיפרנציאל קדמי, מערכת שלדה אדפטיבית, דוושות אלומיניום, ספוילר אחורי",מושבי ספורט
סיאט,לאון_קופרה,,2017,5,5,--,6,--,--,--,2014,קדמית,אוטומטית - רובוטית כפולת מצמדים,6,טורבו בנזין,4,1984,290,5900,35.7,1700,5.7,250,11.7,18.2,15.1,--,--,--,--,--,13,13,ABS + EBD + BAS,9,יש,יש,יש,יש,יש,אין,אין,אין,אין,אין,אין,אין,אין,יש,אין,אין,אין,אין,מערכת למניעת תאונות משניות,428.2,181.6,145.9,261.8,380,1210,1421,0.0,0.0,235/35R19,50,מקורית + שליטה מההגה,יש,אין,יש,8,אין,USB + AUX,Android Auto + Apple CarPlay,אין,אין,4,בקרת אקלים מפוצלת,גג שמש פנוראמי,יש,יש,בד משולב עור,יש  - כוונון מלא,אין,אין,LED,אין,יש,יש,אחוריים + קדמיים,אין,אין,יש,אין,אין,כניסה + הנעה,יש,מראות פנים,יש,אין,יש,אין,יש,אין,אין,אין,אדפטיביים,אין,"מערכת דיפרנציאל קדמי, מערכת שלדה אדפטיבית, דוושות אלומיניום, ספוילר אחורי",--
סיאט,לאון_קופרה,,2011,5,5,--,6,--,--,--,2010,קדמית,ידנית,6,טורבו בנזין,4,1984,265,6000,35.7,2500,6.1,250,--,--,12.2,--,--,--,--,--,13,אין ציון,ABS + EBD + BAS,6,יש,יש,יש,אין,--,--,--,--,אין,--,--,--,--,--,--,--,--,--,--,430.9,177.0,144.0,258.0,340,1165,1375,--,--,235/35/19,55,מקורית + שליטה מההגה,אין,אין,אין,--,אין,אין,--,--,אין,4,בקרת אקלים מפוצלת,אין,יש,יש,בד משולב עור,אין,אין,--,"קסנון, כולל אור גבוה (בי-קסנון)",יש,אין,אין,אחוריים,אין,אין,יש,--,--,אין,יש,אין,אין,--,--,--,--,--,--,--,--,--,--,--
סיאט,לאון_קופרה,,2011,5,5,--,6,--,--,--,2006,קדמית,ידנית,6,טורבו בנזין,4,1984,240,5700,30.6,2200,6.4,247,--,--,12.0,--,--,--,--,--,13,13,ABS + EBD + BAS,6,יש,אין,יש,אין,--,--,--,--,אין,--,--,--,--,--,--,--,--,--,--,432.5,177.0,146.0,258.0,341,1165,1375,--,--,225/40R18,55,מקורית + שליטה מההגה,יש,אין,אין,--,אין,אין,--,--,אין,4,בקרת אקלים מפוצלת,יש,יש,יש,בד,אין,אין,--,רגילים,יש,אין,אין,אין,אין,אין,יש,--,--,אין,יש,אין,אין,--,--,--,--,--,--,--,--,--,--,"צבע מטאלי - 2,000 שקל, חיישני גשם ומראה מתכהה - 3,000 שקל, דיבורית Bluetooth מקורית - 3,000 שקל. אפשרות גם לחיישני חניה ולפנסי קסנון"
סיאט,לאון_קופרה,,2012,5,5,--,6,--,--,--,2010,קדמית,ידנית,6,טורבו בנזין,4,1984,265,6000,35.7,2500,6.1,250,--,--,12.2,--,--,--,--,--,13,אין ציון,ABS + EBD + BAS,6,יש,יש,יש,אין,--,--,--,--,אין,--,--,--,--,--,--,--,--,--,--,430.9,177.0,144.0,258.0,340,1165,1375,--,--,235/35/19,55,מקורית + שליטה מההגה,אין,אין,אין,--,אין,אין,--,--,אין,4,בקרת אקלים מפוצלת,אין,יש,יש,בד משולב עור,אין,אין,--,"קסנון, כולל אור גבוה (בי-קסנון)",יש,אין,אין,אחוריים,אין,אין,יש,--,--,אין,יש,אין,אין,--,--,--,--,--,--,--,--,--,--,--
סיאט,לאון_קופרה,,2008,5,5,--,6,--,--,--,2006,קדמית,ידנית,6,טורבו בנזין,4,1984,240,5700,30.6,2200,6.4,247,--,--,12.0,--,--,--,--,--,--,--,ABS + EBD + BAS,6,יש,אין,יש,אין,--,--,--,--,אין,--,--,--,--,--,--,--,--,--,--,432.5,177.0,146.0,258.0,341,1165,1375,--,--,225/40R18,55,מקורית + שליטה מההגה,יש,אין,אין,--,אין,אין,--,--,אין,4,בקרת אקלים מפוצלת,יש,יש,יש,בד,אין,אין,--,רגילים,יש,אין,אין,אין,אין,אין,יש,--,--,אין,יש,אין,אין,--,--,--,--,--,--,--,--,--,--,"צבע מטאלי - 2,000 שקל, חיישני גשם ומראה מתכהה - 3,000 שקל, דיבורית Bluetooth מקורית - 3,000 שקל. אפשרות גם לחיישני חניה ולפנסי קסנון"
סיאט,לאון_קופרה,,2012,5,5,--,6,--,--,--,2006,קדמית,ידנית,6,טורבו בנזין,4,1984,240,5700,30.6,2200,6.4,247,--,--,12.0,--,--,--,--,--,13,13,ABS + EBD + BAS,6,יש,אין,יש,אין,--,--,--,--,אין,--,--,--,--,--,--,--,--,--,--,432.5,177.0,146.0,258.0,341,1165,1375,--,--,225/40R18,55,מקורית + שליטה מההגה,יש,אין,אין,--,אין,אין,--,--,אין,4,בקרת אקלים מפוצלת,יש,יש,יש,בד,אין,אין,--,רגילים,יש,אין,אין,אין,אין,אין,יש,--,--,אין,יש,אין,אין,--,--,--,--,--,--,--,--,--,--,"צבע מטאלי - 2,000 שקל, חיישני גשם ומראה מתכהה - 3,000 שקל, דיבורית Bluetooth מקורית - 3,000 שקל. אפשרות גם לחיישני חניה ולפנסי קסנון"
סיאט,לאון_קופרה,,2010,5,5,--,6,--,--,--,2010,קדמית,ידנית,6,טורבו בנזין,4,1984,265,6000,35.7,2500,6.1,250,--,--,12.2,--,--,--,--,--,13,אין ציון,ABS + EBD + BAS,6,יש,יש,יש,אין,--,--,--,--,אין,--,--,--,--,--,--,--,--,--,--,430.9,177.0,144.0,258.0,340,1165,1375,--,--,235/35/19,55,מקורית + שליטה מההגה,אין,אין,אין,--,אין,אין,--,--,אין,4,בקרת אקלים מפוצלת,אין,יש,יש,בד משולב עור,אין,אין,--,"קסנון, כולל אור גבוה (בי-קסנון)",יש,אין,אין,אחוריים,אין,אין,יש,--,--,אין,יש,אין,אין,--,--,--,--,--,--,--,--,--,--,--
סיאט,לאון_קופרה,,2009,5,5,--,6,--,--,--,2006,קדמית,ידנית,6,טורבו בנזין,4,1984,240,5700,30.6,2200,6.4,247,--,--,12.0,--,--,--,--,--,13,13,ABS + EBD + BAS,6,יש,אין,יש,אין,--,--,--,--,אין,--,--,--,--,--,--,--,--,--,--,432.5,177.0,146.0,258.0,341,1165,1375,--,--,225/40R18,55,מקורית + שליטה מההגה,יש,אין,אין,--,אין,אין,--,--,אין,4,בקרת אקלים מפוצלת,יש,יש,יש,בד,אין,אין,--,רגילים,יש,אין,אין,אין,אין,אין,יש,--,--,אין,יש,אין,אין,--,--,--,--,--,--,--,--,--,--,"צבע מטאלי - 2,000 שקל, חיישני גשם ומראה מתכהה - 3,000 שקל, דיבורית Bluetooth מקורית - 3,000 שקל. אפשרות גם לחיישני חניה ולפנסי קסנון"
סיאט,לאון_קופרה,,2010,5,5,--,6,--,--,--,2006,קדמית,ידנית,6,טורבו בנזין,4,1984,240,5700,30.6,2200,6.4,247,--,--,12.0,--,--,--,--,--,13,13,ABS + EBD + BAS,6,יש,אין,יש,אין,--,--,--,--,אין,--,--,--,--,--,--,--,--,--,--,432.5,177.0,146.0,258.0,341,1165,1375,--,--,225/40R18,55,מקורית + שליטה מההגה,יש,אין,אין,--,אין,אין,--,--,אין,4,בקרת אקלים מפוצלת,יש,יש,יש,בד,אין,אין,--,רגילים,יש,אין,אין,אין,אין,אין,יש,--,--,אין,יש,אין,אין,--,--,--,--,--,--,--,--,--,--,"צבע מטאלי - 2,000 שקל, חיישני גשם ומראה מתכהה - 3,000 שקל, דיבורית Bluetooth מקורית - 3,000 שקל. אפשרות גם לחיישני חניה ולפנסי קסנון"
סיאט,לאון_קופרה,,2007,5,5,--,6,--,--,--,2006,קדמית,ידנית,6,טורבו בנזין,4,1984,240,5700,30.6,2200,6.4,247,--,--,12.0,--,--,--,--,--,--,--,ABS + EBD + BAS,6,יש,אין,יש,אין,--,--,--,--,אין,--,--,--,--,--,--,--,--,--,--,432.5,177.0,146.0,258.0,341,1165,1375,--,--,225/40R18,55,מקורית + שליטה מההגה,יש,אין,אין,--,אין,אין,--,--,אין,4,בקרת אקלים מפוצלת,יש,יש,יש,בד,אין,אין,--,רגילים,יש,אין,אין,אין,אין,אין,יש,--,--,אין,יש,אין,אין,--,--,--,--,--,--,--,--,--,--,"צבע מטאלי - 2,000 שקל, חיישני גשם ומראה מתכהה - 3,000 שקל, דיבורית Bluetooth מקורית - 3,000 שקל. אפשרות גם לחיישני חניה ולפנסי קסנון"
