,make,model,ramat_gimur,fieldyear,fielddoors,fieldsitting,fieldprice,fieldgroupy,fieldcontinous_value,fieldguarantee,fieldlaunch,fieldignition,fieldgearbox,fieldgear,fieldengine,fieldpiston,fieldcapacity,fieldpower,fieldloops,fieldmoment,fieldloopmoment,fieldacceleration,fieldspeed,fieldurban_consumption,fieldintercity_consumption,fieldconsumption,fieldelectricity_use,fieldbattery_capacity,fieldelectric_range,fieldhome_charging_time,fieldfast_charging_time,fieldpollution,fieldbreaking,fieldbrake,fieldairbag,fieldstability,fieldcenairbag,fieldizofix,fieldpressure_sensor,fieldbelt_warning,fieldautonomous_braking,fieldpedestrian_identification,fieldtwo_wheeler_identification,fieldadaptive_cruise_control,fieldlane_assist,fieldblind_spot,fieldrear_traffic,fieldrear_traffic_braking,fieldalert_fatigue,fieldhigh_beam_assist,fieldtraffic_sign_recognition,fieldcrossing_warning_open_door,fieldchild_rear_seat,fieldadditional_safety_equipment,fieldlength,fieldwidth,fieldheight,fieldwheel,fieldcargo,fieldchaircargo,fieldselfweight,fieldtowing_without_brakes,fieldtowing_with_brakes,fieldtire,fieldfuel,fieldaudio,fieldbluetooth,fielddisc_changer,fieldtouch_screen,fieldscreen_size,fieldgps,fieldaudio_connections,fieldconnectivity,fieldwireless_charging,fieldseat_screens,fieldwindows,fieldairconditioning,fieldsunroof,fieldhook,fieldrowing,fieldupholstery,fieldautochair,fieldhotchair,fieldmassage_seats,fieldlight,fieldfog,fieldrain,fielddark,fieldparking_sensors,fieldparking_camers,fieldautomatic_parking,fieldcomputer,fielddigital_cluster,fieldhead_up_display,fieldwithout_key,fieldfolding_mirrors,fieldinside_mirror,fieldleather,fieldheated_steering_wheel,fieldpaddle_shifters,fielddriving_mode,fieldstop_start,fieldelectric_handbrake,fieldambient_light,fieldhill_assist,fieldsuspension_dampers,fieldelectric_tailgate,fieldmore_equ,fieldprice_equ
0,הונדה,לג'נד,,2009.0,4.0,5,--,7.0,--,--,2006.0,כפולה (4X4),אוטומטית - טיפטרוניק,5,בנזין,6.0,3664.0,295.0,6200.0,37.8,5000.0,7.1,250,--,--,8.6,--,--,--,--,--,15,0,ABS + EBD + BAS,6.0,יש,יש,יש,אין,--,--,--,--,אין,--,--,--,--,--,--,--,--,--,--,498.5,184.5,145.0,280.0,452.0,--,1868.0,--,--,235/50R17,73.0,מקורית + שליטה מההגה,יש,אין,אין,--,אין,אין,--,--,אין,4.0,בקרת אקלים + פתחי איוורור מאחור,יש,יש,יש,עור,יש  + זכרון,אין,--,קסנון,יש,יש,יש,אחוריים,אין,אין,יש,--,--,אין,יש,אופציונלי,אין,--,--,--,--,--,--,--,--,--,--,"חבילת בטיחות מורחבת הכוללת מערכת CMBS להפחתת נזקי התנגשות, מערכת ACC  (בקרת שיוט אדפטיבית)  ומערכת EPT (קדם מותחנים אלקטרוניים) - 42,000 ש""ח"
1,הונדה,לג'נד,,2010.0,4.0,5,--,7.0,--,--,2006.0,כפולה (4X4),אוטומטית - טיפטרוניק,5,בנזין,6.0,3664.0,295.0,6200.0,37.8,5000.0,7.1,250,--,--,8.6,--,--,--,--,--,15,0,ABS + EBD + BAS,6.0,יש,יש,יש,אין,--,--,--,--,אין,--,--,--,--,--,--,--,--,--,--,498.5,184.5,145.0,280.0,452.0,--,1868.0,--,--,235/50R17,73.0,מקורית + שליטה מההגה,יש,אין,אין,--,אין,אין,--,--,אין,4.0,בקרת אקלים + פתחי איוורור מאחור,יש,יש,יש,עור,יש  + זכרון,אין,--,קסנון,יש,יש,יש,אחוריים,אין,אין,יש,--,--,אין,יש,אופציונלי,אין,--,--,--,--,--,--,--,--,--,--,"חבילת בטיחות מורחבת הכוללת מערכת CMBS להפחתת נזקי התנגשות, מערכת ACC  (בקרת שיוט אדפטיבית)  ומערכת EPT (קדם מותחנים אלקטרוניים) - 42,000 ש""ח"
2,הונדה,לג'נד,,2008.0,4.0,5,--,7.0,--,--,2006.0,כפולה (4X4),אוטומטית - טיפטרוניק,5,בנזין,6.0,3664.0,295.0,6200.0,37.8,5000.0,7.1,250,--,--,8.6,--,--,--,--,--,--,0,ABS + EBD + BAS,6.0,יש,יש,יש,אין,--,--,--,--,אין,--,--,--,--,--,--,--,--,--,--,498.5,184.5,145.0,280.0,452.0,--,1868.0,--,--,235/50R17,73.0,מקורית + שליטה מההגה,יש,אין,אין,--,אין,אין,--,--,אין,4.0,בקרת אקלים + פתחי איוורור מאחור,יש,יש,יש,עור,יש  + זכרון,אין,--,קסנון,יש,יש,יש,אחוריים,אין,אין,יש,--,--,אין,יש,אופציונלי,אין,--,--,--,--,--,--,--,--,--,--,"חבילת בטיחות מורחבת הכוללת מערכת CMBS להפחתת נזקי התנגשות, מערכת ACC  (בקרת שיוט אדפטיבית)  ומערכת EPT (קדם מותחנים אלקטרוניים) - 42,000 ש""ח"
3,הונדה,לג'נד,,2007.0,4.0,5,--,7.0,--,--,2006.0,כפולה (4X4),אוטומטית - טיפטרוניק,5,בנזין,6.0,3664.0,295.0,6200.0,37.8,5000.0,7.1,250,--,--,8.6,--,--,--,--,--,--,0,ABS + EBD + BAS,6.0,יש,יש,יש,אין,--,--,--,--,אין,--,--,--,--,--,--,--,--,--,--,498.5,184.5,145.0,280.0,452.0,--,1868.0,--,--,235/50R17,73.0,מקורית + שליטה מההגה,יש,אין,אין,--,אין,אין,--,--,אין,4.0,בקרת אקלים + פתחי איוורור מאחור,יש,יש,יש,עור,יש  + זכרון,אין,--,קסנון,יש,יש,יש,אחוריים,אין,אין,יש,--,--,אין,יש,אופציונלי,אין,--,--,--,--,--,--,--,--,--,--,"חבילת בטיחות מורחבת הכוללת מערכת CMBS להפחתת נזקי התנגשות, מערכת ACC  (בקרת שיוט אדפטיבית)  ומערכת EPT (קדם מותחנים אלקטרוניים) - 42,000 ש""ח"
4,הונדה,CRZ,,2013.0,3.0,2+2,--,5.0,--,--,2010.0,קדמית,ידנית,6,היברידי (בנזין),4.0,1497.0,124.0,6100.0,17.7,1000.0,9.9,200,16.3,22.7,20.0,--,--,--,--,--,3,0,ABS + EBD + BAS,6.0,יש,יש,יש,אין,יש,--,--,--,אין,--,--,--,--,--,--,--,--,--,--,408.0,174.0,139.5,243.5,233.0,401,1165.0,--,--,195/55R16,40.0,מקורית + שליטה מההגה,אין,אין,אין,--,אין,USB,--,--,אין,2.0,בקרת אקלים,אין,יש,ללא,בד,אין,אין,--,רגילים,יש,אין,אין,אין,אין,אין,יש,--,--,אין,אין,אין,יש,--,--,--,--,--,--,--,--,--,--,--
5,הונדה,CRZ,,2010.0,3.0,2+2,--,5.0,--,--,2010.0,קדמית,ידנית,6,היברידי (בנזין),4.0,1497.0,124.0,6100.0,17.7,1000.0,9.9,200,16.3,22.7,20.0,--,--,--,--,--,2,0,ABS + EBD + BAS,6.0,יש,יש,יש,אין,יש,--,--,--,אין,--,--,--,--,--,--,--,--,--,--,408.0,174.0,139.5,243.5,233.0,401,1165.0,--,--,195/55R16,40.0,מקורית + שליטה מההגה,אין,אין,אין,--,אין,USB,--,--,אין,2.0,בקרת אקלים,אין,יש,ללא,בד,אין,אין,--,רגילים,יש,אין,אין,אין,אין,אין,יש,--,--,אין,אין,אין,יש,--,--,--,--,--,--,--,--,--,--,--
6,הונדה,CRZ,,2012.0,3.0,2+2,--,5.0,--,--,2010.0,קדמית,ידנית,6,היברידי (בנזין),4.0,1497.0,124.0,6100.0,17.7,1000.0,9.9,200,16.3,22.7,20.0,--,--,--,--,--,2,0,ABS + EBD + BAS,6.0,יש,יש,יש,אין,יש,--,--,--,אין,--,--,--,--,--,--,--,--,--,--,408.0,174.0,139.5,243.5,233.0,401,1165.0,--,--,195/55R16,40.0,מקורית + שליטה מההגה,אין,אין,אין,--,אין,USB,--,--,אין,2.0,בקרת אקלים,אין,יש,ללא,בד,אין,אין,--,רגילים,יש,אין,אין,אין,אין,אין,יש,--,--,אין,אין,אין,יש,--,--,--,--,--,--,--,--,--,--,--
7,הונדה,CRZ,,2011.0,3.0,2+2,--,5.0,--,--,2010.0,קדמית,ידנית,6,היברידי (בנזין),4.0,1497.0,124.0,6100.0,17.7,1000.0,9.9,200,16.3,22.7,20.0,--,--,--,--,--,2,0,ABS + EBD + BAS,6.0,יש,יש,יש,אין,יש,--,--,--,אין,--,--,--,--,--,--,--,--,--,--,408.0,174.0,139.5,243.5,233.0,401,1165.0,--,--,195/55R16,40.0,מקורית + שליטה מההגה,אין,אין,אין,--,אין,USB,--,--,אין,2.0,בקרת אקלים,אין,יש,ללא,בד,אין,אין,--,רגילים,יש,אין,אין,אין,אין,אין,יש,--,--,אין,אין,אין,יש,--,--,--,--,--,--,--,--,--,--,--
8,הונדה,FR-V,Trend,2009.0,5.0,6,--,4.0,--,שלוש שנים,2004.0,קדמית,אוטומטית - טיפטרוניק,5,בנזין,4.0,1799.0,140.0,6300.0,17.7,4300.0,12.5,185,--,--,12.3,--,--,--,--,--,8,0,ABS + EBD + BAS,6.0,יש,אין,יש,אין,--,--,--,--,אין,--,--,--,--,--,--,--,--,--,--,428.5,181.0,161.0,268.0,439.0,1049,1449.0,--,--,205/55R16,58.0,מקורית,אין,אין,אין,--,אין,אין,--,--,אין,4.0,בקרת אקלים,אין,אין,ללא,בד,אין,אין,--,רגילים,אין,אין,אין,אין,אין,אין,אין,--,--,אין,אין,אין,אין,--,--,--,--,--,--,--,--,--,--,"פנסי ערפל, מחליף דיסקים מובנה, חישוקים קלים."
9,הונדה,FR-V,Comfort,2008.0,5.0,6,--,5.0,--,שלוש שנים,2004.0,קדמית,אוטומטית - טיפטרוניק,5,בנזין,4.0,1799.0,140.0,6300.0,17.7,4300.0,12.5,185,--,--,12.3,--,--,--,--,--,--,0,ABS + EBD + BAS,6.0,יש,אין,יש,אין,--,--,--,--,אין,--,--,--,--,--,--,--,--,--,--,428.5,181.0,161.0,268.0,439.0,1049,1449.0,--,--,205/55R16,58.0,מקורית + שליטה מההגה,אין,אין,אין,--,אין,אין,--,--,אין,4.0,בקרת אקלים,אין,אין,יש,בד,אין,אין,--,רגילים,אין,אין,אין,אין,אין,אין,אין,--,--,אין,אין,אין,אין,--,--,--,--,--,--,--,--,--,--,"פנסי ערפל, מחליף דיסקים מובנה, חישוקים קלים."
10,הונדה,FR-V,Trend,2007.0,5.0,6,--,4.0,--,שלוש שנים,2004.0,קדמית,אוטומטית - טיפטרוניק,5,בנזין,4.0,1799.0,140.0,6300.0,17.7,4300.0,12.5,185,--,--,12.3,--,--,--,--,--,--,0,ABS + EBD + BAS,6.0,יש,אין,יש,אין,--,--,--,--,אין,--,--,--,--,--,--,--,--,--,--,428.5,181.0,161.0,268.0,439.0,1049,1449.0,--,--,205/55R16,58.0,מקורית,אין,אין,אין,--,אין,אין,--,--,אין,4.0,בקרת אקלים,אין,אין,ללא,בד,אין,אין,--,רגילים,אין,אין,אין,אין,אין,אין,אין,--,--,אין,אין,אין,אין,--,--,--,--,--,--,--,--,--,--,"פנסי ערפל, מחליף דיסקים מובנה, חישוקים קלים."
11,הונדה,FR-V,Comfort,2010.0,5.0,6,--,5.0,--,שלוש שנים,2004.0,קדמית,אוטומטית - טיפטרוניק,5,בנזין,4.0,1799.0,140.0,6300.0,17.7,4300.0,12.5,185,--,--,12.3,--,--,--,--,--,8,0,ABS + EBD + BAS,6.0,יש,אין,יש,אין,--,--,--,--,אין,--,--,--,--,--,--,--,--,--,--,428.5,181.0,161.0,268.0,439.0,1049,1449.0,--,--,205/55R16,58.0,מקורית + שליטה מההגה,אין,אין,אין,--,אין,אין,--,--,אין,4.0,בקרת אקלים,אין,אין,יש,בד,אין,אין,--,רגילים,אין,אין,אין,אין,אין,אין,אין,--,--,אין,אין,אין,אין,--,--,--,--,--,--,--,--,--,--,"פנסי ערפל, מחליף דיסקים מובנה, חישוקים קלים."
12,הונדה,FR-V,Trend,2008.0,5.0,6,--,4.0,--,שלוש שנים,2004.0,קדמית,אוטומטית - טיפטרוניק,5,בנזין,4.0,1799.0,140.0,6300.0,17.7,4300.0,12.5,185,--,--,12.3,--,--,--,--,--,--,0,ABS + EBD + BAS,6.0,יש,אין,יש,אין,--,--,--,--,אין,--,--,--,--,--,--,--,--,--,--,428.5,181.0,161.0,268.0,439.0,1049,1449.0,--,--,205/55R16,58.0,מקורית,אין,אין,אין,--,אין,אין,--,--,אין,4.0,בקרת אקלים,אין,אין,ללא,בד,אין,אין,--,רגילים,אין,אין,אין,אין,אין,אין,אין,--,--,אין,אין,אין,אין,--,--,--,--,--,--,--,--,--,--,"פנסי ערפל, מחליף דיסקים מובנה, חישוקים קלים."
13,הונדה,FR-V,Executive,2010.0,5.0,6,--,5.0,--,שלוש שנים,2004.0,קדמית,אוטומטית - טיפטרוניק,5,בנזין,4.0,1799.0,140.0,6300.0,17.7,4300.0,12.5,185,--,--,12.3,--,--,--,--,--,8,0,ABS + EBD + BAS,6.0,יש,אין,יש,אין,--,--,--,--,אין,--,--,--,--,--,--,--,--,--,--,428.5,181.0,161.0,268.0,439.0,1049,1449.0,--,--,205/55R16,58.0,מקורית + שליטה מההגה,אין,אין,אין,--,אין,אין,--,--,אין,4.0,בקרת אקלים,יש,יש,יש,בד,אין,אין,--,קסנון,יש,יש,אין,אין,אין,אין,אין,--,--,אין,אין,אין,אין,--,--,--,--,--,--,--,--,--,--,--
14,הונדה,FR-V,Executive,2008.0,5.0,6,--,5.0,--,שלוש שנים,2004.0,קדמית,אוטומטית - טיפטרוניק,5,בנזין,4.0,1799.0,140.0,6300.0,17.7,4300.0,12.5,185,--,--,12.3,--,--,--,--,--,--,0,ABS + EBD + BAS,6.0,יש,אין,יש,אין,--,--,--,--,אין,--,--,--,--,--,--,--,--,--,--,428.5,181.0,161.0,268.0,439.0,1049,1449.0,--,--,205/55R16,58.0,מקורית + שליטה מההגה,אין,אין,אין,--,אין,אין,--,--,אין,4.0,בקרת אקלים,יש,יש,יש,בד,אין,אין,--,קסנון,יש,יש,אין,אין,אין,אין,אין,--,--,אין,אין,אין,אין,--,--,--,--,--,--,--,--,--,--,--
15,הונדה,FR-V,Comfort,2009.0,5.0,6,--,5.0,--,שלוש שנים,2004.0,קדמית,אוטומטית - טיפטרוניק,5,בנזין,4.0,1799.0,140.0,6300.0,17.7,4300.0,12.5,185,--,--,12.3,--,--,--,--,--,8,0,ABS + EBD + BAS,6.0,יש,אין,יש,אין,--,--,--,--,אין,--,--,--,--,--,--,--,--,--,--,428.5,181.0,161.0,268.0,439.0,1049,1449.0,--,--,205/55R16,58.0,מקורית + שליטה מההגה,אין,אין,אין,--,אין,אין,--,--,אין,4.0,בקרת אקלים,אין,אין,יש,בד,אין,אין,--,רגילים,אין,אין,אין,אין,אין,אין,אין,--,--,אין,אין,אין,אין,--,--,--,--,--,--,--,--,--,--,"פנסי ערפל, מחליף דיסקים מובנה, חישוקים קלים."
16,הונדה,FR-V,Comfort,2007.0,5.0,6,--,5.0,--,שלוש שנים,2004.0,קדמית,אוטומטית - טיפטרוניק,5,בנזין,4.0,1799.0,140.0,6300.0,17.7,4300.0,12.5,185,--,--,12.3,--,--,--,--,--,--,0,ABS + EBD + BAS,6.0,יש,אין,יש,אין,--,--,--,--,אין,--,--,--,--,--,--,--,--,--,--,428.5,181.0,161.0,268.0,439.0,1049,1449.0,--,--,205/55R16,58.0,מקורית + שליטה מההגה,אין,אין,אין,--,אין,אין,--,--,אין,4.0,בקרת אקלים,אין,אין,יש,בד,אין,אין,--,רגילים,אין,אין,אין,אין,אין,אין,אין,--,--,אין,אין,אין,אין,--,--,--,--,--,--,--,--,--,--,"פנסי ערפל, מחליף דיסקים מובנה, חישוקים קלים."
17,הונדה,FR-V,Trend,2010.0,5.0,6,--,4.0,--,שלוש שנים,2004.0,קדמית,אוטומטית - טיפטרוניק,5,בנזין,4.0,1799.0,140.0,6300.0,17.7,4300.0,12.5,185,--,--,12.3,--,--,--,--,--,8,0,ABS + EBD + BAS,6.0,יש,אין,יש,אין,--,--,--,--,אין,--,--,--,--,--,--,--,--,--,--,428.5,181.0,161.0,268.0,439.0,1049,1449.0,--,--,205/55R16,58.0,מקורית,אין,אין,אין,--,אין,אין,--,--,אין,4.0,בקרת אקלים,אין,אין,ללא,בד,אין,אין,--,רגילים,אין,אין,אין,אין,אין,אין,אין,--,--,אין,אין,אין,אין,--,--,--,--,--,--,--,--,--,--,"פנסי ערפל, מחליף דיסקים מובנה, חישוקים קלים."
18,הונדה,FR-V,Executive,2009.0,5.0,6,--,5.0,--,שלוש שנים,2004.0,קדמית,אוטומטית - טיפטרוניק,5,בנזין,4.0,1799.0,140.0,6300.0,17.7,4300.0,12.5,185,--,--,12.3,--,--,--,--,--,8,0,ABS + EBD + BAS,6.0,יש,אין,יש,אין,--,--,--,--,אין,--,--,--,--,--,--,--,--,--,--,428.5,181.0,161.0,268.0,439.0,1049,1449.0,--,--,205/55R16,58.0,מקורית + שליטה מההגה,אין,אין,אין,--,אין,אין,--,--,אין,4.0,בקרת אקלים,יש,יש,יש,בד,אין,אין,--,קסנון,יש,יש,אין,אין,אין,אין,אין,--,--,אין,אין,אין,אין,--,--,--,--,--,--,--,--,--,--,--
19,הונדה,FR-V,Executive,2007.0,5.0,6,--,5.0,--,שלוש שנים,2004.0,קדמית,אוטומטית - טיפטרוניק,5,בנזין,4.0,1799.0,140.0,6300.0,17.7,4300.0,12.5,185,--,--,12.3,--,--,--,--,--,--,0,ABS + EBD + BAS,6.0,יש,אין,יש,אין,--,--,--,--,אין,--,--,--,--,--,--,--,--,--,--,428.5,181.0,161.0,268.0,439.0,1049,1449.0,--,--,205/55R16,58.0,מקורית + שליטה מההגה,אין,אין,אין,--,אין,אין,--,--,אין,4.0,בקרת אקלים,יש,יש,יש,בד,אין,אין,--,קסנון,יש,יש,אין,אין,אין,אין,אין,--,--,אין,אין,אין,אין,--,--,--,--,--,--,--,--,--,--,--
20,הונדה,HR-V,Executive,2021.0,5.0,5,--,5.0,4018,--,2014.0,קדמית,אוטומטית - רציפה,--,בנזין,4.0,1498.0,130.0,6600.0,15.8,4600.0,11.4,187,--,--,14.4,--,--,--,--,--,9,0,ABS + EBD + BAS,6.0,יש,יש,יש,יש,יש,יש,יש,אין,אין,התרעה בלבד,אין,אין,אין,אין,יש,יש,אין,אין,--,434.6,179.0,160.5,261.0,393.0,1456,1251.0,650,1000,225/50R18,50.0,מקורית + שליטה מההגה,יש,אין,יש,7,אין,USB + AUX,אין,אין,אין,4.0,בקרת אקלים מפוצלת,גג שמש פנוראמי,יש,יש,בד משולב עור,אין,אין,אין,LED,יש,יש,יש,אחוריים + קדמיים,אחורית,אין,יש,אין,אין,כניסה + הנעה,יש,מראות פנים,יש,אין,יש,אין,יש,יש + Auto Hold,אין,אין,רגילים,אין,"חלונות כהים מאחור, משענת יד אחורית, מסילות גג",--
21,הונדה,HR-V,Comfort,2016.0,5.0,5,--,3.0,--,--,2014.0,קדמית,אוטומטית - רציפה,--,בנזין,4.0,1498.0,131.0,6600.0,15.8,4600.0,10.8,187,16.4,21.7,19.2,--,--,--,--,--,3,0,ABS + EBD + BAS,6.0,יש,יש,יש,יש,יש,יש,אין,אין,אין,אין,אין,אין,אין,אין,אין,אין,אין,אין,--,429.4,177.2,160.5,261.0,431.0,1533,1249.0,500,1000,215/60R16,50.0,מקורית + שליטה מההגה,יש,אין,יש,--,יש,USB + AUX,אין,אין,אין,4.0,בקרת אקלים,אין,יש,יש,בד,אין,מלפנים,אין,רגילים,אופציונלי,אין,יש,אין,אין,אין,יש,אין,אין,אין,יש,אין,אין,אין,אין,אין,יש,יש + Auto Hold,אין,אין,רגילים,אין,--,"חיישני חניה אחוריים וקדמיים, מדרגות צד, מסילות גג"
22,הונדה,HR-V,Comfort,2019.0,5.0,5,--,3.0,--,--,2014.0,קדמית,אוטומטית - רציפה,--,בנזין,4.0,1498.0,130.0,6600.0,15.8,4600.0,11.2,187,15.8,21.2,19.2,--,--,--,--,--,6,0,ABS + EBD + BAS,6.0,יש,יש,יש,יש,יש,יש,אין,אין,אין,אין,אין,אין,אין,אין,אין,אין,אין,אין,"מערכת ""מובילאיי"" בהתקנה מקומית",433.5,177.2,160.5,261.0,431.0,1456,1249.0,650,1000,215/60R16,50.0,מקורית + שליטה מההגה,יש,אין,יש,--,יש,USB + AUX,אין,אין,אין,4.0,בקרת אקלים,אין,יש,יש,בד,אין,אין,אין,רגילים,אופציונלי,אין,יש,אין,אחורית,אין,יש,אין,אין,אין,יש,אין,אין,אין,אין,אין,יש,יש + Auto Hold,אין,אין,רגילים,אין,--,חיישני חניה אחוריים וקדמיים
23,הונדה,HR-V,Elegance,2020.0,5.0,5,--,3.0,3718,--,2014.0,קדמית,אוטומטית - רציפה,--,בנזין,4.0,1498.0,130.0,6600.0,15.8,4600.0,11.2,187,15.8,21.2,19.2,--,--,--,--,--,6,0,ABS + EBD + BAS,6.0,יש,יש,יש,יש,יש,יש,יש,אין,אין,התרעה בלבד,אין,אין,אין,אין,יש,יש,אין,אין,--,433.5,177.2,160.5,261.0,393.0,1456,1251.0,650,1000,215/60R16,50.0,מקורית + שליטה מההגה,יש,אין,יש,7,אין,USB + AUX,אין,אין,אין,4.0,בקרת אקלים מפוצלת,אין,יש,יש,בד,אין,אין,אין,LED,יש,יש,יש,אחוריים + קדמיים,אחורית,אין,יש,אין,אין,אין,יש,אין,יש,אין,יש,אין,יש,יש + Auto Hold,אין,אין,רגילים,אין,"חלונות כהים מאחור, משענת יד אחורית",--
24,הונדה,HR-V,Executive,2017.0,5.0,5,--,5.0,--,--,2014.0,קדמית,אוטומטית - רציפה,--,בנזין,4.0,1498.0,131.0,6600.0,15.8,4600.0,11.4,187,15.9,20.8,18.5,--,--,--,--,--,3,0,ABS + EBD + BAS,6.0,יש,יש,יש,יש,יש,יש,אין,אין,אין,התרעה בלבד,אין,אין,אין,אין,יש,יש,אין,אין,--,429.4,177.2,160.5,261.0,393.0,1456,1320.0,500,1000,215/55R17,50.0,מקורית + שליטה מההגה,יש,אין,יש,--,יש,USB + AUX,אין,אין,אין,4.0,בקרת אקלים מפוצלת,גג שמש פנוראמי,יש,יש,בד משולב עור,אין,מלפנים,אין,LED,יש,יש,יש,אחוריים + קדמיים,אחורית,אין,יש,אין,אין,כניסה + הנעה,יש,אין,יש,אין,יש,אין,יש,יש + Auto Hold,אין,אין,רגילים,אין,מסילות גג,מדרגות צד
25,הונדה,HR-V,Elegance,2021.0,5.0,5,--,3.0,3594,--,2014.0,קדמית,אוטומטית - רציפה,--,בנזין,4.0,1498.0,130.0,6600.0,15.8,4600.0,11.2,187,--,--,14.9,--,--,--,--,--,7,0,ABS + EBD + BAS,6.0,יש,יש,יש,יש,יש,יש,יש,אין,אין,התרעה בלבד,אין,אין,אין,אין,יש,יש,אין,אין,--,433.5,177.2,160.5,261.0,393.0,1456,1251.0,650,1000,215/60R16,50.0,מקורית + שליטה מההגה,יש,אין,יש,7,אין,USB + AUX,אין,אין,אין,4.0,בקרת אקלים מפוצלת,אין,יש,יש,בד,אין,אין,אין,LED,יש,יש,יש,אחוריים + קדמיים,אחורית,אין,יש,אין,אין,אין,יש,אין,יש,אין,יש,אין,יש,יש + Auto Hold,אין,אין,רגילים,אין,"חלונות כהים מאחור, משענת יד אחורית",--
26,הונדה,HR-V,Executive,2020.0,5.0,5,--,5.0,4018,--,2014.0,קדמית,אוטומטית - רציפה,--,בנזין,4.0,1498.0,130.0,6600.0,15.8,4600.0,11.4,187,15.8,21.2,18.5,--,--,--,--,--,7,0,ABS + EBD + BAS,6.0,יש,יש,יש,יש,יש,יש,יש,אין,אין,התרעה בלבד,אין,אין,אין,אין,יש,יש,אין,אין,--,434.6,179.0,160.5,261.0,393.0,1456,1251.0,650,1000,225/50R18,50.0,מקורית + שליטה מההגה,יש,אין,יש,7,אין,USB + AUX,אין,אין,אין,4.0,בקרת אקלים מפוצלת,גג שמש פנוראמי,יש,יש,בד משולב עור,אין,אין,אין,LED,יש,יש,יש,אחוריים + קדמיים,אחורית,אין,יש,אין,אין,כניסה + הנעה,יש,מראות פנים,יש,אין,יש,אין,יש,יש + Auto Hold,אין,אין,רגילים,אין,"חלונות כהים מאחור, משענת יד אחורית, מסילות גג",--
27,הונדה,HR-V,Comfort,2017.0,5.0,5,--,3.0,--,--,2014.0,קדמית,אוטומטית - רציפה,--,בנזין,4.0,1498.0,131.0,6600.0,15.8,4600.0,10.8,187,16.4,21.7,19.2,--,--,--,--,--,3,0,ABS + EBD + BAS,6.0,יש,יש,יש,יש,יש,יש,אין,אין,אין,אין,אין,אין,אין,אין,אין,אין,אין,אין,--,429.4,177.2,160.5,261.0,431.0,1533,1249.0,500,1000,215/60R16,50.0,מקורית + שליטה מההגה,יש,אין,יש,--,יש,USB + AUX,אין,אין,אין,4.0,בקרת אקלים,אין,יש,יש,בד,אין,מלפנים,אין,רגילים,אופציונלי,אין,יש,אין,אין,אין,יש,אין,אין,אין,יש,אין,אין,אין,אין,אין,יש,יש + Auto Hold,אין,אין,רגילים,אין,--,"חיישני חניה אחוריים וקדמיים, מדרגות צד, מסילות גג"
28,הונדה,HR-V,Comfort,2018.0,5.0,5,--,3.0,--,--,2014.0,קדמית,אוטומטית - רציפה,--,בנזין,4.0,1498.0,131.0,6600.0,15.8,4600.0,10.8,187,16.4,21.7,19.2,--,--,--,--,--,3,0,ABS + EBD + BAS,6.0,יש,יש,יש,יש,יש,יש,אין,אין,אין,אין,אין,אין,אין,אין,אין,אין,אין,אין,--,429.4,177.2,160.5,261.0,431.0,1533,1249.0,500,1000,215/60R16,50.0,מקורית + שליטה מההגה,יש,אין,יש,--,יש,USB + AUX,אין,אין,אין,4.0,בקרת אקלים,אין,יש,יש,בד,אין,מלפנים,אין,רגילים,אופציונלי,אין,יש,אין,אין,אין,יש,אין,אין,אין,יש,אין,אין,אין,אין,אין,יש,יש + Auto Hold,אין,אין,רגילים,אין,--,"חיישני חניה אחוריים וקדמיים, מדרגות צד, מסילות גג"
29,הונדה,HR-V,Executive,2019.0,5.0,5,--,5.0,--,--,2014.0,קדמית,אוטומטית - רציפה,--,בנזין,4.0,1498.0,130.0,6600.0,15.8,4600.0,11.4,187,15.8,21.2,18.5,--,--,--,--,--,7,0,ABS + EBD + BAS,6.0,יש,יש,יש,יש,יש,יש,אין,אין,אין,התרעה בלבד,אין,אין,אין,אין,יש,יש,אין,אין,--,433.5,177.2,160.5,261.0,431.0,1456,1324.0,650,1000,215/55R17,50.0,מקורית + שליטה מההגה,יש,אין,יש,--,אין,USB + AUX,אין,אין,אין,4.0,בקרת אקלים מפוצלת,גג שמש פנוראמי,יש,יש,בד משולב עור,אין,אין,אין,LED,יש,יש,יש,אחוריים + קדמיים,אחורית,אין,יש,אין,אין,כניסה + הנעה,יש,אין,יש,אין,יש,אין,יש,יש + Auto Hold,אין,אין,רגילים,אין,"חלונות כהים מאחור, משענת יד אחורית, מסילות גג",--
30,הונדה,HR-V,Executive,2016.0,5.0,5,--,5.0,--,--,2014.0,קדמית,אוטומטית - רציפה,--,בנזין,4.0,1498.0,131.0,6600.0,15.8,4600.0,11.4,187,15.9,20.8,18.5,--,--,--,--,--,3,0,ABS + EBD + BAS,6.0,יש,יש,יש,יש,יש,יש,אין,אין,אין,התרעה בלבד,אין,אין,אין,אין,יש,יש,אין,אין,--,429.4,177.2,160.5,261.0,393.0,1456,1320.0,500,1000,215/55R17,50.0,מקורית + שליטה מההגה,יש,אין,יש,--,יש,USB + AUX,אין,אין,אין,4.0,בקרת אקלים מפוצלת,גג שמש פנוראמי,יש,יש,בד משולב עור,אין,מלפנים,אין,LED,יש,יש,יש,אחוריים + קדמיים,אחורית,אין,יש,אין,אין,כניסה + הנעה,יש,אין,יש,אין,יש,אין,יש,יש + Auto Hold,אין,אין,רגילים,אין,מסילות גג,מדרגות צד
31,הונדה,HR-V,Elegance,2019.0,5.0,5,--,3.0,--,--,2014.0,קדמית,אוטומטית - רציפה,--,בנזין,4.0,1498.0,130.0,6600.0,15.8,4600.0,11.2,187,15.8,21.2,19.2,--,--,--,--,--,6,0,ABS + EBD + BAS,6.0,יש,יש,יש,יש,יש,יש,אין,אין,אין,התרעה בלבד,אין,אין,אין,אין,יש,יש,אין,אין,--,433.5,177.2,160.5,261.0,470.0,1456,1249.0,650,1000,215/60R16,50.0,מקורית + שליטה מההגה,יש,אין,יש,--,אין,USB + AUX,אין,אין,אין,4.0,בקרת אקלים מפוצלת,אין,יש,יש,בד,אין,אין,אין,רגילים,יש,יש,יש,אחוריים + קדמיים,אחורית,אין,יש,אין,אין,אין,יש,אין,יש,אין,אין,אין,יש,יש + Auto Hold,אין,אין,רגילים,אין,"חלונות כהים מאחור, משענת יד אחורית",--
32,הונדה,HR-V,Executive,2018.0,5.0,5,--,5.0,--,--,2014.0,קדמית,אוטומטית - רציפה,--,בנזין,4.0,1498.0,131.0,6600.0,15.8,4600.0,11.4,187,15.9,20.8,18.5,--,--,--,--,--,3,0,ABS + EBD + BAS,6.0,יש,יש,יש,יש,יש,יש,אין,אין,אין,התרעה בלבד,אין,אין,אין,אין,יש,יש,אין,אין,--,429.4,177.2,160.5,261.0,393.0,1456,1320.0,500,1000,215/55R17,50.0,מקורית + שליטה מההגה,יש,אין,יש,--,יש,USB + AUX,אין,אין,אין,4.0,בקרת אקלים מפוצלת,גג שמש פנוראמי,יש,יש,בד משולב עור,אין,מלפנים,אין,LED,יש,יש,יש,אחוריים + קדמיים,אחורית,אין,יש,אין,אין,כניסה + הנעה,יש,אין,יש,אין,יש,אין,יש,יש + Auto Hold,אין,אין,רגילים,אין,מסילות גג,מדרגות צד
33,הונדה,אינסייט,Elegance,2010.0,5.0,5,--,4.0,--,--,2008.0,קדמית,אוטומטית - רציפה,6,היברידי (בנזין),4.0,1339.0,98.0,5800.0,17.0,1300.0,12.5,184,20.5,24.1,21.8,--,--,--,--,--,2,0,ABS + EBD + BAS,6.0,יש,יש,יש,אין,יש,אין,אין,אין,אין,אין,אין,אין,אין,אין,אין,אין,אין,אין,--,439.5,169.5,142.5,255.0,400.0,1017,1204.0,0.0,0.0,185/55R16,40.0,מקורית + שליטה מההגה,אין,אין,אין,--,אין,USB + AUX,אין,אין,אין,4.0,בקרת אקלים,אין,יש,יש,בד,אין,אין,אין,רגילים,יש,יש,יש,אין,אין,אין,יש,אין,אין,אין,יש,אין,יש,אין,יש,אין,אין,אין,אין,אין,רגילים,אין,--,--
34,הונדה,אינסייט,Comfort,2012.0,5.0,5,--,3.0,--,--,2008.0,קדמית,אוטומטית - רציפה,6,היברידי (בנזין),4.0,1339.0,98.0,5800.0,17.0,1000.0,12.5,184,23,25,24.3,--,--,--,--,--,2,0,ABS + EBD + BAS,6.0,יש,יש,יש,אין,יש,אין,אין,אין,אין,אין,אין,אין,אין,אין,אין,אין,אין,אין,--,439.5,169.5,143.5,255.0,408.0,1017,1220.0,0.0,0.0,185/65R15,40.0,מקורית + שליטה מההגה,אין,אין,אין,--,אין,USB + AUX,אין,אין,אין,4.0,בקרת אקלים,אין,יש,יש,בד,אין,אין,אין,רגילים,אופציונלי,אין,אין,אין,אין,אין,יש,אין,אין,אין,יש,אין,יש,אין,אין,אין,אין,אין,אין,אין,רגילים,אין,--,--
35,הונדה,אינסייט,Comfort,2011.0,5.0,5,--,3.0,--,--,2008.0,קדמית,אוטומטית - רציפה,6,היברידי (בנזין),4.0,1339.0,98.0,5800.0,17.0,1300.0,12.5,184,20.5,24.1,21.8,--,--,--,--,--,2,0,ABS + EBD + BAS,6.0,יש,יש,יש,אין,יש,אין,אין,אין,אין,אין,אין,אין,אין,אין,אין,אין,אין,אין,--,439.5,169.5,142.5,255.0,400.0,1017,1204.0,0.0,0.0,175/65R15,40.0,מקורית + שליטה מההגה,אין,אין,אין,--,אין,AUX,אין,אין,אין,4.0,בקרת אקלים,אין,יש,ללא,בד,אין,אין,אין,רגילים,אופציונלי,אין,אין,אין,אין,אין,יש,אין,אין,אין,יש,אין,אין,אין,אין,אין,אין,אין,אין,אין,רגילים,אין,--,--
36,הונדה,אינסייט,Elegance,2009.0,5.0,5,--,4.0,--,--,2008.0,קדמית,אוטומטית - רציפה,6,היברידי (בנזין),4.0,1339.0,98.0,5800.0,17.0,1300.0,12.5,184,20.5,24.1,21.8,--,--,--,--,--,2,0,ABS + EBD + BAS,6.0,יש,יש,יש,אין,אין,אין,אין,אין,אין,אין,אין,אין,אין,אין,אין,אין,אין,אין,--,439.5,169.5,142.5,255.0,400.0,1017,1204.0,0.0,0.0,185/55R16,40.0,מקורית + שליטה מההגה,אין,אין,אין,--,אין,USB + AUX,אין,אין,אין,4.0,בקרת אקלים,אין,יש,יש,בד,אין,אין,אין,רגילים,יש,יש,יש,אין,אין,אין,יש,אין,אין,אין,יש,אין,יש,אין,יש,אין,אין,אין,אין,אין,רגילים,אין,--,--
37,הונדה,אינסייט,Comfort,2013.0,5.0,5,--,3.0,--,--,2008.0,קדמית,אוטומטית - רציפה,6,היברידי (בנזין),4.0,1339.0,98.0,5800.0,17.0,1000.0,12.5,184,23,25,24.3,--,--,--,--,--,2,0,ABS + EBD + BAS,6.0,יש,יש,יש,אין,יש,אין,אין,אין,אין,אין,אין,אין,אין,אין,אין,אין,אין,אין,--,439.5,169.5,143.5,255.0,408.0,1017,1220.0,0.0,0.0,185/65R15,40.0,מקורית + שליטה מההגה,אין,אין,אין,--,אין,USB + AUX,אין,אין,אין,4.0,בקרת אקלים,אין,יש,יש,בד,אין,אין,אין,רגילים,אופציונלי,אין,אין,אין,אין,אין,יש,אין,אין,אין,יש,אין,יש,אין,אין,אין,אין,אין,אין,אין,רגילים,אין,--,--
38,הונדה,אינסייט,Comfort,2009.0,5.0,5,--,3.0,--,--,2008.0,קדמית,אוטומטית - רציפה,6,היברידי (בנזין),4.0,1339.0,98.0,5800.0,17.0,1300.0,12.5,184,20.5,24.1,21.8,--,--,--,--,--,2,0,ABS + EBD + BAS,6.0,יש,יש,יש,אין,אין,אין,אין,אין,אין,אין,אין,אין,אין,אין,אין,אין,אין,אין,--,439.5,169.5,142.5,255.0,400.0,1017,1204.0,0.0,0.0,175/65R15,40.0,מקורית + שליטה מההגה,אין,אין,אין,--,אין,AUX,אין,אין,אין,4.0,בקרת אקלים,אין,יש,ללא,בד,אין,אין,אין,רגילים,אופציונלי,אין,אין,אין,אין,אין,יש,אין,אין,אין,יש,אין,אין,אין,אין,אין,אין,אין,אין,אין,רגילים,אין,--,--
39,הונדה,אינסייט,Comfort,2010.0,5.0,5,--,3.0,--,--,2008.0,קדמית,אוטומטית - רציפה,6,היברידי (בנזין),4.0,1339.0,98.0,5800.0,17.0,1300.0,12.5,184,20.5,24.1,21.8,--,--,--,--,--,2,0,ABS + EBD + BAS,6.0,יש,יש,יש,אין,יש,אין,אין,אין,אין,אין,אין,אין,אין,אין,אין,אין,אין,אין,--,439.5,169.5,142.5,255.0,400.0,1017,1204.0,0.0,0.0,175/65R15,40.0,מקורית + שליטה מההגה,אין,אין,אין,--,אין,AUX,אין,אין,אין,4.0,בקרת אקלים,אין,יש,ללא,בד,אין,אין,אין,רגילים,אופציונלי,אין,אין,אין,אין,אין,יש,אין,אין,אין,יש,אין,אין,אין,אין,אין,אין,אין,אין,אין,רגילים,אין,--,--
40,הונדה,אינסייט,Comfort,2014.0,5.0,5,--,3.0,--,--,2008.0,קדמית,אוטומטית - רציפה,--,היברידי (בנזין),4.0,1339.0,98.0,5800.0,17.0,1000.0,12.5,182,23,25,24.3,--,--,--,--,--,4,0,ABS + EBD + BAS,6.0,יש,יש,יש,אין,יש,אין,אין,אין,אין,אין,אין,אין,אין,אין,אין,אין,אין,אין,--,439.5,169.5,143.5,255.0,408.0,584,1220.0,0.0,0.0,185/65R15,40.0,מקורית + שליטה מההגה,אין,אין,אין,--,אין,USB + AUX,אין,אין,אין,4.0,בקרת אקלים,אין,יש,יש,בד,אין,אין,אין,רגילים,אופציונלי,אין,אין,אין,אין,אין,יש,אין,אין,אין,יש,אין,יש,אין,אין,אין,אין,אין,אין,אין,רגילים,אין,--,--
41,הונדה,אינסייט,Comfort,2014.0,5.0,5,--,3.0,--,--,2008.0,קדמית,אוטומטית - רציפה,--,היברידי (בנזין),4.0,1339.0,98.0,5800.0,17.0,1000.0,12.5,182,23,25,24.3,--,--,--,--,--,4,0,ABS + EBD + BAS,6.0,יש,יש,יש,אין,יש,אין,אין,אין,אין,אין,אין,אין,אין,אין,אין,אין,אין,אין,--,439.5,169.5,143.5,255.0,408.0,584,1220.0,0.0,0.0,185/65R15,40.0,מקורית + שליטה מההגה,אין,אין,אין,--,אין,USB + AUX,אין,אין,אין,4.0,בקרת אקלים,אין,יש,יש,בד,אין,אין,אין,רגילים,אופציונלי,אין,אין,אין,אין,אין,יש,אין,אין,אין,יש,אין,יש,אין,אין,אין,אין,אין,אין,אין,רגילים,אין,--,--
42,הונדה,אקורד_סטיישן,Executive,2009.0,5.0,5,--,6.0,--,--,2008.0,קדמית,אוטומטית - טיפטרוניק,5,בנזין,4.0,2354.0,200.0,7000.0,23.4,4200.0,9.5,227,--,--,11.6,--,--,--,--,--,13,0,ABS + EBD,6.0,יש,יש,יש,אין,--,--,--,--,אין,--,--,--,--,--,--,--,--,--,--,474.0,184.0,144.0,270.5,406.0,--,1565.0,--,--,225/50R17,65.0,מקורית + שליטה מההגה,יש,אין,אין,--,אין,אין,--,--,אין,4.0,בקרת אקלים + פתחי איוורור מאחור,יש,יש,יש,עור,יש  + זכרון,אין,--,קסנון,יש,יש,יש,אחוריים,אין,אין,יש,--,--,אין,יש,אופציונלי,אין,--,--,--,--,--,--,--,--,--,--,--
43,הונדה,אקורד_סטיישן,Executive,2010.0,5.0,5,--,6.0,--,--,2008.0,קדמית,אוטומטית - טיפטרוניק,5,בנזין,4.0,2354.0,200.0,7000.0,23.4,4200.0,9.5,227,--,--,11.6,--,--,--,--,--,13,0,ABS + EBD,6.0,יש,יש,יש,אין,--,--,--,--,אין,--,--,--,--,--,--,--,--,--,--,474.0,184.0,144.0,270.5,406.0,--,1565.0,--,--,225/50R17,65.0,מקורית + שליטה מההגה,יש,אין,אין,--,אין,אין,--,--,אין,4.0,בקרת אקלים + פתחי איוורור מאחור,יש,יש,יש,עור,יש  + זכרון,אין,--,קסנון,יש,יש,יש,אחוריים,אין,אין,יש,--,--,אין,יש,אופציונלי,אין,--,--,--,--,--,--,--,--,--,--,--
44,הונדה,אקורד_סטיישן,Executive,2010.0,5.0,5,--,6.0,--,--,2008.0,קדמית,אוטומטית - טיפטרוניק,5,בנזין,4.0,1997.0,156.0,6300.0,19.6,4100.0,10.6,214,--,--,13.4,--,--,--,--,--,10,0,ABS + EBD,6.0,יש,יש,יש,אין,--,--,--,--,אין,--,--,--,--,--,--,--,--,--,--,474.0,184.0,144.0,270.5,406.0,--,1525.0,--,--,225/50R17,65.0,מקורית + שליטה מההגה,יש,אין,אין,--,אין,אין,--,--,אין,4.0,בקרת אקלים + פתחי איוורור מאחור,יש,יש,יש,בד,אין,אין,--,קסנון,יש,יש,יש,אחוריים,אין,אין,יש,--,--,אין,יש,אופציונלי,אין,--,--,--,--,--,--,--,--,--,--,--
45,הונדה,אקורד_סטיישן,Executive,2011.0,5.0,5,--,6.0,--,--,2008.0,קדמית,אוטומטית - טיפטרוניק,5,בנזין,4.0,2354.0,200.0,7000.0,23.4,4200.0,9.5,227,--,--,11.6,--,--,--,--,--,13,0,ABS + EBD,6.0,יש,יש,יש,אין,--,--,--,--,אין,--,--,--,--,--,--,--,--,--,--,474.0,184.0,144.0,270.5,406.0,--,1565.0,--,--,225/50R17,65.0,מקורית + שליטה מההגה,יש,אין,אין,--,אין,אין,--,--,אין,4.0,בקרת אקלים + פתחי איוורור מאחור,יש,יש,יש,עור,יש  + זכרון,אין,--,קסנון,יש,יש,יש,אחוריים,אין,אין,יש,--,--,אין,יש,אופציונלי,אין,--,--,--,--,--,--,--,--,--,--,--
46,הונדה,אקורד_סטיישן,Executive,2009.0,5.0,5,--,6.0,--,שלוש שנים,2008.0,קדמית,אוטומטית - טיפטרוניק,5,בנזין,4.0,1997.0,156.0,6300.0,19.6,4100.0,10.6,214,--,--,13.4,--,--,--,--,--,10,0,ABS + EBD,6.0,יש,יש,יש,אין,--,--,--,--,אין,--,--,--,--,--,--,--,--,--,--,474.0,184.0,144.0,270.5,406.0,--,1525.0,--,--,225/50R17,65.0,מקורית + שליטה מההגה,יש,אין,אין,--,אין,אין,--,--,אין,4.0,בקרת אקלים + פתחי איוורור מאחור,יש,יש,יש,בד,אין,אין,--,קסנון,יש,יש,יש,אחוריים,אין,אין,יש,--,--,אין,יש,אופציונלי,אין,--,--,--,--,--,--,--,--,--,--,--
47,הונדה,אקורד_סטיישן,Executive,2011.0,5.0,5,--,6.0,--,--,2008.0,קדמית,אוטומטית - טיפטרוניק,5,בנזין,4.0,1997.0,156.0,6300.0,19.6,4100.0,10.6,214,--,--,13.4,--,--,--,--,--,10,0,ABS + EBD,6.0,יש,יש,יש,אין,--,--,--,--,אין,--,--,--,--,--,--,--,--,--,--,474.0,184.0,144.0,270.5,406.0,--,1525.0,--,--,225/50R17,65.0,מקורית + שליטה מההגה,יש,אין,אין,--,אין,אין,--,--,אין,4.0,בקרת אקלים + פתחי איוורור מאחור,יש,יש,יש,בד,אין,אין,--,קסנון,יש,יש,יש,אחוריים,אין,אין,יש,--,--,אין,יש,אופציונלי,אין,--,--,--,--,--,--,--,--,--,--,--
48,הונדה,אודיסיי,,2015.0,5.0,8,--,7.0,--,--,2011.0,קדמית,אוטומטית,6,בנזין,6.0,3471.0,248.0,5700.0,34.5,4800.0,--,--,8.1,11.9,9.3,--,--,--,--,--,--,אין ציון,ABS + EBD + BAS,8.0,יש,יש,יש,יש,יש,--,--,--,אין,--,--,--,--,--,--,--,--,--,--,515.4,201.2,173.7,300.0,1087.0,2636,2053.0,--,--,235/65R17,80.0,מקורית + שליטה מההגה,יש,אין,יש,--,יש,כונן קשיח + USB+ AUX,--,--,אופציונלי,4.0,בקרת אקלים מפוצלת,יש,אין,יש,עור,יש  - כוונון מלא,מלפנים,--,רגילים,אין,אין,אין,אין,אחורית,אין,יש,--,--,כניסה + הנעה,אין,מראות פנים,הגה בלבד,--,--,--,--,--,--,--,--,--,--,--
49,הונדה,אודיסיי,,2015.0,5.0,8,--,6.0,--,--,2011.0,קדמית,אוטומטית,6,בנזין,6.0,3471.0,248.0,5700.0,34.5,4800.0,--,--,8.1,11.9,9.3,--,--,--,--,--,--,אין ציון,ABS + EBD + BAS,8.0,יש,יש,יש,יש,יש,--,--,--,אין,--,--,--,--,--,--,--,--,--,--,515.4,201.2,173.7,300.0,1087.0,2636,2028.0,--,--,235/65R17,80.0,מקורית + שליטה מההגה,יש,אין,יש,--,יש,USB + AUX,--,--,אין,4.0,בקרת אקלים מפוצלת,אין,אין,יש,בד,יש  - כוונון מלא,אין,--,רגילים,אין,אין,אין,אין,אחורית,אין,יש,--,--,כניסה + הנעה,אין,אין,אין,--,--,--,--,--,--,--,--,--,--,--
50,הונדה,ג'אז_היברידית,Executive,2022.0,5.0,5,"139,900",3.0,2970,שלוש שנים,2019.0,קדמית,תמסורת ישירה,--,היברידי (בנזין),4.0,1498.0,109.0,5500.0,25.8,4500.0,9.5,175,--,--,21.7,--,--,--,--,--,2,0,ABS + EBD + BAS,10.0,יש,יש,יש,יש,יש,יש,יש,יש,יש,היגוי אקטיבי,התרעה בלבד,יש,אין,אין,יש,יש,אין,אין,כולל כרית אוויר מרכזית בין המושבים הקדמיים,404.4,169.4,152.6,251.7,304.0,1205,1304.0,0.0,0.0,185/55R16,40.0,מקורית + שליטה מההגה,יש,אין,יש,9,אין,USB,Android Auto + Apple CarPlay אלחוטי,אין,אין,4.0,בקרת אקלים,אין,יש,כולל שמירת מרחק,בד משולב עור,אין,מלפנים,אין,LED,יש,יש,יש,אחוריים + קדמיים,אחורית,אין,יש,יש,אין,כניסה + הנעה,יש,אין,יש,יש,אין,אין,יש,יש + Auto Hold,אין,אין,רגילים,אין,"שקע USB נוסף ו-2 מאחור, חלונות אחוריים כהים, מראות צד מחוממות, חיפוי כרום למראות הצד, ערכת תיקון תקר",--
51,הונדה,ג'אז_היברידית,Comfort,2022.0,5.0,5,"125,900",2.0,2623,שלוש שנים,2019.0,קדמית,תמסורת ישירה,--,היברידי (בנזין),4.0,1498.0,109.0,5500.0,25.8,4500.0,9.4,175,--,--,22.2,--,--,--,--,--,2,0,ABS + EBD + BAS,10.0,יש,יש,יש,יש,יש,יש,יש,יש,יש,היגוי אקטיבי,אין,אין,אין,אין,יש,יש,אין,אין,כולל כרית אוויר מרכזית בין המושבים הקדמיים,404.4,169.4,152.6,251.7,304.0,1205,1228.0,0.0,0.0,185/60R15,40.0,מקורית + שליטה מההגה,יש,אין,יש,5,אין,USB,אין,אין,אין,4.0,בקרת אקלים,אין,אין,כולל שמירת מרחק,בד,אין,מלפנים,אין,LED,אין,יש,יש,אין,אחורית,אין,יש,יש,אין,הנעה בלבד,אין,אין,אין,אין,אין,אין,יש,יש + Auto Hold,אין,אין,רגילים,אין,"מראות צד מחוממות, ערכת תיקון תקר",--
52,הונדה,ג'אז_היברידית,Elegance,2022.0,5.0,5,"132,900",3.0,2796,שלוש שנים,2019.0,קדמית,תמסורת ישירה,--,היברידי (בנזין),4.0,1498.0,109.0,5500.0,25.8,4500.0,9.4,175,--,--,22.2,--,--,--,--,--,2,0,ABS + EBD + BAS,10.0,יש,יש,יש,יש,יש,יש,יש,יש,יש,היגוי אקטיבי,אין,אין,אין,אין,יש,יש,אין,אין,כולל כרית אוויר מרכזית בין המושבים הקדמיים,404.4,169.4,152.6,251.7,304.0,1205,1228.0,0.0,0.0,185/60R15,40.0,מקורית + שליטה מההגה,יש,אין,יש,9,אין,USB,Android Auto + Apple CarPlay אלחוטי,אין,אין,4.0,בקרת אקלים,אין,יש,כולל שמירת מרחק,בד משולב עור,אין,מלפנים,אין,LED,אין,יש,יש,אחוריים + קדמיים,אחורית,אין,יש,יש,אין,הנעה בלבד,יש,אין,אין,אין,אין,אין,יש,יש + Auto Hold,אין,אין,רגילים,אין,"שקע USB נוסף, מראות צד מחוממות, ערכת תיקון תקר",--
53,הונדה,סיוויק_TYPE-R,,2020.0,5.0,5,--,6.0,6694,--,2015.0,קדמית,ידנית,6,טורבו בנזין,4.0,1966.0,319.0,6500.0,40.8,2500.0,5.8,272,10.2,16.1,12.9,--,--,--,--,--,14,0,ABS + EBD + BAS,6.0,יש,יש,יש,יש,יש,יש,אין,אין,יש,היגוי אקטיבי,אין,אין,אין,אין,יש,יש,אין,אין,--,455.7,187.7,143.4,269.9,428.0,--,1380.0,0.0,0.0,245/30R20,46.0,מקורית + שליטה מההגה,יש,אין,יש,7,אין,USB,אין,אין,אין,4.0,בקרת אקלים,אין,יש,כולל שמירת מרחק,בד,אין,אין,אין,LED,יש,יש,יש,אין,אחורית,אין,יש,אין,אין,כניסה + הנעה,אין,אין,הגה בלבד,אין,אין,יש,יש,יש + Auto Hold,אין,אין,אדפטיביים,אין,"מערכת עזר לזינוק בעליה, מושבי ספורט, ספוילר אחורי",--
54,הונדה,סיוויק_TYPE-R,,2018.0,5.0,5,--,6.0,--,--,2015.0,קדמית,ידנית,6,טורבו בנזין,4.0,1966.0,319.0,6500.0,40.8,2500.0,5.8,272,10.2,16.1,12.9,--,--,--,--,--,14,0,ABS + EBD + BAS,6.0,יש,יש,יש,יש,יש,יש,אין,אין,יש,היגוי אקטיבי,אין,אין,אין,אין,יש,יש,אין,אין,--,455.7,187.7,143.4,269.9,428.0,--,1380.0,0.0,0.0,245/30R20,46.0,מקורית + שליטה מההגה,יש,אין,יש,7,אין,USB,אין,אין,אין,4.0,בקרת אקלים,אין,יש,כולל שמירת מרחק,בד,אין,אין,אין,LED,יש,יש,יש,אין,אחורית,אין,יש,אין,אין,כניסה + הנעה,אין,אין,הגה בלבד,אין,אין,יש,יש,יש + Auto Hold,אין,אין,אדפטיביים,אין,"מערכת עזר לזינוק בעליה, מושבי ספורט, ספוילר אחורי",--
55,הונדה,סיוויק_TYPE-R,,2019.0,5.0,5,--,6.0,--,--,2015.0,קדמית,ידנית,6,טורבו בנזין,4.0,1966.0,319.0,6500.0,40.8,2500.0,5.8,272,10.2,16.1,12.9,--,--,--,--,--,14,0,ABS + EBD + BAS,6.0,יש,יש,יש,יש,יש,יש,אין,אין,יש,היגוי אקטיבי,אין,אין,אין,אין,יש,יש,אין,אין,--,455.7,187.7,143.4,269.9,428.0,--,1380.0,0.0,0.0,245/30R20,46.0,מקורית + שליטה מההגה,יש,אין,יש,7,אין,USB,אין,אין,אין,4.0,בקרת אקלים,אין,יש,כולל שמירת מרחק,בד,אין,אין,אין,LED,יש,יש,יש,אין,אחורית,אין,יש,אין,אין,כניסה + הנעה,אין,אין,הגה בלבד,אין,אין,יש,יש,יש + Auto Hold,אין,אין,אדפטיביים,אין,"מערכת עזר לזינוק בעליה, מושבי ספורט, ספוילר אחורי",--
56,הונדה,סיוויק_TYPE-R,,2021.0,5.0,5,--,6.0,6942,--,2015.0,קדמית,ידנית,6,טורבו בנזין,4.0,1966.0,319.0,6500.0,40.8,2500.0,5.8,272,--,--,11.7,--,--,--,--,--,14,0,ABS + EBD + BAS,6.0,יש,יש,יש,יש,יש,יש,אין,אין,יש,היגוי אקטיבי,אין,אין,אין,אין,יש,יש,אין,אין,--,455.7,187.7,143.4,269.9,428.0,--,1380.0,0.0,0.0,245/30R20,46.0,מקורית + שליטה מההגה,יש,אין,יש,7,אין,USB,אין,אין,אין,4.0,בקרת אקלים,אין,יש,כולל שמירת מרחק,בד,אין,אין,אין,LED,יש,יש,יש,אין,אחורית,אין,יש,אין,אין,כניסה + הנעה,אין,אין,הגה בלבד,אין,אין,יש,יש,יש + Auto Hold,אין,אין,אדפטיביים,אין,"מערכת עזר לזינוק בעליה, מושבי ספורט, ספוילר אחורי",--
57,הונדה,סיוויק_סטיישן,,2015.0,5.0,5,--,4.0,--,--,2013.0,קדמית,אוטומטית - טיפטרוניק,5,בנזין,4.0,1798.0,142.0,6500.0,17.7,4300.0,10.9,205,11.2,19.2,15.4,--,--,--,--,--,6,0,ABS + EBD + BAS,6.0,יש,יש,יש,יש,יש,--,--,--,אין,--,--,--,--,--,--,--,--,--,--,453.5,177.0,148.0,259.5,573.0,1610,1335.0,--,--,205/55R16,50.0,מקורית + שליטה מההגה,אין,אין,אין,--,אין,USB + AUX,--,--,אין,4.0,בקרת אקלים,אין,יש,יש,בד,אין,אין,--,רגילים,אין,אין,אין,אין,אין,אין,יש,--,--,אין,אין,אין,אין,--,--,--,--,--,--,--,--,--,--,--
58,הונדה,סיוויק_סטיישן,,2017.0,5.0,5,--,3.0,--,--,2013.0,קדמית,אוטומטית - טיפטרוניק,5,בנזין,4.0,1798.0,142.0,6500.0,17.7,4300.0,10.9,205,11.2,19.2,15.4,--,--,--,--,--,6,0,ABS + EBD + BAS,6.0,יש,יש,יש,יש,יש,--,--,--,אין,--,--,--,--,--,--,--,--,--,--,453.5,177.0,148.0,259.5,573.0,1610,1335.0,--,--,205/55R16,50.0,מקורית + שליטה מההגה,אין,אין,אין,--,אין,USB + AUX,--,--,אין,4.0,בקרת אקלים,אין,יש,יש,בד,אין,אין,--,רגילים,אין,אין,אין,אין,אין,אין,יש,--,--,אין,אין,אין,אין,--,--,--,--,--,--,--,--,--,--,--
59,הונדה,סיוויק_סטיישן,,2014.0,5.0,5,--,4.0,--,--,2013.0,קדמית,אוטומטית - טיפטרוניק,5,בנזין,4.0,1798.0,142.0,6500.0,17.7,4300.0,10.9,205,11.2,19.2,15.4,--,--,--,--,--,4,0,ABS + EBD + BAS,6.0,יש,יש,יש,יש,יש,--,--,--,אין,--,--,--,--,--,--,--,--,--,--,453.5,177.0,148.0,259.5,573.0,1610,1335.0,--,--,205/55R16,50.0,מקורית + שליטה מההגה,אין,אין,אין,--,אין,USB + AUX,--,--,אין,4.0,בקרת אקלים,אין,יש,יש,בד,אין,אין,--,רגילים,אין,אין,אין,אין,אין,אין,יש,--,--,אין,אין,אין,אין,--,--,--,--,--,--,--,--,--,--,--
60,הונדה,סיוויק_סטיישן,,2016.0,5.0,5,--,3.0,3371,--,2013.0,קדמית,אוטומטית - טיפטרוניק,5,בנזין,4.0,1798.0,142.0,6500.0,17.7,4300.0,10.9,205,11.2,19.2,15.4,--,--,--,--,--,6,0,ABS + EBD + BAS,6.0,יש,יש,יש,יש,יש,--,--,--,אין,--,--,--,--,--,--,--,--,--,--,453.5,177.0,148.0,259.5,573.0,1610,1335.0,--,--,205/55R16,50.0,מקורית + שליטה מההגה,אין,אין,אין,--,אין,USB + AUX,--,--,אין,4.0,בקרת אקלים,אין,יש,יש,בד,אין,אין,--,רגילים,אין,אין,אין,אין,אין,אין,יש,--,--,אין,אין,אין,אין,--,--,--,--,--,--,--,--,--,--,--
61,הונדה,ג'אז,Comfort,2016.0,5.0,5,--,2.0,--,--,2013.0,קדמית,אוטומטית - רציפה,7,בנזין,4.0,1318.0,102.0,6000.0,12.5,5000.0,12.1,182,18.5,22.7,20.8,--,--,--,--,--,2,0,ABS + EBD + BAS,6.0,יש,יש,יש,יש,יש,יש,אין,אין,אין,התרעה בלבד,אין,אין,אין,אין,יש,יש,אין,אין,--,399.5,169.4,152.5,253.0,354.0,1314,1066.0,450,750,185/60R15,40.0,מקורית + שליטה מההגה,יש,אין,יש,7,אין,USB,אין,אין,אין,4.0,מזגן רגיל,אין,יש,יש,בד,אין,אין,אין,רגילים,אין,יש,יש,אחוריים,אין,אין,יש,אין,אין,אין,יש,אין,אין,אין,יש,אין,יש,אין,אין,אין,רגילים,אין,--,מצלמת חניה אחורית
62,הונדה,ג'אז,Trend,2017.0,5.0,5,--,2.0,--,--,2013.0,קדמית,אוטומטית - רציפה,7,בנזין,4.0,1318.0,102.0,6000.0,12.5,5000.0,12,182,18.9,24.4,21.7,--,--,--,--,--,3,0,ABS + EBD + BAS,6.0,יש,יש,יש,יש,יש,יש,אין,אין,אין,אין,אין,אין,אין,אין,אין,אין,אין,אין,--,399.5,169.4,152.5,253.0,354.0,1314,1066.0,450,750,185/60R15,40.0,מקורית + שליטה מההגה,יש,אין,אין,--,אין,USB + AUX,אין,אין,אין,4.0,מזגן רגיל,אין,אופציונלי,יש,בד,אין,אין,אין,רגילים,אין,יש,יש,אין,אין,אין,יש,אין,אין,אין,אין,אין,אין,אין,יש,אין,יש,אין,אין,אין,רגילים,אין,--,חיישני חניה אחוריים
63,הונדה,ג'אז,Trend,2019.0,5.0,5,--,2.0,--,--,2013.0,קדמית,אוטומטית - רציפה,7,בנזין,4.0,1318.0,102.0,6000.0,12.5,5000.0,12,182,18.9,24.4,21.7,--,--,--,--,--,3,0,ABS + EBD + BAS,6.0,יש,יש,יש,יש,יש,יש,אין,אין,אין,אין,אין,אין,אין,אין,אין,אין,אין,אין,"מערכת ""מובילאיי"" בהתקנה מקומית",399.5,169.4,152.5,253.0,354.0,1314,1066.0,450,1000,185/60R15,40.0,מקורית + שליטה מההגה,יש,אין,אין,--,אין,USB + AUX,אין,אין,אין,4.0,מזגן רגיל,אין,אופציונלי,יש,בד,אין,אין,אין,רגילים,אין,יש,יש,אין,אין,אין,יש,אין,אין,אין,אין,אין,אין,אין,יש,אין,יש,אין,אין,אין,רגילים,אין,--,חיישני חניה אחוריים
64,הונדה,ג'אז,Elegance,2016.0,5.0,5,--,2.0,--,--,2013.0,קדמית,אוטומטית - רציפה,7,בנזין,4.0,1318.0,102.0,6000.0,12.5,5000.0,12.3,182,18.1,22.2,20.4,--,--,--,--,--,3,0,ABS + EBD + BAS,6.0,יש,יש,יש,יש,יש,יש,אין,אין,אין,התרעה בלבד,אין,אין,אין,אין,יש,יש,אין,אין,--,399.5,169.4,152.5,253.0,354.0,1314,1066.0,450,750,185/55R16,40.0,מקורית + שליטה מההגה,יש,אין,יש,7,אין,USB,אין,אין,אין,4.0,בקרת אקלים,אין,יש,יש,בד,אין,אין,אין,רגילים,יש,יש,יש,אחוריים,אחורית,אין,יש,אין,אין,כניסה + הנעה,יש,אין,יש,אין,יש,אין,יש,אין,אין,אין,רגילים,אין,--,--
65,הונדה,ג'אז,Trend,2019.0,5.0,5,--,1.0,--,--,2013.0,קדמית,ידנית,6,בנזין,4.0,1318.0,102.0,6000.0,12.5,5000.0,11.2,190,16.4,23.3,20.0,--,--,--,--,--,3,0,ABS + EBD + BAS,6.0,יש,יש,יש,יש,יש,יש,אין,אין,אין,אין,אין,אין,אין,אין,אין,אין,אין,אין,"מערכת ""מובילאיי"" בהתקנה מקומית",399.5,169.4,152.5,253.0,354.0,1314,1066.0,450,1000,185/60R15,40.0,מקורית + שליטה מההגה,יש,אין,אין,--,אין,USB + AUX,אין,אין,אין,4.0,מזגן רגיל,אין,אופציונלי,יש,בד,אין,אין,אין,רגילים,אין,יש,יש,אין,אין,אין,יש,אין,אין,אין,אין,אין,אין,אין,אין,אין,יש,אין,אין,אין,רגילים,אין,--,חיישני חניה אחוריים
66,הונדה,ג'אז,Trend,2017.0,5.0,5,--,1.0,--,--,2013.0,קדמית,ידנית,6,בנזין,4.0,1318.0,102.0,6000.0,12.5,5000.0,11.2,190,16.4,23.3,20.0,--,--,--,--,--,3,0,ABS + EBD + BAS,6.0,יש,יש,יש,יש,יש,יש,אין,אין,אין,אין,אין,אין,אין,אין,אין,אין,אין,אין,--,399.5,169.4,152.5,253.0,354.0,1314,1066.0,450,750,185/60R15,40.0,מקורית + שליטה מההגה,יש,אין,אין,--,אין,USB + AUX,אין,אין,אין,4.0,מזגן רגיל,אין,אופציונלי,יש,בד,אין,אין,אין,רגילים,אין,יש,יש,אין,אין,אין,יש,אין,אין,אין,אין,אין,אין,אין,אין,אין,יש,אין,אין,אין,רגילים,אין,--,חיישני חניה אחוריים
67,הונדה,ג'אז,Comfort,2020.0,5.0,5,--,2.0,--,--,2013.0,קדמית,אוטומטית - רציפה,7,בנזין,4.0,1318.0,102.0,6000.0,12.5,5000.0,12.1,182,18.5,22.7,20.8,--,--,--,--,--,3,0,ABS + EBD + BAS,6.0,יש,יש,יש,יש,יש,יש,אין,אין,אין,התרעה בלבד,אין,אין,אין,אין,יש,יש,אין,אין,--,399.5,169.4,152.5,253.0,354.0,1314,1066.0,450,1000,185/60R15,40.0,מקורית + שליטה מההגה,יש,אין,יש,7,אין,USB,אין,אין,אין,4.0,מזגן רגיל,אין,יש,יש,בד,אין,אין,אין,רגילים,אין,יש,יש,אחוריים,אין,אין,יש,אין,אין,אין,יש,אין,אין,אין,יש,אין,יש,אין,אין,אין,רגילים,אין,--,מצלמת חניה אחורית
68,הונדה,ג'אז,Trend,2015.0,5.0,5,--,1.0,--,--,2013.0,קדמית,ידנית,6,בנזין,4.0,1318.0,102.0,6000.0,12.5,5000.0,11.2,190,16.4,23.3,20.0,--,--,--,--,--,3,0,ABS + EBD + BAS,6.0,יש,יש,יש,יש,יש,יש,אין,אין,אין,אין,אין,אין,אין,אין,אין,אין,אין,אין,--,399.5,169.4,152.5,253.0,354.0,1314,1066.0,450,750,185/60R15,40.0,מקורית + שליטה מההגה,יש,אין,אין,--,אין,USB + AUX,אין,אין,אין,4.0,מזגן רגיל,אין,אופציונלי,יש,בד,אין,אין,אין,רגילים,אין,יש,יש,אין,אין,אין,יש,אין,אין,אין,אין,אין,אין,אין,אין,אין,יש,אין,אין,אין,רגילים,אין,--,חיישני חניה אחוריים
69,הונדה,ג'אז,Trend,2018.0,5.0,5,--,2.0,--,--,2013.0,קדמית,אוטומטית - רציפה,7,בנזין,4.0,1318.0,102.0,6000.0,12.5,5000.0,12,182,18.9,24.4,21.7,--,--,--,--,--,3,0,ABS + EBD + BAS,6.0,יש,יש,יש,יש,יש,יש,אין,אין,אין,אין,אין,אין,אין,אין,אין,אין,אין,אין,"מערכת ""מובילאיי"" בהתקנה מקומית",399.5,169.4,152.5,253.0,354.0,1314,1066.0,450,1000,185/60R15,40.0,מקורית + שליטה מההגה,יש,אין,אין,--,אין,USB + AUX,אין,אין,אין,4.0,מזגן רגיל,אין,אופציונלי,יש,בד,אין,אין,אין,רגילים,אין,יש,יש,אין,אין,אין,יש,אין,אין,אין,אין,אין,אין,אין,יש,אין,יש,אין,אין,אין,רגילים,אין,--,חיישני חניה אחוריים
70,הונדה,ג'אז,Trend,2018.0,5.0,5,--,1.0,--,--,2013.0,קדמית,ידנית,6,בנזין,4.0,1318.0,102.0,6000.0,12.5,5000.0,11.2,190,16.4,23.3,20.0,--,--,--,--,--,3,0,ABS + EBD + BAS,6.0,יש,יש,יש,יש,יש,יש,אין,אין,אין,אין,אין,אין,אין,אין,אין,אין,אין,אין,"מערכת ""מובילאיי"" בהתקנה מקומית",399.5,169.4,152.5,253.0,354.0,1314,1066.0,450,1000,185/60R15,40.0,מקורית + שליטה מההגה,יש,אין,אין,--,אין,USB + AUX,אין,אין,אין,4.0,מזגן רגיל,אין,אופציונלי,יש,בד,אין,אין,אין,רגילים,אין,יש,יש,אין,אין,אין,יש,אין,אין,אין,אין,אין,אין,אין,אין,אין,יש,אין,אין,אין,רגילים,אין,--,חיישני חניה אחוריים
71,הונדה,ג'אז,Elegance,2017.0,5.0,5,--,2.0,--,--,2013.0,קדמית,אוטומטית - רציפה,7,בנזין,4.0,1318.0,102.0,6000.0,12.5,5000.0,12.3,182,18.1,22.2,20.4,--,--,--,--,--,3,0,ABS + EBD + BAS,6.0,יש,יש,יש,יש,יש,יש,אין,אין,אין,התרעה בלבד,אין,אין,אין,אין,יש,יש,אין,אין,--,399.5,169.4,152.5,253.0,354.0,1314,1066.0,450,750,185/55R16,40.0,מקורית + שליטה מההגה,יש,אין,יש,7,אין,USB,אין,אין,אין,4.0,בקרת אקלים,אין,יש,יש,בד,אין,אין,אין,רגילים,יש,יש,יש,אחוריים,אחורית,אין,יש,אין,אין,כניסה + הנעה,יש,אין,יש,אין,יש,אין,יש,אין,אין,אין,רגילים,אין,--,--
72,הונדה,ג'אז,Trend,2015.0,5.0,5,--,2.0,--,--,2013.0,קדמית,אוטומטית - רציפה,7,בנזין,4.0,1318.0,102.0,6000.0,12.5,5000.0,12,182,18.9,24.4,21.7,--,--,--,--,--,2,0,ABS + EBD + BAS,6.0,יש,יש,יש,יש,יש,יש,אין,אין,אין,אין,אין,אין,אין,אין,אין,אין,אין,אין,--,399.5,169.4,152.5,253.0,354.0,1314,1066.0,450,750,185/60R15,40.0,מקורית + שליטה מההגה,יש,אין,אין,--,אין,USB + AUX,אין,אין,אין,4.0,מזגן רגיל,אין,אופציונלי,יש,בד,אין,אין,אין,רגילים,אין,יש,יש,אין,אין,אין,יש,אין,אין,אין,אין,אין,אין,אין,יש,אין,יש,אין,אין,אין,רגילים,אין,--,חיישני חניה אחוריים
73,הונדה,ג'אז,Comfort,2019.0,5.0,5,--,2.0,--,--,2013.0,קדמית,אוטומטית - רציפה,7,בנזין,4.0,1318.0,102.0,6000.0,12.5,5000.0,12.1,182,18.5,22.7,20.8,--,--,--,--,--,3,0,ABS + EBD + BAS,6.0,יש,יש,יש,יש,יש,יש,אין,אין,אין,התרעה בלבד,אין,אין,אין,אין,יש,יש,אין,אין,--,399.5,169.4,152.5,253.0,354.0,1314,1066.0,450,1000,185/60R15,40.0,מקורית + שליטה מההגה,יש,אין,יש,7,אין,USB,אין,אין,אין,4.0,מזגן רגיל,אין,יש,יש,בד,אין,אין,אין,רגילים,אין,יש,יש,אחוריים,אין,אין,יש,אין,אין,אין,יש,אין,אין,אין,יש,אין,יש,אין,אין,אין,רגילים,אין,--,מצלמת חניה אחורית
74,הונדה,ג'אז,Comfort,2018.0,5.0,5,--,2.0,--,--,2013.0,קדמית,אוטומטית - רציפה,7,בנזין,4.0,1318.0,102.0,6000.0,12.5,5000.0,12.1,182,18.5,22.7,20.8,--,--,--,--,--,3,0,ABS + EBD + BAS,6.0,יש,יש,יש,יש,יש,יש,אין,אין,אין,התרעה בלבד,אין,אין,אין,אין,יש,יש,אין,אין,--,399.5,169.4,152.5,253.0,354.0,1314,1066.0,450,1000,185/60R15,40.0,מקורית + שליטה מההגה,יש,אין,יש,7,אין,USB,אין,אין,אין,4.0,מזגן רגיל,אין,יש,יש,בד,אין,אין,אין,רגילים,אין,יש,יש,אחוריים,אין,אין,יש,אין,אין,אין,יש,אין,אין,אין,יש,אין,יש,אין,אין,אין,רגילים,אין,--,מצלמת חניה אחורית
75,הונדה,ג'אז,Trend,2020.0,5.0,5,--,2.0,--,--,2013.0,קדמית,אוטומטית - רציפה,7,בנזין,4.0,1318.0,102.0,6000.0,12.5,5000.0,12,182,18.9,24.4,21.7,--,--,--,--,--,3,0,ABS + EBD + BAS,6.0,יש,יש,יש,יש,יש,יש,אין,אין,אין,אין,אין,אין,אין,אין,אין,אין,אין,אין,"מערכת ""מובילאיי"" בהתקנה מקומית",399.5,169.4,152.5,253.0,354.0,1314,1066.0,450,1000,185/60R15,40.0,מקורית + שליטה מההגה,יש,אין,אין,--,אין,USB + AUX,אין,אין,אין,4.0,מזגן רגיל,אין,אופציונלי,יש,בד,אין,אין,אין,רגילים,אין,יש,יש,אין,אין,אין,יש,אין,אין,אין,אין,אין,אין,אין,יש,אין,יש,אין,אין,אין,רגילים,אין,--,חיישני חניה אחוריים
76,הונדה,ג'אז,Trend,2020.0,5.0,5,--,1.0,--,--,2013.0,קדמית,ידנית,6,בנזין,4.0,1318.0,102.0,6000.0,12.5,5000.0,11.2,190,16.4,23.3,20.0,--,--,--,--,--,3,0,ABS + EBD + BAS,6.0,יש,יש,יש,יש,יש,יש,אין,אין,אין,אין,אין,אין,אין,אין,אין,אין,אין,אין,"מערכת ""מובילאיי"" בהתקנה מקומית",399.5,169.4,152.5,253.0,354.0,1314,1066.0,450,1000,185/60R15,40.0,מקורית + שליטה מההגה,יש,אין,אין,--,אין,USB + AUX,אין,אין,אין,4.0,מזגן רגיל,אין,אופציונלי,יש,בד,אין,אין,אין,רגילים,אין,יש,יש,אין,אין,אין,יש,אין,אין,אין,אין,אין,אין,אין,אין,אין,יש,אין,אין,אין,רגילים,אין,--,חיישני חניה אחוריים
77,הונדה,ג'אז,Comfort,2015.0,5.0,5,--,2.0,--,--,2013.0,קדמית,אוטומטית - רציפה,7,בנזין,4.0,1318.0,102.0,6000.0,12.5,5000.0,12.1,182,18.5,22.7,20.8,--,--,--,--,--,2,0,ABS + EBD + BAS,6.0,יש,יש,יש,יש,יש,יש,אין,אין,אין,התרעה בלבד,אין,אין,אין,אין,יש,יש,אין,אין,--,399.5,169.4,152.5,253.0,354.0,1314,1066.0,450,750,185/60R15,40.0,מקורית + שליטה מההגה,יש,אין,יש,7,אין,USB,אין,אין,אין,4.0,מזגן רגיל,אין,יש,יש,בד,אין,אין,אין,רגילים,אין,יש,יש,אחוריים,אין,אין,יש,אין,אין,אין,יש,אין,אין,אין,יש,אין,יש,אין,אין,אין,רגילים,אין,--,--
