,Unnamed: 0_x,Unnamed: 0.1,tozeret_cd,tozar,kinuy_mishari,ramat_gimur_x,shnat_yitzur,degem_cd,kvuzat_agra_cd,nefah_manoa,mishkal_kolel,gova,hanaa_cd,hanaa_nm_x,automatic_ind,mispar_halonot_hashmal,merkav,delek_cd,delek_nm,mispar_dlatot,koah_sus,mispar_moshavim,technologiat_hanaa_cd,technologiat_hanaa_nm,n_model,Unnamed: 0_y,make,model,ramat_gimur_y,year,doors,sitting,ignition,gearbox,gear,engine,piston,capacity,power,loops,moment,loopmoment,acceleration,speed,urban_consumption,intercity_consumption,consumption,electricity_use,battery_capacity,electric_range,home_charging_time,fast_charging_time,brake,airbag,stability,cenairbag,length,width,height,wheel,cargo,chaircargo,selfweight,totalweight,loading,towing_without_brakes,towing_with_brakes,tire,fuel,hanaa_nm_y,sitting.1,engine_cd
0,10950,10950,33,אופל,CORSA,OPC,2012,1,4,1598,1735,,1.0,4X2,0,2,הצ'בק,1,בנזין,3,192,5,,הנעה רגילה,קורסה,77,אופל,קורסה OPC,,2012,3,5,קדמית,ידנית,6.0,טורבו בנזין,4.0,1598.0,192,5800.0,23.0,1980.0,7.2,225,10.2,16.9,13.6,,,,,,ABS + EBD,6,יש,יש,404.0,171.5,149.0,251.0,285.0,1050.0,1205.0,,,,,235/35R18,44.0,2X4,5,1
1,11080,11080,33,אופל,CORSA,OPC,2012,60,4,1598,1735,,1.0,4X2,0,2,הצ'בק,1,בנזין,3,192,5,,הנעה רגילה,קורסה,77,אופל,קורסה OPC,,2012,3,5,קדמית,ידנית,6.0,טורבו בנזין,4.0,1598.0,192,5800.0,23.0,1980.0,7.2,225,10.2,16.9,13.6,,,,,,ABS + EBD,6,יש,יש,404.0,171.5,149.0,251.0,285.0,1050.0,1205.0,,,,,235/35R18,44.0,2X4,5,1
2,10951,10951,33,אופל,CORSA,OPC,2013,1,4,1598,1735,,1.0,4X2,0,2,הצ'בק,1,בנזין,3,192,5,,הנעה רגילה,קורסה,76,אופל,קורסה OPC,,2013,3,5,קדמית,ידנית,6.0,טורבו בנזין,4.0,1598.0,192,5800.0,23.0,1980.0,7.2,225,10.2,16.9,13.6,,,,,,ABS + EBD,6,יש,יש,404.0,171.5,149.0,251.0,285.0,1050.0,1205.0,,,,,235/35R18,44.0,2X4,5,1
3,11081,11081,33,אופל,CORSA,OPC,2013,60,4,1598,1735,,1.0,4X2,0,2,הצ'בק,1,בנזין,3,192,5,,הנעה רגילה,קורסה,76,אופל,קורסה OPC,,2013,3,5,קדמית,ידנית,6.0,טורבו בנזין,4.0,1598.0,192,5800.0,23.0,1980.0,7.2,225,10.2,16.9,13.6,,,,,,ABS + EBD,6,יש,יש,404.0,171.5,149.0,251.0,285.0,1050.0,1205.0,,,,,235/35R18,44.0,2X4,5,1
4,10952,10952,33,אופל,CORSA,OPC,2014,1,4,1598,1735,,1.0,4X2,0,2,הצ'בק,1,בנזין,3,192,5,,הנעה רגילה,קורסה,75,אופל,קורסה OPC,,2014,3,5,קדמית,ידנית,6.0,טורבו בנזין,4.0,1598.0,192,5800.0,23.0,1980.0,7.2,225,10.2,16.9,13.6,,,,,,ABS + EBD,6,יש,יש,404.0,171.5,149.0,251.0,285.0,1050.0,1205.0,,,,,235/35R18,44.0,2X4,5,1
5,11082,11082,33,אופל,CORSA,OPC,2014,60,4,1598,1735,,1.0,4X2,0,2,הצ'בק,1,בנזין,3,192,5,,הנעה רגילה,קורסה,75,אופל,קורסה OPC,,2014,3,5,קדמית,ידנית,6.0,טורבו בנזין,4.0,1598.0,192,5800.0,23.0,1980.0,7.2,225,10.2,16.9,13.6,,,,,,ABS + EBD,6,יש,יש,404.0,171.5,149.0,251.0,285.0,1050.0,1205.0,,,,,235/35R18,44.0,2X4,5,1
6,10959,10959,33,אופל,CORSA,ESSENTIA,2012,4,1,1229,1595,,1.0,4X2,0,2,הצ'בק,1,בנזין,3,85,5,,הנעה רגילה,קורסה,61,אופל,קורסה,ESSENTIA,2012,3,5,קדמית,ידנית,5.0,בנזין,4.0,1229.0,85,5600.0,11.5,4000.0,12.4,172,13.8,22.2,18.1,,,,,,ABS + EBD + BAS,4,יש,יש,399.9,171.3,148.8,251.1,285.0,1050.0,1145.0,,,450.0,750.0,185/70R14,45.0,2X4,5,1
7,10959,10959,33,אופל,CORSA,ESSENTIA,2012,4,1,1229,1595,,1.0,4X2,0,2,הצ'בק,1,בנזין,3,85,5,,הנעה רגילה,קורסה,62,אופל,קורסה,YOU,2012,3,5,קדמית,ידנית,5.0,בנזין,4.0,1229.0,85,5600.0,11.5,4000.0,12.4,172,13.8,22.2,18.1,,,,,,ABS + EBD + BAS,4,יש,יש,399.9,171.3,148.8,251.1,285.0,1050.0,1145.0,,,450.0,750.0,185/70R14,45.0,2X4,5,1
8,10960,10960,33,אופל,CORSA,ESSENTIA,2013,4,1,1229,1595,,1.0,4X2,0,2,הצ'בק,1,בנזין,3,85,5,,הנעה רגילה,קורסה,55,אופל,קורסה,YOU,2013,3,5,קדמית,ידנית,5.0,בנזין,4.0,1229.0,85,5600.0,11.5,4000.0,12.4,172,13.8,22.2,18.1,,,,,,ABS + EBD + BAS,4,יש,יש,399.9,171.3,148.8,251.1,285.0,1050.0,1145.0,,,450.0,750.0,185/70R14,45.0,2X4,5,1
9,10960,10960,33,אופל,CORSA,ESSENTIA,2013,4,1,1229,1595,,1.0,4X2,0,2,הצ'בק,1,בנזין,3,85,5,,הנעה רגילה,קורסה,58,אופל,קורסה,ESSENTIA,2013,3,5,קדמית,ידנית,5.0,בנזין,4.0,1229.0,85,5600.0,11.5,4000.0,12.4,172,13.8,22.2,18.1,,,,,,ABS + EBD + BAS,4,יש,יש,399.9,171.3,148.8,251.1,285.0,1050.0,1145.0,,,450.0,750.0,185/70R14,45.0,2X4,5,1
10,10961,10961,33,אופל,CORSA,ESSENTIA,2014,4,1,1229,1595,,1.0,4X2,0,2,הצ'בק,1,בנזין,3,85,5,,הנעה רגילה,קורסה,52,אופל,קורסה,ESSENTIA,2014,3,5,קדמית,ידנית,5.0,בנזין,4.0,1229.0,85,5600.0,11.7,4000.0,13.6,172,13.8,22.2,18.1,,,,,,ABS + EBD + BAS,4,יש,יש,399.9,171.3,148.8,251.1,285.0,1050.0,1145.0,,,450.0,750.0,185/70R14,45.0,2X4,5,1
11,11015,11015,33,אופל,ADAM,JAM,2014,25,1,1398,1480,,1.0,4X2,0,2,הצ'בק,1,בנזין,3,85,4,,הנעה רגילה,אדם,13,אופל,אדם,JAM,2014,3,4,קדמית,ידנית,5.0,בנזין,4.0,1398.0,85,6000.0,13.2,4000.0,12.5,176,15.1,23.8,19.6,,,,,,ABS + EBD + BAS,6,יש,יש,369.8,172.0,148.4,231.1,170.0,663.0,1120.0,,,,,195/55R16,38.0,2X4,4,1
12,11073,11073,33,אופל,ADAM,JAM STS,2015,56,1,1398,1480,,1.0,4X2,1,2,הצ'בק,1,בנזין,3,87,4,,הנעה רגילה,אדם,9,אופל,אדם,,2015,3,4,קדמית,אוטומטית - רובוטית מצמד יחיד,5.0,בנזין,4.0,1398.0,87,6000.0,13.2,4000.0,13.9,178,15.3,25.0,20.4,,,,,,ABS + EBD + BAS,6,יש,יש,369.8,172.0,148.4,231.1,170.0,663.0,1120.0,,,,,185/65R15,38.0,2X4,4,1
13,11073,11073,33,אופל,ADAM,JAM STS,2015,56,1,1398,1480,,1.0,4X2,1,2,הצ'בק,1,בנזין,3,87,4,,הנעה רגילה,אדם,10,אופל,אדם,1,2015,3,4,קדמית,אוטומטית - רובוטית מצמד יחיד,5.0,בנזין,4.0,1398.0,87,6000.0,13.2,4000.0,13.9,178,15.3,25.0,20.4,,,,,,ABS + EBD + BAS,6,יש,יש,369.8,172.0,148.4,231.1,170.0,663.0,1120.0,,,,,185/65R15,38.0,2X4,4,1
14,11073,11073,33,אופל,ADAM,JAM STS,2015,56,1,1398,1480,,1.0,4X2,1,2,הצ'בק,1,בנזין,3,87,4,,הנעה רגילה,אדם,11,אופל,אדם,2,2015,3,4,קדמית,אוטומטית - רובוטית מצמד יחיד,5.0,בנזין,4.0,1398.0,87,6000.0,13.2,4000.0,13.9,178,16.3,26.3,21.2,,,,,,ABS + EBD + BAS,6,יש,יש,369.8,172.0,148.4,231.1,170.0,663.0,1120.0,,,,,185/65R15,38.0,2X4,4,1
15,11073,11073,33,אופל,ADAM,JAM STS,2015,56,1,1398,1480,,1.0,4X2,1,2,הצ'בק,1,בנזין,3,87,4,,הנעה רגילה,אדם,12,אופל,אדם,3,2015,3,4,קדמית,אוטומטית - רובוטית מצמד יחיד,5.0,בנזין,4.0,1398.0,87,6000.0,13.2,4000.0,13.9,178,16.3,26.3,21.2,,,,,,ABS + EBD + BAS,6,יש,יש,369.8,172.0,148.4,231.1,170.0,663.0,1120.0,,,,,195/55R16,38.0,2X4,4,1
16,11073,11073,33,אופל,ADAM,JAM STS,2015,56,1,1398,1480,,1.0,4X2,1,2,הצ'בק,1,בנזין,3,87,4,,הנעה רגילה,אדם,20,אופל,אדם רוקס,,2015,3,4,קדמית,אוטומטית - רובוטית מצמד יחיד,5.0,בנזין,4.0,1398.0,87,6000.0,13.2,4000.0,12.5,176,16.1,25.0,20.8,,,,,,ABS + EBD + BAS,6,יש,יש,374.7,172.0,150.3,231.1,170.0,663.0,1135.0,,,,,195/55R16,35.0,2X4,4,1
17,11073,11073,33,אופל,ADAM,JAM STS,2015,56,1,1398,1480,,1.0,4X2,1,2,הצ'בק,1,בנזין,3,87,4,,הנעה רגילה,אדם,21,אופל,אדם רוקס,1,2015,3,4,קדמית,אוטומטית - רובוטית מצמד יחיד,5.0,בנזין,4.0,1398.0,87,6000.0,13.2,4000.0,12.5,176,16.1,25.0,20.8,,,,,,ABS + EBD + BAS,6,יש,יש,374.7,172.0,150.3,231.1,170.0,663.0,1135.0,,,,,215/45R17,35.0,2X4,4,1
18,11073,11073,33,אופל,ADAM,JAM STS,2015,56,1,1398,1480,,1.0,4X2,1,2,הצ'בק,1,בנזין,3,87,4,,הנעה רגילה,אדם,22,אופל,אדם רוקס,2,2015,3,4,קדמית,אוטומטית - רובוטית מצמד יחיד,5.0,בנזין,4.0,1398.0,87,6000.0,13.2,4000.0,12.5,176,16.1,25.0,20.8,,,,,,ABS + EBD + BAS,6,יש,יש,374.7,172.0,150.3,231.1,170.0,663.0,1135.0,,,,,225/35R18,35.0,2X4,4,1
19,11109,11109,33,אופל,ADAM,ROCKS,2015,76,2,1398,1480,,1.0,4X2,1,2,הצ'בק,1,בנזין,3,87,4,,הנעה רגילה,אדם,9,אופל,אדם,,2015,3,4,קדמית,אוטומטית - רובוטית מצמד יחיד,5.0,בנזין,4.0,1398.0,87,6000.0,13.2,4000.0,13.9,178,15.3,25.0,20.4,,,,,,ABS + EBD + BAS,6,יש,יש,369.8,172.0,148.4,231.1,170.0,663.0,1120.0,,,,,185/65R15,38.0,2X4,4,1
20,11109,11109,33,אופל,ADAM,ROCKS,2015,76,2,1398,1480,,1.0,4X2,1,2,הצ'בק,1,בנזין,3,87,4,,הנעה רגילה,אדם,10,אופל,אדם,1,2015,3,4,קדמית,אוטומטית - רובוטית מצמד יחיד,5.0,בנזין,4.0,1398.0,87,6000.0,13.2,4000.0,13.9,178,15.3,25.0,20.4,,,,,,ABS + EBD + BAS,6,יש,יש,369.8,172.0,148.4,231.1,170.0,663.0,1120.0,,,,,185/65R15,38.0,2X4,4,1
21,11109,11109,33,אופל,ADAM,ROCKS,2015,76,2,1398,1480,,1.0,4X2,1,2,הצ'בק,1,בנזין,3,87,4,,הנעה רגילה,אדם,11,אופל,אדם,2,2015,3,4,קדמית,אוטומטית - רובוטית מצמד יחיד,5.0,בנזין,4.0,1398.0,87,6000.0,13.2,4000.0,13.9,178,16.3,26.3,21.2,,,,,,ABS + EBD + BAS,6,יש,יש,369.8,172.0,148.4,231.1,170.0,663.0,1120.0,,,,,185/65R15,38.0,2X4,4,1
22,11109,11109,33,אופל,ADAM,ROCKS,2015,76,2,1398,1480,,1.0,4X2,1,2,הצ'בק,1,בנזין,3,87,4,,הנעה רגילה,אדם,12,אופל,אדם,3,2015,3,4,קדמית,אוטומטית - רובוטית מצמד יחיד,5.0,בנזין,4.0,1398.0,87,6000.0,13.2,4000.0,13.9,178,16.3,26.3,21.2,,,,,,ABS + EBD + BAS,6,יש,יש,369.8,172.0,148.4,231.1,170.0,663.0,1120.0,,,,,195/55R16,38.0,2X4,4,1
23,11109,11109,33,אופל,ADAM,ROCKS,2015,76,2,1398,1480,,1.0,4X2,1,2,הצ'בק,1,בנזין,3,87,4,,הנעה רגילה,אדם,20,אופל,אדם רוקס,,2015,3,4,קדמית,אוטומטית - רובוטית מצמד יחיד,5.0,בנזין,4.0,1398.0,87,6000.0,13.2,4000.0,12.5,176,16.1,25.0,20.8,,,,,,ABS + EBD + BAS,6,יש,יש,374.7,172.0,150.3,231.1,170.0,663.0,1135.0,,,,,195/55R16,35.0,2X4,4,1
24,11109,11109,33,אופל,ADAM,ROCKS,2015,76,2,1398,1480,,1.0,4X2,1,2,הצ'בק,1,בנזין,3,87,4,,הנעה רגילה,אדם,21,אופל,אדם רוקס,1,2015,3,4,קדמית,אוטומטית - רובוטית מצמד יחיד,5.0,בנזין,4.0,1398.0,87,6000.0,13.2,4000.0,12.5,176,16.1,25.0,20.8,,,,,,ABS + EBD + BAS,6,יש,יש,374.7,172.0,150.3,231.1,170.0,663.0,1135.0,,,,,215/45R17,35.0,2X4,4,1
25,11109,11109,33,אופל,ADAM,ROCKS,2015,76,2,1398,1480,,1.0,4X2,1,2,הצ'בק,1,בנזין,3,87,4,,הנעה רגילה,אדם,22,אופל,אדם רוקס,2,2015,3,4,קדמית,אוטומטית - רובוטית מצמד יחיד,5.0,בנזין,4.0,1398.0,87,6000.0,13.2,4000.0,12.5,176,16.1,25.0,20.8,,,,,,ABS + EBD + BAS,6,יש,יש,374.7,172.0,150.3,231.1,170.0,663.0,1135.0,,,,,225/35R18,35.0,2X4,4,1
26,11113,11113,33,אופל,ADAM,ROCKS,2015,78,2,1398,1480,,1.0,4X2,1,2,הצ'בק,1,בנזין,3,87,4,,הנעה רגילה,אדם,9,אופל,אדם,,2015,3,4,קדמית,אוטומטית - רובוטית מצמד יחיד,5.0,בנזין,4.0,1398.0,87,6000.0,13.2,4000.0,13.9,178,15.3,25.0,20.4,,,,,,ABS + EBD + BAS,6,יש,יש,369.8,172.0,148.4,231.1,170.0,663.0,1120.0,,,,,185/65R15,38.0,2X4,4,1
27,11113,11113,33,אופל,ADAM,ROCKS,2015,78,2,1398,1480,,1.0,4X2,1,2,הצ'בק,1,בנזין,3,87,4,,הנעה רגילה,אדם,10,אופל,אדם,1,2015,3,4,קדמית,אוטומטית - רובוטית מצמד יחיד,5.0,בנזין,4.0,1398.0,87,6000.0,13.2,4000.0,13.9,178,15.3,25.0,20.4,,,,,,ABS + EBD + BAS,6,יש,יש,369.8,172.0,148.4,231.1,170.0,663.0,1120.0,,,,,185/65R15,38.0,2X4,4,1
28,11113,11113,33,אופל,ADAM,ROCKS,2015,78,2,1398,1480,,1.0,4X2,1,2,הצ'בק,1,בנזין,3,87,4,,הנעה רגילה,אדם,11,אופל,אדם,2,2015,3,4,קדמית,אוטומטית - רובוטית מצמד יחיד,5.0,בנזין,4.0,1398.0,87,6000.0,13.2,4000.0,13.9,178,16.3,26.3,21.2,,,,,,ABS + EBD + BAS,6,יש,יש,369.8,172.0,148.4,231.1,170.0,663.0,1120.0,,,,,185/65R15,38.0,2X4,4,1
29,11113,11113,33,אופל,ADAM,ROCKS,2015,78,2,1398,1480,,1.0,4X2,1,2,הצ'בק,1,בנזין,3,87,4,,הנעה רגילה,אדם,12,אופל,אדם,3,2015,3,4,קדמית,אוטומטית - רובוטית מצמד יחיד,5.0,בנזין,4.0,1398.0,87,6000.0,13.2,4000.0,13.9,178,16.3,26.3,21.2,,,,,,ABS + EBD + BAS,6,יש,יש,369.8,172.0,148.4,231.1,170.0,663.0,1120.0,,,,,195/55R16,38.0,2X4,4,1
30,11113,11113,33,אופל,ADAM,ROCKS,2015,78,2,1398,1480,,1.0,4X2,1,2,הצ'בק,1,בנזין,3,87,4,,הנעה רגילה,אדם,20,אופל,אדם רוקס,,2015,3,4,קדמית,אוטומטית - רובוטית מצמד יחיד,5.0,בנזין,4.0,1398.0,87,6000.0,13.2,4000.0,12.5,176,16.1,25.0,20.8,,,,,,ABS + EBD + BAS,6,יש,יש,374.7,172.0,150.3,231.1,170.0,663.0,1135.0,,,,,195/55R16,35.0,2X4,4,1
31,11113,11113,33,אופל,ADAM,ROCKS,2015,78,2,1398,1480,,1.0,4X2,1,2,הצ'בק,1,בנזין,3,87,4,,הנעה רגילה,אדם,21,אופל,אדם רוקס,1,2015,3,4,קדמית,אוטומטית - רובוטית מצמד יחיד,5.0,בנזין,4.0,1398.0,87,6000.0,13.2,4000.0,12.5,176,16.1,25.0,20.8,,,,,,ABS + EBD + BAS,6,יש,יש,374.7,172.0,150.3,231.1,170.0,663.0,1135.0,,,,,215/45R17,35.0,2X4,4,1
32,11113,11113,33,אופל,ADAM,ROCKS,2015,78,2,1398,1480,,1.0,4X2,1,2,הצ'בק,1,בנזין,3,87,4,,הנעה רגילה,אדם,22,אופל,אדם רוקס,2,2015,3,4,קדמית,אוטומטית - רובוטית מצמד יחיד,5.0,בנזין,4.0,1398.0,87,6000.0,13.2,4000.0,12.5,176,16.1,25.0,20.8,,,,,,ABS + EBD + BAS,6,יש,יש,374.7,172.0,150.3,231.1,170.0,663.0,1135.0,,,,,225/35R18,35.0,2X4,4,1
33,11074,11074,33,אופל,ADAM,JAM STS,2016,56,1,1398,1480,,1.0,4X2,1,2,הצ'בק,1,בנזין,3,87,4,,הנעה רגילה,אדם,6,אופל,אדם,JAM,2016,3,4,קדמית,אוטומטית - רובוטית מצמד יחיד,5.0,בנזין,4.0,1398.0,87,6000.0,13.2,4000.0,13.9,178,15.2,24.4,20.0,,,,,,ABS + EBD + BAS,6,יש,יש,369.8,172.0,148.4,231.1,170.0,663.0,1120.0,,,,,185/65R15,35.0,2X4,4,1
34,11074,11074,33,אופל,ADAM,JAM STS,2016,56,1,1398,1480,,1.0,4X2,1,2,הצ'בק,1,בנזין,3,87,4,,הנעה רגילה,אדם,17,אופל,אדם רוקס,,2016,3,4,קדמית,אוטומטית - רובוטית מצמד יחיד,5.0,בנזין,4.0,1398.0,87,6000.0,13.2,4000.0,12.5,176,16.1,25.0,20.8,,,,,,ABS + EBD + BAS,6,יש,יש,374.7,172.0,150.3,231.1,170.0,663.0,1135.0,,,,,195/55R16,35.0,2X4,4,1
35,11074,11074,33,אופל,ADAM,JAM STS,2016,56,1,1398,1480,,1.0,4X2,1,2,הצ'בק,1,בנזין,3,87,4,,הנעה רגילה,אדם,18,אופל,אדם רוקס,1,2016,3,4,קדמית,אוטומטית - רובוטית מצמד יחיד,5.0,בנזין,4.0,1398.0,87,6000.0,13.2,4000.0,12.5,176,16.1,25.0,20.8,,,,,,ABS + EBD + BAS,6,יש,יש,374.7,172.0,150.3,231.1,170.0,663.0,1135.0,,,,,215/45R17,35.0,2X4,4,1
36,11074,11074,33,אופל,ADAM,JAM STS,2016,56,1,1398,1480,,1.0,4X2,1,2,הצ'בק,1,בנזין,3,87,4,,הנעה רגילה,אדם,19,אופל,אדם רוקס,2,2016,3,4,קדמית,אוטומטית - רובוטית מצמד יחיד,5.0,בנזין,4.0,1398.0,87,6000.0,13.2,4000.0,12.5,176,16.1,25.0,20.8,,,,,,ABS + EBD + BAS,6,יש,יש,374.7,172.0,150.3,231.1,170.0,663.0,1135.0,,,,,225/35R18,35.0,2X4,4,1
37,11110,11110,33,אופל,ADAM,ROCKS,2016,76,2,1398,1480,,1.0,4X2,1,2,הצ'בק,1,בנזין,3,87,4,,הנעה רגילה,אדם,6,אופל,אדם,JAM,2016,3,4,קדמית,אוטומטית - רובוטית מצמד יחיד,5.0,בנזין,4.0,1398.0,87,6000.0,13.2,4000.0,13.9,178,15.2,24.4,20.0,,,,,,ABS + EBD + BAS,6,יש,יש,369.8,172.0,148.4,231.1,170.0,663.0,1120.0,,,,,185/65R15,35.0,2X4,4,1
38,11110,11110,33,אופל,ADAM,ROCKS,2016,76,2,1398,1480,,1.0,4X2,1,2,הצ'בק,1,בנזין,3,87,4,,הנעה רגילה,אדם,17,אופל,אדם רוקס,,2016,3,4,קדמית,אוטומטית - רובוטית מצמד יחיד,5.0,בנזין,4.0,1398.0,87,6000.0,13.2,4000.0,12.5,176,16.1,25.0,20.8,,,,,,ABS + EBD + BAS,6,יש,יש,374.7,172.0,150.3,231.1,170.0,663.0,1135.0,,,,,195/55R16,35.0,2X4,4,1
39,11110,11110,33,אופל,ADAM,ROCKS,2016,76,2,1398,1480,,1.0,4X2,1,2,הצ'בק,1,בנזין,3,87,4,,הנעה רגילה,אדם,18,אופל,אדם רוקס,1,2016,3,4,קדמית,אוטומטית - רובוטית מצמד יחיד,5.0,בנזין,4.0,1398.0,87,6000.0,13.2,4000.0,12.5,176,16.1,25.0,20.8,,,,,,ABS + EBD + BAS,6,יש,יש,374.7,172.0,150.3,231.1,170.0,663.0,1135.0,,,,,215/45R17,35.0,2X4,4,1
40,11110,11110,33,אופל,ADAM,ROCKS,2016,76,2,1398,1480,,1.0,4X2,1,2,הצ'בק,1,בנזין,3,87,4,,הנעה רגילה,אדם,19,אופל,אדם רוקס,2,2016,3,4,קדמית,אוטומטית - רובוטית מצמד יחיד,5.0,בנזין,4.0,1398.0,87,6000.0,13.2,4000.0,12.5,176,16.1,25.0,20.8,,,,,,ABS + EBD + BAS,6,יש,יש,374.7,172.0,150.3,231.1,170.0,663.0,1135.0,,,,,225/35R18,35.0,2X4,4,1
41,11114,11114,33,אופל,ADAM,ROCKS,2016,78,2,1398,1480,,1.0,4X2,1,2,הצ'בק,1,בנזין,3,87,4,,הנעה רגילה,אדם,6,אופל,אדם,JAM,2016,3,4,קדמית,אוטומטית - רובוטית מצמד יחיד,5.0,בנזין,4.0,1398.0,87,6000.0,13.2,4000.0,13.9,178,15.2,24.4,20.0,,,,,,ABS + EBD + BAS,6,יש,יש,369.8,172.0,148.4,231.1,170.0,663.0,1120.0,,,,,185/65R15,35.0,2X4,4,1
42,11114,11114,33,אופל,ADAM,ROCKS,2016,78,2,1398,1480,,1.0,4X2,1,2,הצ'בק,1,בנזין,3,87,4,,הנעה רגילה,אדם,17,אופל,אדם רוקס,,2016,3,4,קדמית,אוטומטית - רובוטית מצמד יחיד,5.0,בנזין,4.0,1398.0,87,6000.0,13.2,4000.0,12.5,176,16.1,25.0,20.8,,,,,,ABS + EBD + BAS,6,יש,יש,374.7,172.0,150.3,231.1,170.0,663.0,1135.0,,,,,195/55R16,35.0,2X4,4,1
43,11114,11114,33,אופל,ADAM,ROCKS,2016,78,2,1398,1480,,1.0,4X2,1,2,הצ'בק,1,בנזין,3,87,4,,הנעה רגילה,אדם,18,אופל,אדם רוקס,1,2016,3,4,קדמית,אוטומטית - רובוטית מצמד יחיד,5.0,בנזין,4.0,1398.0,87,6000.0,13.2,4000.0,12.5,176,16.1,25.0,20.8,,,,,,ABS + EBD + BAS,6,יש,יש,374.7,172.0,150.3,231.1,170.0,663.0,1135.0,,,,,215/45R17,35.0,2X4,4,1
44,11114,11114,33,אופל,ADAM,ROCKS,2016,78,2,1398,1480,,1.0,4X2,1,2,הצ'בק,1,בנזין,3,87,4,,הנעה רגילה,אדם,19,אופל,אדם רוקס,2,2016,3,4,קדמית,אוטומטית - רובוטית מצמד יחיד,5.0,בנזין,4.0,1398.0,87,6000.0,13.2,4000.0,12.5,176,16.1,25.0,20.8,,,,,,ABS + EBD + BAS,6,יש,יש,374.7,172.0,150.3,231.1,170.0,663.0,1135.0,,,,,225/35R18,35.0,2X4,4,1
45,11119,11119,33,אופל,ADAM,JAM STS,2016,82,1,1398,1480,,1.0,4X2,1,2,הצ'בק,1,בנזין,3,87,4,,הנעה רגילה,אדם,6,אופל,אדם,JAM,2016,3,4,קדמית,אוטומטית - רובוטית מצמד יחיד,5.0,בנזין,4.0,1398.0,87,6000.0,13.2,4000.0,13.9,178,15.2,24.4,20.0,,,,,,ABS + EBD + BAS,6,יש,יש,369.8,172.0,148.4,231.1,170.0,663.0,1120.0,,,,,185/65R15,35.0,2X4,4,1
46,11119,11119,33,אופל,ADAM,JAM STS,2016,82,1,1398,1480,,1.0,4X2,1,2,הצ'בק,1,בנזין,3,87,4,,הנעה רגילה,אדם,17,אופל,אדם רוקס,,2016,3,4,קדמית,אוטומטית - רובוטית מצמד יחיד,5.0,בנזין,4.0,1398.0,87,6000.0,13.2,4000.0,12.5,176,16.1,25.0,20.8,,,,,,ABS + EBD + BAS,6,יש,יש,374.7,172.0,150.3,231.1,170.0,663.0,1135.0,,,,,195/55R16,35.0,2X4,4,1
47,11119,11119,33,אופל,ADAM,JAM STS,2016,82,1,1398,1480,,1.0,4X2,1,2,הצ'בק,1,בנזין,3,87,4,,הנעה רגילה,אדם,18,אופל,אדם רוקס,1,2016,3,4,קדמית,אוטומטית - רובוטית מצמד יחיד,5.0,בנזין,4.0,1398.0,87,6000.0,13.2,4000.0,12.5,176,16.1,25.0,20.8,,,,,,ABS + EBD + BAS,6,יש,יש,374.7,172.0,150.3,231.1,170.0,663.0,1135.0,,,,,215/45R17,35.0,2X4,4,1
48,11119,11119,33,אופל,ADAM,JAM STS,2016,82,1,1398,1480,,1.0,4X2,1,2,הצ'בק,1,בנזין,3,87,4,,הנעה רגילה,אדם,19,אופל,אדם רוקס,2,2016,3,4,קדמית,אוטומטית - רובוטית מצמד יחיד,5.0,בנזין,4.0,1398.0,87,6000.0,13.2,4000.0,12.5,176,16.1,25.0,20.8,,,,,,ABS + EBD + BAS,6,יש,יש,374.7,172.0,150.3,231.1,170.0,663.0,1135.0,,,,,225/35R18,35.0,2X4,4,1
49,11123,11123,33,אופל,ADAM,ROCKS,2016,84,2,1398,1480,,1.0,4X2,1,2,הצ'בק,1,בנזין,3,87,4,,הנעה רגילה,אדם,6,אופל,אדם,JAM,2016,3,4,קדמית,אוטומטית - רובוטית מצמד יחיד,5.0,בנזין,4.0,1398.0,87,6000.0,13.2,4000.0,13.9,178,15.2,24.4,20.0,,,,,,ABS + EBD + BAS,6,יש,יש,369.8,172.0,148.4,231.1,170.0,663.0,1120.0,,,,,185/65R15,35.0,2X4,4,1
50,11123,11123,33,אופל,ADAM,ROCKS,2016,84,2,1398,1480,,1.0,4X2,1,2,הצ'בק,1,בנזין,3,87,4,,הנעה רגילה,אדם,17,אופל,אדם רוקס,,2016,3,4,קדמית,אוטומטית - רובוטית מצמד יחיד,5.0,בנזין,4.0,1398.0,87,6000.0,13.2,4000.0,12.5,176,16.1,25.0,20.8,,,,,,ABS + EBD + BAS,6,יש,יש,374.7,172.0,150.3,231.1,170.0,663.0,1135.0,,,,,195/55R16,35.0,2X4,4,1
51,11123,11123,33,אופל,ADAM,ROCKS,2016,84,2,1398,1480,,1.0,4X2,1,2,הצ'בק,1,בנזין,3,87,4,,הנעה רגילה,אדם,18,אופל,אדם רוקס,1,2016,3,4,קדמית,אוטומטית - רובוטית מצמד יחיד,5.0,בנזין,4.0,1398.0,87,6000.0,13.2,4000.0,12.5,176,16.1,25.0,20.8,,,,,,ABS + EBD + BAS,6,יש,יש,374.7,172.0,150.3,231.1,170.0,663.0,1135.0,,,,,215/45R17,35.0,2X4,4,1
52,11123,11123,33,אופל,ADAM,ROCKS,2016,84,2,1398,1480,,1.0,4X2,1,2,הצ'בק,1,בנזין,3,87,4,,הנעה רגילה,אדם,19,אופל,אדם רוקס,2,2016,3,4,קדמית,אוטומטית - רובוטית מצמד יחיד,5.0,בנזין,4.0,1398.0,87,6000.0,13.2,4000.0,12.5,176,16.1,25.0,20.8,,,,,,ABS + EBD + BAS,6,יש,יש,374.7,172.0,150.3,231.1,170.0,663.0,1135.0,,,,,225/35R18,35.0,2X4,4,1
53,11126,11126,33,אופל,ADAM,ROCKS,2016,85,2,1398,1480,,1.0,4X2,1,2,הצ'בק,1,בנזין,3,87,4,,הנעה רגילה,אדם,6,אופל,אדם,JAM,2016,3,4,קדמית,אוטומטית - רובוטית מצמד יחיד,5.0,בנזין,4.0,1398.0,87,6000.0,13.2,4000.0,13.9,178,15.2,24.4,20.0,,,,,,ABS + EBD + BAS,6,יש,יש,369.8,172.0,148.4,231.1,170.0,663.0,1120.0,,,,,185/65R15,35.0,2X4,4,1
54,11126,11126,33,אופל,ADAM,ROCKS,2016,85,2,1398,1480,,1.0,4X2,1,2,הצ'בק,1,בנזין,3,87,4,,הנעה רגילה,אדם,17,אופל,אדם רוקס,,2016,3,4,קדמית,אוטומטית - רובוטית מצמד יחיד,5.0,בנזין,4.0,1398.0,87,6000.0,13.2,4000.0,12.5,176,16.1,25.0,20.8,,,,,,ABS + EBD + BAS,6,יש,יש,374.7,172.0,150.3,231.1,170.0,663.0,1135.0,,,,,195/55R16,35.0,2X4,4,1
55,11126,11126,33,אופל,ADAM,ROCKS,2016,85,2,1398,1480,,1.0,4X2,1,2,הצ'בק,1,בנזין,3,87,4,,הנעה רגילה,אדם,18,אופל,אדם רוקס,1,2016,3,4,קדמית,אוטומטית - רובוטית מצמד יחיד,5.0,בנזין,4.0,1398.0,87,6000.0,13.2,4000.0,12.5,176,16.1,25.0,20.8,,,,,,ABS + EBD + BAS,6,יש,יש,374.7,172.0,150.3,231.1,170.0,663.0,1135.0,,,,,215/45R17,35.0,2X4,4,1
56,11126,11126,33,אופל,ADAM,ROCKS,2016,85,2,1398,1480,,1.0,4X2,1,2,הצ'בק,1,בנזין,3,87,4,,הנעה רגילה,אדם,19,אופל,אדם רוקס,2,2016,3,4,קדמית,אוטומטית - רובוטית מצמד יחיד,5.0,בנזין,4.0,1398.0,87,6000.0,13.2,4000.0,12.5,176,16.1,25.0,20.8,,,,,,ABS + EBD + BAS,6,יש,יש,374.7,172.0,150.3,231.1,170.0,663.0,1135.0,,,,,225/35R18,35.0,2X4,4,1
57,11131,11131,33,אופל,ADAM,UNLIMITED,2016,88,1,1398,1480,,1.0,4X2,1,2,הצ'בק,1,בנזין,3,87,4,,הנעה רגילה,אדם,6,אופל,אדם,JAM,2016,3,4,קדמית,אוטומטית - רובוטית מצמד יחיד,5.0,בנזין,4.0,1398.0,87,6000.0,13.2,4000.0,13.9,178,15.2,24.4,20.0,,,,,,ABS + EBD + BAS,6,יש,יש,369.8,172.0,148.4,231.1,170.0,663.0,1120.0,,,,,185/65R15,35.0,2X4,4,1
58,11131,11131,33,אופל,ADAM,UNLIMITED,2016,88,1,1398,1480,,1.0,4X2,1,2,הצ'בק,1,בנזין,3,87,4,,הנעה רגילה,אדם,17,אופל,אדם רוקס,,2016,3,4,קדמית,אוטומטית - רובוטית מצמד יחיד,5.0,בנזין,4.0,1398.0,87,6000.0,13.2,4000.0,12.5,176,16.1,25.0,20.8,,,,,,ABS + EBD + BAS,6,יש,יש,374.7,172.0,150.3,231.1,170.0,663.0,1135.0,,,,,195/55R16,35.0,2X4,4,1
59,11131,11131,33,אופל,ADAM,UNLIMITED,2016,88,1,1398,1480,,1.0,4X2,1,2,הצ'בק,1,בנזין,3,87,4,,הנעה רגילה,אדם,18,אופל,אדם רוקס,1,2016,3,4,קדמית,אוטומטית - רובוטית מצמד יחיד,5.0,בנזין,4.0,1398.0,87,6000.0,13.2,4000.0,12.5,176,16.1,25.0,20.8,,,,,,ABS + EBD + BAS,6,יש,יש,374.7,172.0,150.3,231.1,170.0,663.0,1135.0,,,,,215/45R17,35.0,2X4,4,1
60,11131,11131,33,אופל,ADAM,UNLIMITED,2016,88,1,1398,1480,,1.0,4X2,1,2,הצ'בק,1,בנזין,3,87,4,,הנעה רגילה,אדם,19,אופל,אדם רוקס,2,2016,3,4,קדמית,אוטומטית - רובוטית מצמד יחיד,5.0,בנזין,4.0,1398.0,87,6000.0,13.2,4000.0,12.5,176,16.1,25.0,20.8,,,,,,ABS + EBD + BAS,6,יש,יש,374.7,172.0,150.3,231.1,170.0,663.0,1135.0,,,,,225/35R18,35.0,2X4,4,1
61,11135,11135,33,אופל,ADAM,ROCKS,2016,89,2,1398,1480,,1.0,4X2,1,2,הצ'בק,1,בנזין,3,87,4,,הנעה רגילה,אדם,6,אופל,אדם,JAM,2016,3,4,קדמית,אוטומטית - רובוטית מצמד יחיד,5.0,בנזין,4.0,1398.0,87,6000.0,13.2,4000.0,13.9,178,15.2,24.4,20.0,,,,,,ABS + EBD + BAS,6,יש,יש,369.8,172.0,148.4,231.1,170.0,663.0,1120.0,,,,,185/65R15,35.0,2X4,4,1
62,11135,11135,33,אופל,ADAM,ROCKS,2016,89,2,1398,1480,,1.0,4X2,1,2,הצ'בק,1,בנזין,3,87,4,,הנעה רגילה,אדם,17,אופל,אדם רוקס,,2016,3,4,קדמית,אוטומטית - רובוטית מצמד יחיד,5.0,בנזין,4.0,1398.0,87,6000.0,13.2,4000.0,12.5,176,16.1,25.0,20.8,,,,,,ABS + EBD + BAS,6,יש,יש,374.7,172.0,150.3,231.1,170.0,663.0,1135.0,,,,,195/55R16,35.0,2X4,4,1
63,11135,11135,33,אופל,ADAM,ROCKS,2016,89,2,1398,1480,,1.0,4X2,1,2,הצ'בק,1,בנזין,3,87,4,,הנעה רגילה,אדם,18,אופל,אדם רוקס,1,2016,3,4,קדמית,אוטומטית - רובוטית מצמד יחיד,5.0,בנזין,4.0,1398.0,87,6000.0,13.2,4000.0,12.5,176,16.1,25.0,20.8,,,,,,ABS + EBD + BAS,6,יש,יש,374.7,172.0,150.3,231.1,170.0,663.0,1135.0,,,,,215/45R17,35.0,2X4,4,1
64,11135,11135,33,אופל,ADAM,ROCKS,2016,89,2,1398,1480,,1.0,4X2,1,2,הצ'בק,1,בנזין,3,87,4,,הנעה רגילה,אדם,19,אופל,אדם רוקס,2,2016,3,4,קדמית,אוטומטית - רובוטית מצמד יחיד,5.0,בנזין,4.0,1398.0,87,6000.0,13.2,4000.0,12.5,176,16.1,25.0,20.8,,,,,,ABS + EBD + BAS,6,יש,יש,374.7,172.0,150.3,231.1,170.0,663.0,1135.0,,,,,225/35R18,35.0,2X4,4,1
65,11199,11199,33,אופל,ADAM,ROCKS,2016,127,2,1398,1480,,1.0,4X2,1,2,הצ'בק,1,בנזין,3,87,4,,הנעה רגילה,אדם,6,אופל,אדם,JAM,2016,3,4,קדמית,אוטומטית - רובוטית מצמד יחיד,5.0,בנזין,4.0,1398.0,87,6000.0,13.2,4000.0,13.9,178,15.2,24.4,20.0,,,,,,ABS + EBD + BAS,6,יש,יש,369.8,172.0,148.4,231.1,170.0,663.0,1120.0,,,,,185/65R15,35.0,2X4,4,1
66,11199,11199,33,אופל,ADAM,ROCKS,2016,127,2,1398,1480,,1.0,4X2,1,2,הצ'בק,1,בנזין,3,87,4,,הנעה רגילה,אדם,17,אופל,אדם רוקס,,2016,3,4,קדמית,אוטומטית - רובוטית מצמד יחיד,5.0,בנזין,4.0,1398.0,87,6000.0,13.2,4000.0,12.5,176,16.1,25.0,20.8,,,,,,ABS + EBD + BAS,6,יש,יש,374.7,172.0,150.3,231.1,170.0,663.0,1135.0,,,,,195/55R16,35.0,2X4,4,1
67,11199,11199,33,אופל,ADAM,ROCKS,2016,127,2,1398,1480,,1.0,4X2,1,2,הצ'בק,1,בנזין,3,87,4,,הנעה רגילה,אדם,18,אופל,אדם רוקס,1,2016,3,4,קדמית,אוטומטית - רובוטית מצמד יחיד,5.0,בנזין,4.0,1398.0,87,6000.0,13.2,4000.0,12.5,176,16.1,25.0,20.8,,,,,,ABS + EBD + BAS,6,יש,יש,374.7,172.0,150.3,231.1,170.0,663.0,1135.0,,,,,215/45R17,35.0,2X4,4,1
68,11199,11199,33,אופל,ADAM,ROCKS,2016,127,2,1398,1480,,1.0,4X2,1,2,הצ'בק,1,בנזין,3,87,4,,הנעה רגילה,אדם,19,אופל,אדם רוקס,2,2016,3,4,קדמית,אוטומטית - רובוטית מצמד יחיד,5.0,בנזין,4.0,1398.0,87,6000.0,13.2,4000.0,12.5,176,16.1,25.0,20.8,,,,,,ABS + EBD + BAS,6,יש,יש,374.7,172.0,150.3,231.1,170.0,663.0,1135.0,,,,,225/35R18,35.0,2X4,4,1
69,11201,11201,33,אופל,ADAM,ROCKS,2016,128,2,1398,1480,,1.0,4X2,1,2,הצ'בק,1,בנזין,3,87,4,,הנעה רגילה,אדם,6,אופל,אדם,JAM,2016,3,4,קדמית,אוטומטית - רובוטית מצמד יחיד,5.0,בנזין,4.0,1398.0,87,6000.0,13.2,4000.0,13.9,178,15.2,24.4,20.0,,,,,,ABS + EBD + BAS,6,יש,יש,369.8,172.0,148.4,231.1,170.0,663.0,1120.0,,,,,185/65R15,35.0,2X4,4,1
70,11201,11201,33,אופל,ADAM,ROCKS,2016,128,2,1398,1480,,1.0,4X2,1,2,הצ'בק,1,בנזין,3,87,4,,הנעה רגילה,אדם,17,אופל,אדם רוקס,,2016,3,4,קדמית,אוטומטית - רובוטית מצמד יחיד,5.0,בנזין,4.0,1398.0,87,6000.0,13.2,4000.0,12.5,176,16.1,25.0,20.8,,,,,,ABS + EBD + BAS,6,יש,יש,374.7,172.0,150.3,231.1,170.0,663.0,1135.0,,,,,195/55R16,35.0,2X4,4,1
71,11201,11201,33,אופל,ADAM,ROCKS,2016,128,2,1398,1480,,1.0,4X2,1,2,הצ'בק,1,בנזין,3,87,4,,הנעה רגילה,אדם,18,אופל,אדם רוקס,1,2016,3,4,קדמית,אוטומטית - רובוטית מצמד יחיד,5.0,בנזין,4.0,1398.0,87,6000.0,13.2,4000.0,12.5,176,16.1,25.0,20.8,,,,,,ABS + EBD + BAS,6,יש,יש,374.7,172.0,150.3,231.1,170.0,663.0,1135.0,,,,,215/45R17,35.0,2X4,4,1
72,11201,11201,33,אופל,ADAM,ROCKS,2016,128,2,1398,1480,,1.0,4X2,1,2,הצ'בק,1,בנזין,3,87,4,,הנעה רגילה,אדם,19,אופל,אדם רוקס,2,2016,3,4,קדמית,אוטומטית - רובוטית מצמד יחיד,5.0,בנזין,4.0,1398.0,87,6000.0,13.2,4000.0,12.5,176,16.1,25.0,20.8,,,,,,ABS + EBD + BAS,6,יש,יש,374.7,172.0,150.3,231.1,170.0,663.0,1135.0,,,,,225/35R18,35.0,2X4,4,1
73,11120,11120,33,אופל,ADAM,JAM STS,2017,82,1,1398,1480,,1.0,4X2,1,2,הצ'בק,1,בנזין,3,87,4,,הנעה רגילה,אדם,4,אופל,אדם,JAM,2017,3,4,קדמית,אוטומטית - רובוטית מצמד יחיד,5.0,בנזין,4.0,1398.0,87,6000.0,13.2,4000.0,13.9,178,15.2,24.4,20.0,,,,,,ABS + EBD + BAS,6,יש,יש,369.8,172.0,148.4,231.1,170.0,663.0,1120.0,,,,,185/65R15,35.0,2X4,4,1
74,11120,11120,33,אופל,ADAM,JAM STS,2017,82,1,1398,1480,,1.0,4X2,1,2,הצ'בק,1,בנזין,3,87,4,,הנעה רגילה,אדם,16,אופל,אדם רוקס,,2017,3,4,קדמית,אוטומטית - רובוטית מצמד יחיד,5.0,בנזין,4.0,1398.0,87,6000.0,13.2,4000.0,12.5,176,16.1,25.0,20.8,,,,,,ABS + EBD + BAS,6,יש,יש,374.7,172.0,150.3,231.1,170.0,663.0,1135.0,,,,,195/55R16,35.0,2X4,4,1
75,11124,11124,33,אופל,ADAM,ROCKS,2017,84,2,1398,1480,,1.0,4X2,1,2,הצ'בק,1,בנזין,3,87,4,,הנעה רגילה,אדם,4,אופל,אדם,JAM,2017,3,4,קדמית,אוטומטית - רובוטית מצמד יחיד,5.0,בנזין,4.0,1398.0,87,6000.0,13.2,4000.0,13.9,178,15.2,24.4,20.0,,,,,,ABS + EBD + BAS,6,יש,יש,369.8,172.0,148.4,231.1,170.0,663.0,1120.0,,,,,185/65R15,35.0,2X4,4,1
76,11124,11124,33,אופל,ADAM,ROCKS,2017,84,2,1398,1480,,1.0,4X2,1,2,הצ'בק,1,בנזין,3,87,4,,הנעה רגילה,אדם,16,אופל,אדם רוקס,,2017,3,4,קדמית,אוטומטית - רובוטית מצמד יחיד,5.0,בנזין,4.0,1398.0,87,6000.0,13.2,4000.0,12.5,176,16.1,25.0,20.8,,,,,,ABS + EBD + BAS,6,יש,יש,374.7,172.0,150.3,231.1,170.0,663.0,1135.0,,,,,195/55R16,35.0,2X4,4,1
77,11132,11132,33,אופל,ADAM,UNLIMITED,2017,88,1,1398,1480,,1.0,4X2,1,2,הצ'בק,1,בנזין,3,87,4,,הנעה רגילה,אדם,4,אופל,אדם,JAM,2017,3,4,קדמית,אוטומטית - רובוטית מצמד יחיד,5.0,בנזין,4.0,1398.0,87,6000.0,13.2,4000.0,13.9,178,15.2,24.4,20.0,,,,,,ABS + EBD + BAS,6,יש,יש,369.8,172.0,148.4,231.1,170.0,663.0,1120.0,,,,,185/65R15,35.0,2X4,4,1
78,11132,11132,33,אופל,ADAM,UNLIMITED,2017,88,1,1398,1480,,1.0,4X2,1,2,הצ'בק,1,בנזין,3,87,4,,הנעה רגילה,אדם,16,אופל,אדם רוקס,,2017,3,4,קדמית,אוטומטית - רובוטית מצמד יחיד,5.0,בנזין,4.0,1398.0,87,6000.0,13.2,4000.0,12.5,176,16.1,25.0,20.8,,,,,,ABS + EBD + BAS,6,יש,יש,374.7,172.0,150.3,231.1,170.0,663.0,1135.0,,,,,195/55R16,35.0,2X4,4,1
79,11200,11200,33,אופל,ADAM,ROCKS,2017,127,2,1398,1480,,1.0,4X2,1,2,הצ'בק,1,בנזין,3,87,4,,הנעה רגילה,אדם,4,אופל,אדם,JAM,2017,3,4,קדמית,אוטומטית - רובוטית מצמד יחיד,5.0,בנזין,4.0,1398.0,87,6000.0,13.2,4000.0,13.9,178,15.2,24.4,20.0,,,,,,ABS + EBD + BAS,6,יש,יש,369.8,172.0,148.4,231.1,170.0,663.0,1120.0,,,,,185/65R15,35.0,2X4,4,1
80,11200,11200,33,אופל,ADAM,ROCKS,2017,127,2,1398,1480,,1.0,4X2,1,2,הצ'בק,1,בנזין,3,87,4,,הנעה רגילה,אדם,16,אופל,אדם רוקס,,2017,3,4,קדמית,אוטומטית - רובוטית מצמד יחיד,5.0,בנזין,4.0,1398.0,87,6000.0,13.2,4000.0,12.5,176,16.1,25.0,20.8,,,,,,ABS + EBD + BAS,6,יש,יש,374.7,172.0,150.3,231.1,170.0,663.0,1135.0,,,,,195/55R16,35.0,2X4,4,1
81,11202,11202,33,אופל,ADAM,ROCKS,2017,128,2,1398,1480,,1.0,4X2,1,2,הצ'בק,1,בנזין,3,87,4,,הנעה רגילה,אדם,4,אופל,אדם,JAM,2017,3,4,קדמית,אוטומטית - רובוטית מצמד יחיד,5.0,בנזין,4.0,1398.0,87,6000.0,13.2,4000.0,13.9,178,15.2,24.4,20.0,,,,,,ABS + EBD + BAS,6,יש,יש,369.8,172.0,148.4,231.1,170.0,663.0,1120.0,,,,,185/65R15,35.0,2X4,4,1
82,11202,11202,33,אופל,ADAM,ROCKS,2017,128,2,1398,1480,,1.0,4X2,1,2,הצ'בק,1,בנזין,3,87,4,,הנעה רגילה,אדם,16,אופל,אדם רוקס,,2017,3,4,קדמית,אוטומטית - רובוטית מצמד יחיד,5.0,בנזין,4.0,1398.0,87,6000.0,13.2,4000.0,12.5,176,16.1,25.0,20.8,,,,,,ABS + EBD + BAS,6,יש,יש,374.7,172.0,150.3,231.1,170.0,663.0,1135.0,,,,,195/55R16,35.0,2X4,4,1
83,11205,11205,33,אופל,ADAM,ROCKS,2017,129,1,1398,1480,,1.0,4X2,1,2,הצ'בק,1,בנזין,3,87,4,,הנעה רגילה,אדם,4,אופל,אדם,JAM,2017,3,4,קדמית,אוטומטית - רובוטית מצמד יחיד,5.0,בנזין,4.0,1398.0,87,6000.0,13.2,4000.0,13.9,178,15.2,24.4,20.0,,,,,,ABS + EBD + BAS,6,יש,יש,369.8,172.0,148.4,231.1,170.0,663.0,1120.0,,,,,185/65R15,35.0,2X4,4,1
84,11205,11205,33,אופל,ADAM,ROCKS,2017,129,1,1398,1480,,1.0,4X2,1,2,הצ'בק,1,בנזין,3,87,4,,הנעה רגילה,אדם,16,אופל,אדם רוקס,,2017,3,4,קדמית,אוטומטית - רובוטית מצמד יחיד,5.0,בנזין,4.0,1398.0,87,6000.0,13.2,4000.0,12.5,176,16.1,25.0,20.8,,,,,,ABS + EBD + BAS,6,יש,יש,374.7,172.0,150.3,231.1,170.0,663.0,1135.0,,,,,195/55R16,35.0,2X4,4,1
85,11206,11206,33,אופל,ADAM,UNLIMITED,2017,130,1,1398,1480,,1.0,4X2,1,2,הצ'בק,1,בנזין,3,87,4,,הנעה רגילה,אדם,4,אופל,אדם,JAM,2017,3,4,קדמית,אוטומטית - רובוטית מצמד יחיד,5.0,בנזין,4.0,1398.0,87,6000.0,13.2,4000.0,13.9,178,15.2,24.4,20.0,,,,,,ABS + EBD + BAS,6,יש,יש,369.8,172.0,148.4,231.1,170.0,663.0,1120.0,,,,,185/65R15,35.0,2X4,4,1
86,11206,11206,33,אופל,ADAM,UNLIMITED,2017,130,1,1398,1480,,1.0,4X2,1,2,הצ'בק,1,בנזין,3,87,4,,הנעה רגילה,אדם,16,אופל,אדם רוקס,,2017,3,4,קדמית,אוטומטית - רובוטית מצמד יחיד,5.0,בנזין,4.0,1398.0,87,6000.0,13.2,4000.0,12.5,176,16.1,25.0,20.8,,,,,,ABS + EBD + BAS,6,יש,יש,374.7,172.0,150.3,231.1,170.0,663.0,1135.0,,,,,195/55R16,35.0,2X4,4,1
87,11207,11207,33,אופל,ADAM,ROCKS,2017,132,2,1398,1480,,1.0,4X2,1,2,הצ'בק,1,בנזין,3,87,4,,הנעה רגילה,אדם,4,אופל,אדם,JAM,2017,3,4,קדמית,אוטומטית - רובוטית מצמד יחיד,5.0,בנזין,4.0,1398.0,87,6000.0,13.2,4000.0,13.9,178,15.2,24.4,20.0,,,,,,ABS + EBD + BAS,6,יש,יש,369.8,172.0,148.4,231.1,170.0,663.0,1120.0,,,,,185/65R15,35.0,2X4,4,1
88,11207,11207,33,אופל,ADAM,ROCKS,2017,132,2,1398,1480,,1.0,4X2,1,2,הצ'בק,1,בנזין,3,87,4,,הנעה רגילה,אדם,16,אופל,אדם רוקס,,2017,3,4,קדמית,אוטומטית - רובוטית מצמד יחיד,5.0,בנזין,4.0,1398.0,87,6000.0,13.2,4000.0,12.5,176,16.1,25.0,20.8,,,,,,ABS + EBD + BAS,6,יש,יש,374.7,172.0,150.3,231.1,170.0,663.0,1135.0,,,,,195/55R16,35.0,2X4,4,1
89,11121,11121,33,אופל,ADAM,JAM STS,2019,82,1,1398,1480,,1.0,4X2,1,2,הצ'בק,1,בנזין,3,87,4,,הנעה רגילה,אדם,0,אופל,אדם,JAM,2019,3,4,קדמית,אוטומטית - רובוטית מצמד יחיד,5.0,בנזין,4.0,1398.0,87,6000.0,13.2,4000.0,13.9,178,15.2,24.4,20.0,,,,,,ABS + EBD + BAS,6,יש,יש,369.8,172.0,148.4,231.1,170.0,663.0,1120.0,,,,,185/65R15,35.0,2X4,4,1
90,11121,11121,33,אופל,ADAM,JAM STS,2019,82,1,1398,1480,,1.0,4X2,1,2,הצ'בק,1,בנזין,3,87,4,,הנעה רגילה,אדם,14,אופל,אדם רוקס,,2019,3,4,קדמית,אוטומטית - רובוטית מצמד יחיד,5.0,בנזין,4.0,1398.0,87,6000.0,13.2,4000.0,12.5,176,16.1,25.0,20.8,,,,,,ABS + EBD + BAS,6,יש,יש,374.7,172.0,150.3,231.1,170.0,663.0,1135.0,,,,,195/55R16,35.0,2X4,4,1
91,11125,11125,33,אופל,ADAM,ROCKS,2019,84,2,1398,1480,,1.0,4X2,1,2,הצ'בק,1,בנזין,3,87,4,,הנעה רגילה,אדם,0,אופל,אדם,JAM,2019,3,4,קדמית,אוטומטית - רובוטית מצמד יחיד,5.0,בנזין,4.0,1398.0,87,6000.0,13.2,4000.0,13.9,178,15.2,24.4,20.0,,,,,,ABS + EBD + BAS,6,יש,יש,369.8,172.0,148.4,231.1,170.0,663.0,1120.0,,,,,185/65R15,35.0,2X4,4,1
92,11125,11125,33,אופל,ADAM,ROCKS,2019,84,2,1398,1480,,1.0,4X2,1,2,הצ'בק,1,בנזין,3,87,4,,הנעה רגילה,אדם,14,אופל,אדם רוקס,,2019,3,4,קדמית,אוטומטית - רובוטית מצמד יחיד,5.0,בנזין,4.0,1398.0,87,6000.0,13.2,4000.0,12.5,176,16.1,25.0,20.8,,,,,,ABS + EBD + BAS,6,יש,יש,374.7,172.0,150.3,231.1,170.0,663.0,1135.0,,,,,195/55R16,35.0,2X4,4,1
93,11134,11134,33,אופל,ADAM,UNLIMITED,2019,88,1,1398,1480,,1.0,4X2,1,2,הצ'בק,1,בנזין,3,87,4,,הנעה רגילה,אדם,0,אופל,אדם,JAM,2019,3,4,קדמית,אוטומטית - רובוטית מצמד יחיד,5.0,בנזין,4.0,1398.0,87,6000.0,13.2,4000.0,13.9,178,15.2,24.4,20.0,,,,,,ABS + EBD + BAS,6,יש,יש,369.8,172.0,148.4,231.1,170.0,663.0,1120.0,,,,,185/65R15,35.0,2X4,4,1
94,11134,11134,33,אופל,ADAM,UNLIMITED,2019,88,1,1398,1480,,1.0,4X2,1,2,הצ'בק,1,בנזין,3,87,4,,הנעה רגילה,אדם,14,אופל,אדם רוקס,,2019,3,4,קדמית,אוטומטית - רובוטית מצמד יחיד,5.0,בנזין,4.0,1398.0,87,6000.0,13.2,4000.0,12.5,176,16.1,25.0,20.8,,,,,,ABS + EBD + BAS,6,יש,יש,374.7,172.0,150.3,231.1,170.0,663.0,1135.0,,,,,195/55R16,35.0,2X4,4,1
95,11204,11204,33,אופל,ADAM,ROCKS,2019,128,2,1398,1480,,1.0,4X2,1,2,הצ'בק,1,בנזין,3,87,4,,הנעה רגילה,אדם,0,אופל,אדם,JAM,2019,3,4,קדמית,אוטומטית - רובוטית מצמד יחיד,5.0,בנזין,4.0,1398.0,87,6000.0,13.2,4000.0,13.9,178,15.2,24.4,20.0,,,,,,ABS + EBD + BAS,6,יש,יש,369.8,172.0,148.4,231.1,170.0,663.0,1120.0,,,,,185/65R15,35.0,2X4,4,1
96,11204,11204,33,אופל,ADAM,ROCKS,2019,128,2,1398,1480,,1.0,4X2,1,2,הצ'בק,1,בנזין,3,87,4,,הנעה רגילה,אדם,14,אופל,אדם רוקס,,2019,3,4,קדמית,אוטומטית - רובוטית מצמד יחיד,5.0,בנזין,4.0,1398.0,87,6000.0,13.2,4000.0,12.5,176,16.1,25.0,20.8,,,,,,ABS + EBD + BAS,6,יש,יש,374.7,172.0,150.3,231.1,170.0,663.0,1135.0,,,,,195/55R16,35.0,2X4,4,1
97,11245,11245,33,אופל,ADAM,UNLIMITED,2019,148,1,1398,1480,,1.0,4X2,1,2,הצ'בק,1,בנזין,3,87,4,,הנעה רגילה,אדם,0,אופל,אדם,JAM,2019,3,4,קדמית,אוטומטית - רובוטית מצמד יחיד,5.0,בנזין,4.0,1398.0,87,6000.0,13.2,4000.0,13.9,178,15.2,24.4,20.0,,,,,,ABS + EBD + BAS,6,יש,יש,369.8,172.0,148.4,231.1,170.0,663.0,1120.0,,,,,185/65R15,35.0,2X4,4,1
98,11245,11245,33,אופל,ADAM,UNLIMITED,2019,148,1,1398,1480,,1.0,4X2,1,2,הצ'בק,1,בנזין,3,87,4,,הנעה רגילה,אדם,14,אופל,אדם רוקס,,2019,3,4,קדמית,אוטומטית - רובוטית מצמד יחיד,5.0,בנזין,4.0,1398.0,87,6000.0,13.2,4000.0,12.5,176,16.1,25.0,20.8,,,,,,ABS + EBD + BAS,6,יש,יש,374.7,172.0,150.3,231.1,170.0,663.0,1135.0,,,,,195/55R16,35.0,2X4,4,1
99,11249,11249,33,אופל,ADAM,UNLIMITED,2019,150,1,1398,1480,,1.0,4X2,1,2,הצ'בק,1,בנזין,3,87,4,,הנעה רגילה,אדם,0,אופל,אדם,JAM,2019,3,4,קדמית,אוטומטית - רובוטית מצמד יחיד,5.0,בנזין,4.0,1398.0,87,6000.0,13.2,4000.0,13.9,178,15.2,24.4,20.0,,,,,,ABS + EBD + BAS,6,יש,יש,369.8,172.0,148.4,231.1,170.0,663.0,1120.0,,,,,185/65R15,35.0,2X4,4,1
100,11249,11249,33,אופל,ADAM,UNLIMITED,2019,150,1,1398,1480,,1.0,4X2,1,2,הצ'בק,1,בנזין,3,87,4,,הנעה רגילה,אדם,14,אופל,אדם רוקס,,2019,3,4,קדמית,אוטומטית - רובוטית מצמד יחיד,5.0,בנזין,4.0,1398.0,87,6000.0,13.2,4000.0,12.5,176,16.1,25.0,20.8,,,,,,ABS + EBD + BAS,6,יש,יש,374.7,172.0,150.3,231.1,170.0,663.0,1135.0,,,,,195/55R16,35.0,2X4,4,1
101,11133,11133,33,אופל,ADAM,UNLIMITED,2018,88,1,1398,1480,,1.0,4X2,1,2,הצ'בק,1,בנזין,3,87,4,,הנעה רגילה,אדם,2,אופל,אדם,JAM,2018,3,4,קדמית,אוטומטית - רובוטית מצמד יחיד,5.0,בנזין,4.0,1398.0,87,6000.0,13.2,4000.0,13.9,178,15.2,24.4,20.0,,,,,,ABS + EBD + BAS,6,יש,יש,369.8,172.0,148.4,231.1,170.0,663.0,1120.0,,,,,185/65R15,35.0,2X4,4,1
102,11133,11133,33,אופל,ADAM,UNLIMITED,2018,88,1,1398,1480,,1.0,4X2,1,2,הצ'בק,1,בנזין,3,87,4,,הנעה רגילה,אדם,15,אופל,אדם רוקס,,2018,3,4,קדמית,אוטומטית - רובוטית מצמד יחיד,5.0,בנזין,4.0,1398.0,87,6000.0,13.2,4000.0,12.5,176,16.1,25.0,20.8,,,,,,ABS + EBD + BAS,6,יש,יש,374.7,172.0,150.3,231.1,170.0,663.0,1135.0,,,,,195/55R16,35.0,2X4,4,1
103,11203,11203,33,אופל,ADAM,ROCKS,2018,128,2,1398,1480,,1.0,4X2,1,2,הצ'בק,1,בנזין,3,87,4,,הנעה רגילה,אדם,2,אופל,אדם,JAM,2018,3,4,קדמית,אוטומטית - רובוטית מצמד יחיד,5.0,בנזין,4.0,1398.0,87,6000.0,13.2,4000.0,13.9,178,15.2,24.4,20.0,,,,,,ABS + EBD + BAS,6,יש,יש,369.8,172.0,148.4,231.1,170.0,663.0,1120.0,,,,,185/65R15,35.0,2X4,4,1
104,11203,11203,33,אופל,ADAM,ROCKS,2018,128,2,1398,1480,,1.0,4X2,1,2,הצ'בק,1,בנזין,3,87,4,,הנעה רגילה,אדם,15,אופל,אדם רוקס,,2018,3,4,קדמית,אוטומטית - רובוטית מצמד יחיד,5.0,בנזין,4.0,1398.0,87,6000.0,13.2,4000.0,12.5,176,16.1,25.0,20.8,,,,,,ABS + EBD + BAS,6,יש,יש,374.7,172.0,150.3,231.1,170.0,663.0,1135.0,,,,,195/55R16,35.0,2X4,4,1
105,11244,11244,33,אופל,ADAM,UNLIMITED,2018,148,1,1398,1480,,1.0,4X2,1,2,הצ'בק,1,בנזין,3,87,4,,הנעה רגילה,אדם,2,אופל,אדם,JAM,2018,3,4,קדמית,אוטומטית - רובוטית מצמד יחיד,5.0,בנזין,4.0,1398.0,87,6000.0,13.2,4000.0,13.9,178,15.2,24.4,20.0,,,,,,ABS + EBD + BAS,6,יש,יש,369.8,172.0,148.4,231.1,170.0,663.0,1120.0,,,,,185/65R15,35.0,2X4,4,1
106,11244,11244,33,אופל,ADAM,UNLIMITED,2018,148,1,1398,1480,,1.0,4X2,1,2,הצ'בק,1,בנזין,3,87,4,,הנעה רגילה,אדם,15,אופל,אדם רוקס,,2018,3,4,קדמית,אוטומטית - רובוטית מצמד יחיד,5.0,בנזין,4.0,1398.0,87,6000.0,13.2,4000.0,12.5,176,16.1,25.0,20.8,,,,,,ABS + EBD + BAS,6,יש,יש,374.7,172.0,150.3,231.1,170.0,663.0,1135.0,,,,,195/55R16,35.0,2X4,4,1
107,11248,11248,33,אופל,ADAM,UNLIMITED,2018,150,1,1398,1480,,1.0,4X2,1,2,הצ'בק,1,בנזין,3,87,4,,הנעה רגילה,אדם,2,אופל,אדם,JAM,2018,3,4,קדמית,אוטומטית - רובוטית מצמד יחיד,5.0,בנזין,4.0,1398.0,87,6000.0,13.2,4000.0,13.9,178,15.2,24.4,20.0,,,,,,ABS + EBD + BAS,6,יש,יש,369.8,172.0,148.4,231.1,170.0,663.0,1120.0,,,,,185/65R15,35.0,2X4,4,1
108,11248,11248,33,אופל,ADAM,UNLIMITED,2018,150,1,1398,1480,,1.0,4X2,1,2,הצ'בק,1,בנזין,3,87,4,,הנעה רגילה,אדם,15,אופל,אדם רוקס,,2018,3,4,קדמית,אוטומטית - רובוטית מצמד יחיד,5.0,בנזין,4.0,1398.0,87,6000.0,13.2,4000.0,12.5,176,16.1,25.0,20.8,,,,,,ABS + EBD + BAS,6,יש,יש,374.7,172.0,150.3,231.1,170.0,663.0,1135.0,,,,,195/55R16,35.0,2X4,4,1
109,11184,11184,33,אופל,CORSA,OPC SR,2016,123,5,1598,1670,,1.0,4X2,0,2,הצ'בק,1,בנזין,3,207,5,,הנעה רגילה,קורסה,73,אופל,קורסה OPC,,2016,3,5,קדמית,ידנית,6.0,טורבו בנזין,4.0,1598.0,207,5800.0,28.5,1900.0,6.8,230,10.1,16.1,13.3,,,,,,ABS + EBD + BAS,6,יש,יש,402.1,173.6,147.9,251.0,285.0,1120.0,1278.0,,,,,215/45R17,45.0,2X4,5,1
110,11184,11184,33,אופל,CORSA,OPC SR,2016,123,5,1598,1670,,1.0,4X2,0,2,הצ'בק,1,בנזין,3,207,5,,הנעה רגילה,קורסה,74,אופל,קורסה OPC,SR,2016,3,5,קדמית,ידנית,6.0,טורבו בנזין,4.0,1598.0,207,5800.0,28.5,1900.0,6.8,230,10.1,16.1,13.3,,,,,,ABS + EBD + BAS,6,יש,יש,402.1,173.6,147.9,251.0,285.0,1120.0,1278.0,,,,,215/45R17,45.0,2X4,5,1
111,11195,11195,33,אופל,CORSA,OPC,2016,126,4,1598,1670,,1.0,4X2,0,2,הצ'בק,1,בנזין,3,207,5,,הנעה רגילה,קורסה,73,אופל,קורסה OPC,,2016,3,5,קדמית,ידנית,6.0,טורבו בנזין,4.0,1598.0,207,5800.0,28.5,1900.0,6.8,230,10.1,16.1,13.3,,,,,,ABS + EBD + BAS,6,יש,יש,402.1,173.6,147.9,251.0,285.0,1120.0,1278.0,,,,,215/45R17,45.0,2X4,5,1
112,11195,11195,33,אופל,CORSA,OPC,2016,126,4,1598,1670,,1.0,4X2,0,2,הצ'בק,1,בנזין,3,207,5,,הנעה רגילה,קורסה,74,אופל,קורסה OPC,SR,2016,3,5,קדמית,ידנית,6.0,טורבו בנזין,4.0,1598.0,207,5800.0,28.5,1900.0,6.8,230,10.1,16.1,13.3,,,,,,ABS + EBD + BAS,6,יש,יש,402.1,173.6,147.9,251.0,285.0,1120.0,1278.0,,,,,215/45R17,45.0,2X4,5,1
113,11185,11185,33,אופל,CORSA,OPC SR,2017,123,5,1598,1670,,1.0,4X2,0,2,הצ'בק,1,בנזין,3,207,5,,הנעה רגילה,קורסה,71,אופל,קורסה OPC,,2017,3,5,קדמית,ידנית,6.0,טורבו בנזין,4.0,1598.0,207,5800.0,28.5,1900.0,6.8,230,10.1,16.1,13.3,,,,,,ABS + EBD + BAS,6,יש,יש,402.1,173.6,147.9,251.0,285.0,1120.0,1278.0,,,,,215/45R17,45.0,2X4,5,1
114,11185,11185,33,אופל,CORSA,OPC SR,2017,123,5,1598,1670,,1.0,4X2,0,2,הצ'בק,1,בנזין,3,207,5,,הנעה רגילה,קורסה,72,אופל,קורסה OPC,SR,2017,3,5,קדמית,ידנית,6.0,טורבו בנזין,4.0,1598.0,207,5800.0,28.5,1900.0,6.8,230,10.1,16.1,13.3,,,,,,ABS + EBD + BAS,6,יש,יש,402.1,173.6,147.9,251.0,285.0,1120.0,1278.0,,,,,215/45R17,45.0,2X4,5,1
115,11196,11196,33,אופל,CORSA,OPC,2017,126,4,1598,1670,,1.0,4X2,0,2,הצ'בק,1,בנזין,3,207,5,,הנעה רגילה,קורסה,71,אופל,קורסה OPC,,2017,3,5,קדמית,ידנית,6.0,טורבו בנזין,4.0,1598.0,207,5800.0,28.5,1900.0,6.8,230,10.1,16.1,13.3,,,,,,ABS + EBD + BAS,6,יש,יש,402.1,173.6,147.9,251.0,285.0,1120.0,1278.0,,,,,215/45R17,45.0,2X4,5,1
116,11196,11196,33,אופל,CORSA,OPC,2017,126,4,1598,1670,,1.0,4X2,0,2,הצ'בק,1,בנזין,3,207,5,,הנעה רגילה,קורסה,72,אופל,קורסה OPC,SR,2017,3,5,קדמית,ידנית,6.0,טורבו בנזין,4.0,1598.0,207,5800.0,28.5,1900.0,6.8,230,10.1,16.1,13.3,,,,,,ABS + EBD + BAS,6,יש,יש,402.1,173.6,147.9,251.0,285.0,1120.0,1278.0,,,,,215/45R17,45.0,2X4,5,1
117,11186,11186,33,אופל,CORSA,OPC SR,2018,123,5,1598,1670,,1.0,4X2,0,2,הצ'בק,1,בנזין,3,207,5,,הנעה רגילה,קורסה,69,אופל,קורסה OPC,,2018,3,5,קדמית,ידנית,6.0,טורבו בנזין,4.0,1598.0,207,5800.0,28.5,1900.0,6.8,230,10.1,16.1,13.3,,,,,,ABS + EBD + BAS,6,יש,יש,402.1,173.6,147.9,251.0,285.0,1120.0,1278.0,,,,,215/45R17,45.0,2X4,5,1
118,11186,11186,33,אופל,CORSA,OPC SR,2018,123,5,1598,1670,,1.0,4X2,0,2,הצ'בק,1,בנזין,3,207,5,,הנעה רגילה,קורסה,70,אופל,קורסה OPC,SR,2018,3,5,קדמית,ידנית,6.0,טורבו בנזין,4.0,1598.0,207,5800.0,28.5,1900.0,6.8,230,10.1,16.1,13.3,,,,,,ABS + EBD + BAS,6,יש,יש,402.1,173.6,147.9,251.0,285.0,1120.0,1278.0,,,,,215/45R17,45.0,2X4,5,1
119,11197,11197,33,אופל,CORSA,OPC,2018,126,4,1598,1670,,1.0,4X2,0,2,הצ'בק,1,בנזין,3,207,5,,הנעה רגילה,קורסה,69,אופל,קורסה OPC,,2018,3,5,קדמית,ידנית,6.0,טורבו בנזין,4.0,1598.0,207,5800.0,28.5,1900.0,6.8,230,10.1,16.1,13.3,,,,,,ABS + EBD + BAS,6,יש,יש,402.1,173.6,147.9,251.0,285.0,1120.0,1278.0,,,,,215/45R17,45.0,2X4,5,1
120,11197,11197,33,אופל,CORSA,OPC,2018,126,4,1598,1670,,1.0,4X2,0,2,הצ'בק,1,בנזין,3,207,5,,הנעה רגילה,קורסה,70,אופל,קורסה OPC,SR,2018,3,5,קדמית,ידנית,6.0,טורבו בנזין,4.0,1598.0,207,5800.0,28.5,1900.0,6.8,230,10.1,16.1,13.3,,,,,,ABS + EBD + BAS,6,יש,יש,402.1,173.6,147.9,251.0,285.0,1120.0,1278.0,,,,,215/45R17,45.0,2X4,5,1
121,11188,11188,33,אופל,ADAM,S,2016,124,2,1364,1565,,1.0,4X2,0,2,הצ'בק,1,בנזין,3,150,4,,הנעה רגילה,אדם,7,אופל,אדם,S,2016,3,4,קדמית,ידנית,6.0,טורבו בנזין,4.0,1364.0,150,4900.0,22.4,2750.0,8.5,210,10.4,13.2,16.9,,,,,,ABS + EBD + BAS,6,יש,יש,369.8,172.0,148.4,231.1,170.0,663.0,1163.0,,,,,215/45R17,35.0,2X4,4,1
122,11191,11191,33,אופל,ADAM,S,2016,125,2,1364,1565,,1.0,4X2,0,2,הצ'בק,1,בנזין,3,150,4,,הנעה רגילה,אדם,7,אופל,אדם,S,2016,3,4,קדמית,ידנית,6.0,טורבו בנזין,4.0,1364.0,150,4900.0,22.4,2750.0,8.5,210,10.4,13.2,16.9,,,,,,ABS + EBD + BAS,6,יש,יש,369.8,172.0,148.4,231.1,170.0,663.0,1163.0,,,,,215/45R17,35.0,2X4,4,1
123,11189,11189,33,אופל,ADAM,S,2017,124,2,1364,1565,,1.0,4X2,0,2,הצ'בק,1,בנזין,3,150,4,,הנעה רגילה,אדם,5,אופל,אדם,S,2017,3,4,קדמית,ידנית,6.0,טורבו בנזין,4.0,1364.0,150,4900.0,22.4,2750.0,8.5,210,10.4,13.2,16.9,,,,,,ABS + EBD + BAS,6,יש,יש,369.8,172.0,148.4,231.1,170.0,663.0,1163.0,,,,,215/45R17,35.0,2X4,4,1
124,11192,11192,33,אופל,ADAM,S,2017,125,2,1364,1565,,1.0,4X2,0,2,הצ'בק,1,בנזין,3,150,4,,הנעה רגילה,אדם,5,אופל,אדם,S,2017,3,4,קדמית,ידנית,6.0,טורבו בנזין,4.0,1364.0,150,4900.0,22.4,2750.0,8.5,210,10.4,13.2,16.9,,,,,,ABS + EBD + BAS,6,יש,יש,369.8,172.0,148.4,231.1,170.0,663.0,1163.0,,,,,215/45R17,35.0,2X4,4,1
125,11190,11190,33,אופל,ADAM,S,2019,124,2,1364,1565,,1.0,4X2,0,2,הצ'בק,1,בנזין,3,150,4,,הנעה רגילה,אדם,1,אופל,אדם,S,2019,3,4,קדמית,ידנית,6.0,טורבו בנזין,4.0,1364.0,150,4900.0,22.4,2750.0,8.5,210,10.4,13.2,16.9,,,,,,ABS + EBD + BAS,6,יש,יש,369.8,172.0,148.4,231.1,170.0,663.0,1163.0,,,,,215/45R17,35.0,2X4,4,1
126,11194,11194,33,אופל,ADAM,S,2019,125,2,1364,1565,,1.0,4X2,0,2,הצ'בק,1,בנזין,3,150,4,,הנעה רגילה,אדם,1,אופל,אדם,S,2019,3,4,קדמית,ידנית,6.0,טורבו בנזין,4.0,1364.0,150,4900.0,22.4,2750.0,8.5,210,10.4,13.2,16.9,,,,,,ABS + EBD + BAS,6,יש,יש,369.8,172.0,148.4,231.1,170.0,663.0,1163.0,,,,,215/45R17,35.0,2X4,4,1
127,11251,11251,33,אופל,ADAM,S,2019,152,2,1364,1565,,1.0,4X2,0,2,הצ'בק,1,בנזין,3,150,4,,הנעה רגילה,אדם,1,אופל,אדם,S,2019,3,4,קדמית,ידנית,6.0,טורבו בנזין,4.0,1364.0,150,4900.0,22.4,2750.0,8.5,210,10.4,13.2,16.9,,,,,,ABS + EBD + BAS,6,יש,יש,369.8,172.0,148.4,231.1,170.0,663.0,1163.0,,,,,215/45R17,35.0,2X4,4,1
128,11193,11193,33,אופל,ADAM,S,2018,125,2,1364,1565,,1.0,4X2,0,2,הצ'בק,1,בנזין,3,150,4,,הנעה רגילה,אדם,3,אופל,אדם,S,2018,3,4,קדמית,ידנית,6.0,טורבו בנזין,4.0,1364.0,150,4900.0,22.4,2750.0,8.5,210,10.4,13.2,16.9,,,,,,ABS + EBD + BAS,6,יש,יש,369.8,172.0,148.4,231.1,170.0,663.0,1163.0,,,,,215/45R17,35.0,2X4,4,1
129,11250,11250,33,אופל,ADAM,S,2018,152,2,1364,1565,,1.0,4X2,0,2,הצ'בק,1,בנזין,3,150,4,,הנעה רגילה,אדם,3,אופל,אדם,S,2018,3,4,קדמית,ידנית,6.0,טורבו בנזין,4.0,1364.0,150,4900.0,22.4,2750.0,8.5,210,10.4,13.2,16.9,,,,,,ABS + EBD + BAS,6,יש,יש,369.8,172.0,148.4,231.1,170.0,663.0,1163.0,,,,,215/45R17,35.0,2X4,4,1
130,12280,12280,103,אופל,CORSA-WR,ESSENTIA,2013,2,1,1398,1640,,1.0,4X2,0,2,הצ'בק,1,בנזין,5,100,5,,הנעה רגילה,קורסה,56,אופל,קורסה,ESSENTIA,2013,5,5,קדמית,ידנית,5.0,בנזין,4.0,1398.0,100,6000.0,13.2,4000.0,11.9,180,13.6,20.8,17.5,,,,,,ABS + EBD + BAS,4,יש,יש,399.9,173.7,148.8,251.1,285.0,1100.0,1145.0,,,500.0,750.0,185/70R14,45.0,2X4,5,1
131,12280,12280,103,אופל,CORSA-WR,ESSENTIA,2013,2,1,1398,1640,,1.0,4X2,0,2,הצ'בק,1,בנזין,5,100,5,,הנעה רגילה,קורסה,57,אופל,קורסה,ENJOY,2013,5,5,קדמית,אוטומטית,4.0,בנזין,4.0,1398.0,100,6000.0,13.2,4000.0,13.9,172,12.5,20.0,16.3,,,,,,ABS + EBD + BAS,6,יש,יש,399.9,173.7,148.8,251.1,285.0,1100.0,1145.0,,,500.0,750.0,185/65R15,45.0,2X4,5,1
132,12496,12496,103,אופל,CORSA D,ESSENTIA,2013,350,1,1398,1640,,1.0,4X2,0,2,הצ'בק,1,בנזין,5,100,5,,הנעה רגילה,קורסה,56,אופל,קורסה,ESSENTIA,2013,5,5,קדמית,ידנית,5.0,בנזין,4.0,1398.0,100,6000.0,13.2,4000.0,11.9,180,13.6,20.8,17.5,,,,,,ABS + EBD + BAS,4,יש,יש,399.9,173.7,148.8,251.1,285.0,1100.0,1145.0,,,500.0,750.0,185/70R14,45.0,2X4,5,1
133,12496,12496,103,אופל,CORSA D,ESSENTIA,2013,350,1,1398,1640,,1.0,4X2,0,2,הצ'בק,1,בנזין,5,100,5,,הנעה רגילה,קורסה,57,אופל,קורסה,ENJOY,2013,5,5,קדמית,אוטומטית,4.0,בנזין,4.0,1398.0,100,6000.0,13.2,4000.0,13.9,172,12.5,20.0,16.3,,,,,,ABS + EBD + BAS,6,יש,יש,399.9,173.7,148.8,251.1,285.0,1100.0,1145.0,,,500.0,750.0,185/65R15,45.0,2X4,5,1
134,12281,12281,103,אופל,CORSA-WR,ESSENTIA,2014,2,1,1398,1640,,1.0,4X2,0,2,הצ'בק,1,בנזין,5,100,5,,הנעה רגילה,קורסה,53,אופל,קורסה,ESSENTIA,2014,5,5,קדמית,ידנית,5.0,בנזין,4.0,1398.0,100,6000.0,13.2,4000.0,11.9,180,13.6,20.8,17.5,,,,,,ABS + EBD + BAS,4,יש,יש,399.9,173.7,148.8,251.1,285.0,1100.0,1145.0,,,500.0,750.0,185/70R14,45.0,2X4,5,1
135,12281,12281,103,אופל,CORSA-WR,ESSENTIA,2014,2,1,1398,1640,,1.0,4X2,0,2,הצ'בק,1,בנזין,5,100,5,,הנעה רגילה,קורסה,54,אופל,קורסה,ENJOY,2014,5,5,קדמית,אוטומטית,4.0,בנזין,4.0,1398.0,100,6000.0,13.2,4000.0,13.9,172,12.5,20.0,16.3,,,,,,ABS + EBD + BAS,6,יש,יש,399.9,173.7,148.8,251.1,285.0,1100.0,1145.0,,,500.0,750.0,185/65R15,45.0,2X4,5,1
136,12307,12307,103,אופל,CORSA,ENJOY,2015,15,2,1398,1660,,1.0,4X2,1,4,הצ'בק,1,בנזין,5,90,5,,הנעה רגילה,קורסה,49,אופל,קורסה,ENJOY,2015,5,5,קדמית,אוטומטית - רובוטית מצמד יחיד,5.0,בנזין,4.0,1398.0,90,6000.0,13.2,4000.0,13.9,175,17.2,25.0,21.3,,,,,,ABS + EBD + BAS,4,יש,יש,402.1,174.6,148.1,251.0,285.0,1120.0,1088.0,,,550.0,550.0,185/65R15,45.0,2X4,5,1
137,12309,12309,103,אופל,CORSA,ENJOY,2015,16,2,1398,1660,,1.0,4X2,1,2,הצ'בק,1,בנזין,5,90,5,,הנעה רגילה,קורסה,49,אופל,קורסה,ENJOY,2015,5,5,קדמית,אוטומטית - רובוטית מצמד יחיד,5.0,בנזין,4.0,1398.0,90,6000.0,13.2,4000.0,13.9,175,17.2,25.0,21.3,,,,,,ABS + EBD + BAS,4,יש,יש,402.1,174.6,148.1,251.0,285.0,1120.0,1088.0,,,550.0,550.0,185/65R15,45.0,2X4,5,1
138,12311,12311,103,אופל,CORSA,ENJOY,2015,17,2,1398,1660,,1.0,4X2,1,2,הצ'בק,1,בנזין,5,90,5,,הנעה רגילה,קורסה,49,אופל,קורסה,ENJOY,2015,5,5,קדמית,אוטומטית - רובוטית מצמד יחיד,5.0,בנזין,4.0,1398.0,90,6000.0,13.2,4000.0,13.9,175,17.2,25.0,21.3,,,,,,ABS + EBD + BAS,4,יש,יש,402.1,174.6,148.1,251.0,285.0,1120.0,1088.0,,,550.0,550.0,185/65R15,45.0,2X4,5,1
139,12315,12315,103,אופל,CORSA,ENJOY,2015,19,2,1398,1660,,1.0,4X2,1,2,הצ'בק,1,בנזין,5,90,5,,הנעה רגילה,קורסה,49,אופל,קורסה,ENJOY,2015,5,5,קדמית,אוטומטית - רובוטית מצמד יחיד,5.0,בנזין,4.0,1398.0,90,6000.0,13.2,4000.0,13.9,175,17.2,25.0,21.3,,,,,,ABS + EBD + BAS,4,יש,יש,402.1,174.6,148.1,251.0,285.0,1120.0,1088.0,,,550.0,550.0,185/65R15,45.0,2X4,5,1
140,12320,12320,103,אופל,CORSA,ENJOY,2015,22,1,1398,2480,,1.0,4X2,1,2,הצ'בק,1,בנזין,5,90,5,,הנעה רגילה,קורסה,49,אופל,קורסה,ENJOY,2015,5,5,קדמית,אוטומטית - רובוטית מצמד יחיד,5.0,בנזין,4.0,1398.0,90,6000.0,13.2,4000.0,13.9,175,17.2,25.0,21.3,,,,,,ABS + EBD + BAS,4,יש,יש,402.1,174.6,148.1,251.0,285.0,1120.0,1088.0,,,550.0,550.0,185/65R15,45.0,2X4,5,1
141,12323,12323,103,אופל,CORSA,ENJOY,2015,24,1,1398,1640,,1.0,4X2,1,2,הצ'בק,1,בנזין,5,90,5,,הנעה רגילה,קורסה,49,אופל,קורסה,ENJOY,2015,5,5,קדמית,אוטומטית - רובוטית מצמד יחיד,5.0,בנזין,4.0,1398.0,90,6000.0,13.2,4000.0,13.9,175,17.2,25.0,21.3,,,,,,ABS + EBD + BAS,4,יש,יש,402.1,174.6,148.1,251.0,285.0,1120.0,1088.0,,,550.0,550.0,185/65R15,45.0,2X4,5,1
142,12325,12325,103,אופל,CORSA,ENJOY,2015,25,2,1398,1660,,1.0,4X2,1,2,הצ'בק,1,בנזין,5,90,5,,הנעה רגילה,קורסה,49,אופל,קורסה,ENJOY,2015,5,5,קדמית,אוטומטית - רובוטית מצמד יחיד,5.0,בנזין,4.0,1398.0,90,6000.0,13.2,4000.0,13.9,175,17.2,25.0,21.3,,,,,,ABS + EBD + BAS,4,יש,יש,402.1,174.6,148.1,251.0,285.0,1120.0,1088.0,,,550.0,550.0,185/65R15,45.0,2X4,5,1
143,12327,12327,103,אופל,CORSA,ENJOY FIX,2015,26,1,1398,1660,,1.0,4X2,1,2,הצ'בק,1,בנזין,5,90,5,,הנעה רגילה,קורסה,49,אופל,קורסה,ENJOY,2015,5,5,קדמית,אוטומטית - רובוטית מצמד יחיד,5.0,בנזין,4.0,1398.0,90,6000.0,13.2,4000.0,13.9,175,17.2,25.0,21.3,,,,,,ABS + EBD + BAS,4,יש,יש,402.1,174.6,148.1,251.0,285.0,1120.0,1088.0,,,550.0,550.0,185/65R15,45.0,2X4,5,1
144,12329,12329,103,אופל,CORSA,ENJOY FIX,2015,27,1,1398,1660,,1.0,4X2,1,2,הצ'בק,1,בנזין,5,90,5,,הנעה רגילה,קורסה,49,אופל,קורסה,ENJOY,2015,5,5,קדמית,אוטומטית - רובוטית מצמד יחיד,5.0,בנזין,4.0,1398.0,90,6000.0,13.2,4000.0,13.9,175,17.2,25.0,21.3,,,,,,ABS + EBD + BAS,4,יש,יש,402.1,174.6,148.1,251.0,285.0,1120.0,1088.0,,,550.0,550.0,185/65R15,45.0,2X4,5,1
145,12321,12321,103,אופל,CORSA,ENJOY,2015,23,1,1398,1630,,1.0,4X2,0,2,הצ'בק,1,בנזין,5,90,5,,הנעה רגילה,קורסה,50,אופל,קורסה,ENJOY,2015,5,5,קדמית,ידנית,5.0,בנזין,4.0,1398.0,90,6000.0,13.2,4000.0,13.2,175,15.4,23.3,19.6,,,,,,ABS + EBD + BAS,6,יש,יש,402.1,174.6,148.1,251.0,285.0,1120.0,1088.0,,,550.0,250.0,185/65R15,45.0,2X4,5,1
146,12321,12321,103,אופל,CORSA,ENJOY,2015,23,1,1398,1630,,1.0,4X2,0,2,הצ'בק,1,בנזין,5,90,5,,הנעה רגילה,קורסה,51,אופל,קורסה,ENJOY,2015,5,5,קדמית,אוטומטית - טיפטרוניק,6.0,בנזין,4.0,1398.0,90,6000.0,13.2,4000.0,13.9,170,12.8,20.4,16.7,,,,,,ABS + EBD + BAS,6,יש,יש,402.1,174.6,148.1,251.0,285.0,1120.0,1199.0,,,550.0,550.0,185/65R15,45.0,2X4,5,1
147,12322,12322,103,אופל,CORSA,ENJOY,2016,23,1,1398,1630,,1.0,4X2,0,2,הצ'בק,1,בנזין,5,90,5,,הנעה רגילה,קורסה,44,אופל,קורסה,ENJOY FIX,2016,5,5,קדמית,אוטומטית - טיפטרוניק,6.0,בנזין,4.0,1398.0,90,6000.0,13.2,4000.0,13.9,170,12.8,20.4,16.7,,,,,,ABS + EBD + BAS,6,יש,יש,402.1,174.6,148.1,251.0,285.0,1120.0,1124.0,,,550.0,750.0,185/65R15,45.0,2X4,5,1
148,12322,12322,103,אופל,CORSA,ENJOY,2016,23,1,1398,1630,,1.0,4X2,0,2,הצ'בק,1,בנזין,5,90,5,,הנעה רגילה,קורסה,46,אופל,קורסה,ENJOY,2016,5,5,קדמית,ידנית,5.0,בנזין,4.0,1398.0,90,6000.0,13.2,4000.0,13.2,175,15.4,23.3,19.6,,,,,,ABS + EBD + BAS,6,יש,יש,402.1,174.6,148.1,251.0,285.0,1120.0,1088.0,,,550.0,750.0,185/65R15,45.0,2X4,5,1
149,12322,12322,103,אופל,CORSA,ENJOY,2016,23,1,1398,1630,,1.0,4X2,0,2,הצ'בק,1,בנזין,5,90,5,,הנעה רגילה,קורסה,47,אופל,קורסה,ENJOY,2016,5,5,קדמית,אוטומטית - טיפטרוניק,6.0,בנזין,4.0,1398.0,90,6000.0,13.2,4000.0,13.9,170,12.8,20.4,16.7,,,,,,ABS + EBD + BAS,6,יש,יש,402.1,174.6,148.1,251.0,285.0,1120.0,1124.0,,,550.0,750.0,185/65R15,45.0,2X4,5,1
150,12348,12348,103,אופל,CORSA,ENJOY,2016,36,1,1398,1630,,1.0,4X2,0,2,הצ'בק,1,בנזין,5,90,5,,הנעה רגילה,קורסה,44,אופל,קורסה,ENJOY FIX,2016,5,5,קדמית,אוטומטית - טיפטרוניק,6.0,בנזין,4.0,1398.0,90,6000.0,13.2,4000.0,13.9,170,12.8,20.4,16.7,,,,,,ABS + EBD + BAS,6,יש,יש,402.1,174.6,148.1,251.0,285.0,1120.0,1124.0,,,550.0,750.0,185/65R15,45.0,2X4,5,1
151,12348,12348,103,אופל,CORSA,ENJOY,2016,36,1,1398,1630,,1.0,4X2,0,2,הצ'בק,1,בנזין,5,90,5,,הנעה רגילה,קורסה,46,אופל,קורסה,ENJOY,2016,5,5,קדמית,ידנית,5.0,בנזין,4.0,1398.0,90,6000.0,13.2,4000.0,13.2,175,15.4,23.3,19.6,,,,,,ABS + EBD + BAS,6,יש,יש,402.1,174.6,148.1,251.0,285.0,1120.0,1088.0,,,550.0,750.0,185/65R15,45.0,2X4,5,1
152,12348,12348,103,אופל,CORSA,ENJOY,2016,36,1,1398,1630,,1.0,4X2,0,2,הצ'בק,1,בנזין,5,90,5,,הנעה רגילה,קורסה,47,אופל,קורסה,ENJOY,2016,5,5,קדמית,אוטומטית - טיפטרוניק,6.0,בנזין,4.0,1398.0,90,6000.0,13.2,4000.0,13.9,170,12.8,20.4,16.7,,,,,,ABS + EBD + BAS,6,יש,יש,402.1,174.6,148.1,251.0,285.0,1120.0,1124.0,,,550.0,750.0,185/65R15,45.0,2X4,5,1
153,12494,12494,103,אופל,CORSA D,ESSENTIA,2011,350,1,1398,1640,,1.0,4X2,0,2,הצ'בק,1,בנזין,5,100,5,,הנעה רגילה,קורסה,63,אופל,קורסה,ENJOY,2011,5,5,קדמית,ידנית,5.0,בנזין,4.0,1398.0,100,6000.0,13.2,4000.0,12.4,173,12.8,20.8,16.9,,,,,,ABS + EBD + BAS,4,יש,יש,399.9,173.7,148.8,251.1,285.0,1100.0,1145.0,,,500.0,750.0,185/65R15,45.0,2X4,5,1
154,12494,12494,103,אופל,CORSA D,ESSENTIA,2011,350,1,1398,1640,,1.0,4X2,0,2,הצ'בק,1,בנזין,5,100,5,,הנעה רגילה,קורסה,64,אופל,קורסה,ENJOY,2011,5,5,קדמית,אוטומטית,4.0,בנזין,4.0,1398.0,100,6000.0,13.2,4000.0,13.9,172,12.3,20.8,16.9,,,,,,ABS + EBD + BAS,4,יש,יש,399.9,173.7,148.8,251.1,285.0,1100.0,1145.0,,,500.0,750.0,185/65R15,45.0,2X4,5,1
155,12495,12495,103,אופל,CORSA D,ESSENTIA,2012,350,1,1398,1640,,1.0,4X2,0,2,הצ'בק,1,בנזין,5,100,5,,הנעה רגילה,קורסה,59,אופל,קורסה,ESSENTIA,2012,5,5,קדמית,ידנית,5.0,בנזין,4.0,1398.0,100,6000.0,13.2,4000.0,11.9,180,13.6,20.8,17.5,,,,,,ABS + EBD + BAS,4,יש,יש,399.9,173.7,148.8,251.1,285.0,1100.0,1145.0,,,500.0,750.0,185/70R14,45.0,2X4,5,1
156,12495,12495,103,אופל,CORSA D,ESSENTIA,2012,350,1,1398,1640,,1.0,4X2,0,2,הצ'בק,1,בנזין,5,100,5,,הנעה רגילה,קורסה,60,אופל,קורסה,ENJOY,2012,5,5,קדמית,אוטומטית,4.0,בנזין,4.0,1398.0,100,6000.0,13.2,4000.0,13.9,172,12.5,20.0,16.3,,,,,,ABS + EBD + BAS,6,יש,יש,399.9,173.7,148.8,251.1,285.0,1100.0,1145.0,,,500.0,750.0,185/65R15,45.0,2X4,5,1
157,12501,12501,104,אופל,ASTRA H,ENJOY,2005,21,3,1598,1760,,1.0,4X2,1,4,הצ'בק,1,בנזין,5,105,5,,הנעה רגילה,אסטרה,143,אופל,אסטרה,,2005,5,5,קדמית,אוטומטית - רובוטית מצמד יחיד,5.0,בנזין,4.0,1598.0,105,6000.0,15.3,3900.0,13.3,185,11.9,18.5,15.3,,,,,,ABS + EBD + BAS,6,אין,יש,425.0,175.5,146.0,261.5,380.0,1300.0,1265.0,,,,,195/65R15,52.0,2X4,5,1
158,12512,12512,104,אופל,ASTRA H,ENJOY,2005,311,3,1598,1760,,1.0,4X2,1,4,הצ'בק,1,בנזין,5,105,5,,הנעה רגילה,אסטרה,143,אופל,אסטרה,,2005,5,5,קדמית,אוטומטית - רובוטית מצמד יחיד,5.0,בנזין,4.0,1598.0,105,6000.0,15.3,3900.0,13.3,185,11.9,18.5,15.3,,,,,,ABS + EBD + BAS,6,אין,יש,425.0,175.5,146.0,261.5,380.0,1300.0,1265.0,,,,,195/65R15,52.0,2X4,5,1
159,12521,12521,104,אופל,ASTRA H,ENJOY,2005,331,3,1598,1760,,1.0,4X2,1,4,הצ'בק,1,בנזין,5,105,5,,הנעה רגילה,אסטרה,143,אופל,אסטרה,,2005,5,5,קדמית,אוטומטית - רובוטית מצמד יחיד,5.0,בנזין,4.0,1598.0,105,6000.0,15.3,3900.0,13.3,185,11.9,18.5,15.3,,,,,,ABS + EBD + BAS,6,אין,יש,425.0,175.5,146.0,261.5,380.0,1300.0,1265.0,,,,,195/65R15,52.0,2X4,5,1
160,12502,12502,104,אופל,ASTRA H,ENJOY,2005,30,3,1796,1805,,1.0,4X2,0,4,הצ'בק,1,בנזין,5,125,5,,הנעה רגילה,אסטרה,144,אופל,אסטרה,,2005,5,5,קדמית,אוטומטית,4.0,בנזין,4.0,1796.0,125,5600.0,17.3,3800.0,11.9,188,8.6,15.3,11.9,,,,,,ABS + EBD + BAS,6,יש,יש,425.0,175.5,146.0,261.5,380.0,1300.0,1230.0,,,,,205/55R16,52.0,2X4,5,1
161,12503,12503,104,אופל,ASTRA H,ENJOY,2006,30,3,1796,1805,,1.0,4X2,0,4,הצ'בק,1,בנזין,5,125,5,,הנעה רגילה,אסטרה,141,אופל,אסטרה,,2006,5,5,קדמית,אוטומטית,4.0,בנזין,4.0,1796.0,125,5600.0,17.3,3800.0,11.9,188,8.6,15.3,11.9,,,,,,ABS + EBD + BAS,6,יש,יש,425.0,175.5,146.0,261.5,380.0,1300.0,1230.0,,,,,205/55R16,52.0,2X4,5,1
162,12513,12513,104,אופל,ASTRA H,ENJOY,2006,311,3,1598,1760,,1.0,4X2,1,4,הצ'בק,1,בנזין,5,105,5,,הנעה רגילה,אסטרה,142,אופל,אסטרה,,2006,5,5,קדמית,אוטומטית - רובוטית מצמד יחיד,5.0,בנזין,4.0,1598.0,105,6000.0,15.3,3900.0,13.3,185,11.9,18.5,15.3,,,,,,ABS + EBD + BAS,6,אין,יש,425.0,175.5,146.0,261.5,380.0,1300.0,1265.0,,,,,195/65R15,52.0,2X4,5,1
163,12522,12522,104,אופל,ASTRA H,ENJOY,2006,331,3,1598,1760,,1.0,4X2,1,4,הצ'בק,1,בנזין,5,105,5,,הנעה רגילה,אסטרה,142,אופל,אסטרה,,2006,5,5,קדמית,אוטומטית - רובוטית מצמד יחיד,5.0,בנזין,4.0,1598.0,105,6000.0,15.3,3900.0,13.3,185,11.9,18.5,15.3,,,,,,ABS + EBD + BAS,6,אין,יש,425.0,175.5,146.0,261.5,380.0,1300.0,1265.0,,,,,195/65R15,52.0,2X4,5,1
164,17259,17259,188,אופל,ASTRA,ENJOY,2012,10,4,1956,2065,,1.0,4X2,0,4,הצ'בק,2,דיזל,5,160,5,,הנעה רגילה,אסטרה,132,אופל,אסטרה,ENJOY,2012,5,5,קדמית,אוטומטית,6.0,בנזין,4.0,1956.0,160,4000.0,35.0,1750.0,9.2,209,12.6,21.7,17.2,,,,,,ABS,6,יש,יש,441.9,181.4,151.0,268.5,370.0,1235.0,1413.0,,,730.0,750.0,225/50R17,56.0,2X4,5,1
165,17259,17259,188,אופל,ASTRA,ENJOY,2012,10,4,1956,2065,,1.0,4X2,0,4,הצ'בק,2,דיזל,5,160,5,,הנעה רגילה,אסטרה,133,אופל,אסטרה,ENJOY,2012,5,5,קדמית,ידנית,6.0,טורבו דיזל,4.0,1956.0,160,4000.0,35.0,1750.0,9.0,215,15.6,24.4,20.4,,,,,,ABS,6,יש,יש,441.9,181.4,151.0,268.5,370.0,1235.0,1368.0,,,730.0,750.0,225/50R17,56.0,2X4,5,2
166,17260,17260,188,אופל,ASTRA,ENJOY,2013,10,3,1956,2065,,1.0,4X2,0,4,הצ'בק,2,דיזל,5,160,5,,הנעה רגילה,אסטרה,127,אופל,אסטרה,ENJOY,2013,5,5,קדמית,ידנית,6.0,טורבו דיזל,4.0,1956.0,160,4000.0,35.0,1750.0,9.0,215,15.6,24.4,20.4,,,,,,ABS,6,יש,יש,441.9,181.4,151.0,268.5,370.0,1235.0,1368.0,,,730.0,750.0,225/50R17,56.0,2X4,5,2
167,17260,17260,188,אופל,ASTRA,ENJOY,2013,10,3,1956,2065,,1.0,4X2,0,4,הצ'בק,2,דיזל,5,160,5,,הנעה רגילה,אסטרה,128,אופל,אסטרה,ENJOY,2013,5,5,קדמית,אוטומטית,6.0,טורבו דיזל,4.0,1956.0,160,4000.0,35.0,1750.0,9.2,209,12.6,21.7,17.2,,,,,,ABS,6,יש,יש,441.9,181.4,151.0,268.5,370.0,1235.0,1413.0,,,730.0,750.0,225/50R17,56.0,2X4,5,2
168,17276,17276,188,אופל,ASTRA BERLINA,ENJOY,2013,15,4,1686,2040,,1.0,4X2,0,4,סדאן,2,דיזל,4,130,5,,הנעה רגילה,אסטרה ברלינה,155,אופל,אסטרה ברלינה,,2013,4,5,קדמית,ידנית,6.0,טורבו דיזל,4.0,1686.0,130,4000.0,30.0,2000.0,10.8,203,20.4,27.0,23.8,,,,,,ABS,6,יש,יש,465.8,181.4,150.0,268.5,460.0,1325.0,1386.0,,,730.0,750.0,215/50R17,56.0,2X4,5,2
169,17279,17279,188,אופל,ASTRA BERLINA,ENJOY,2013,16,4,1686,2040,,1.0,4X2,0,4,סדאן,2,דיזל,4,130,5,,הנעה רגילה,אסטרה ברלינה,155,אופל,אסטרה ברלינה,,2013,4,5,קדמית,ידנית,6.0,טורבו דיזל,4.0,1686.0,130,4000.0,30.0,2000.0,10.8,203,20.4,27.0,23.8,,,,,,ABS,6,יש,יש,465.8,181.4,150.0,268.5,460.0,1325.0,1386.0,,,730.0,750.0,215/50R17,56.0,2X4,5,2
170,17277,17277,188,אופל,ASTRA BERLINA,ENJOY,2014,15,4,1686,2040,,1.0,4X2,0,4,סדאן,2,דיזל,4,130,5,,הנעה רגילה,אסטרה ברלינה,152,אופל,אסטרה ברלינה,,2014,4,5,קדמית,ידנית,6.0,טורבו דיזל,4.0,1686.0,130,4000.0,30.6,2000.0,10.8,203,20.4,27.0,23.8,,,,,,ABS + EBD + BAS,6,יש,יש,465.8,181.4,150.0,268.5,460.0,1010.0,1386.0,,,730.0,750.0,215/50R17,56.0,2X4,5,2
171,17280,17280,188,אופל,ASTRA BERLINA,ENJOY,2014,16,4,1686,2040,,1.0,4X2,0,4,סדאן,2,דיזל,4,130,5,,הנעה רגילה,אסטרה ברלינה,152,אופל,אסטרה ברלינה,,2014,4,5,קדמית,ידנית,6.0,טורבו דיזל,4.0,1686.0,130,4000.0,30.6,2000.0,10.8,203,20.4,27.0,23.8,,,,,,ABS + EBD + BAS,6,יש,יש,465.8,181.4,150.0,268.5,460.0,1010.0,1386.0,,,730.0,750.0,215/50R17,56.0,2X4,5,2
172,17315,17315,188,אופל,ASTRA BERLINA,ENJOY,2014,29,4,1686,2040,,1.0,4X2,0,4,סדאן,2,דיזל,4,130,5,,הנעה רגילה,אסטרה ברלינה,152,אופל,אסטרה ברלינה,,2014,4,5,קדמית,ידנית,6.0,טורבו דיזל,4.0,1686.0,130,4000.0,30.6,2000.0,10.8,203,20.4,27.0,23.8,,,,,,ABS + EBD + BAS,6,יש,יש,465.8,181.4,150.0,268.5,460.0,1010.0,1386.0,,,730.0,750.0,215/50R17,56.0,2X4,5,2
173,17317,17317,188,אופל,ASTRA BERLINA,ENJOY,2014,30,4,1686,2040,,1.0,4X2,0,4,סדאן,2,דיזל,4,130,5,,הנעה רגילה,אסטרה ברלינה,152,אופל,אסטרה ברלינה,,2014,4,5,קדמית,ידנית,6.0,טורבו דיזל,4.0,1686.0,130,4000.0,30.6,2000.0,10.8,203,20.4,27.0,23.8,,,,,,ABS + EBD + BAS,6,יש,יש,465.8,181.4,150.0,268.5,460.0,1010.0,1386.0,,,730.0,750.0,215/50R17,56.0,2X4,5,2
174,17403,17403,188,אופל,ASTRA BERLINA,ENJOY,2014,70,4,1686,2040,,1.0,4X2,0,4,סדאן,2,דיזל,4,130,5,,הנעה רגילה,אסטרה ברלינה,152,אופל,אסטרה ברלינה,,2014,4,5,קדמית,ידנית,6.0,טורבו דיזל,4.0,1686.0,130,4000.0,30.6,2000.0,10.8,203,20.4,27.0,23.8,,,,,,ABS + EBD + BAS,6,יש,יש,465.8,181.4,150.0,268.5,460.0,1010.0,1386.0,,,730.0,750.0,215/50R17,56.0,2X4,5,2
175,17385,17385,188,אופל,BERLINA,ENJOY,2017,62,3,1598,2025,,1.0,4X2,0,4,סדאן,2,דיזל,4,136,5,,הנעה רגילה,אסטרה ברלינה,146,אופל,אסטרה ברלינה,',2017,4,5,קדמית,אוטומטית - טיפטרוניק,6.0,טורבו דיזל,4.0,1598.0,136,3500.0,32.6,2000.0,11.4,200,16.6,25.6,21.2,,,,,,ABS + EBD + BAS,6,יש,יש,465.8,181.4,150.0,268.5,460.0,1010.0,1491.0,,,730.0,1400.0,215/60R16,56.0,2X4,5,2
176,17387,17387,188,אופל,BERLINA,ENJOY,2017,63,3,1598,2025,,1.0,4X2,0,4,סדאן,2,דיזל,4,136,5,,הנעה רגילה,אסטרה ברלינה,146,אופל,אסטרה ברלינה,',2017,4,5,קדמית,אוטומטית - טיפטרוניק,6.0,טורבו דיזל,4.0,1598.0,136,3500.0,32.6,2000.0,11.4,200,16.6,25.6,21.2,,,,,,ABS + EBD + BAS,6,יש,יש,465.8,181.4,150.0,268.5,460.0,1010.0,1491.0,,,730.0,1400.0,215/60R16,56.0,2X4,5,2
177,17400,17400,188,אופל,BERLINA,ENJOY,2017,68,3,1598,2025,,1.0,4X2,0,4,סדאן,2,דיזל,4,136,5,,הנעה רגילה,אסטרה ברלינה,146,אופל,אסטרה ברלינה,',2017,4,5,קדמית,אוטומטית - טיפטרוניק,6.0,טורבו דיזל,4.0,1598.0,136,3500.0,32.6,2000.0,11.4,200,16.6,25.6,21.2,,,,,,ABS + EBD + BAS,6,יש,יש,465.8,181.4,150.0,268.5,460.0,1010.0,1491.0,,,730.0,1400.0,215/60R16,56.0,2X4,5,2
