,make,model,ramat_gimur,year,doors,sitting,ignition,gearbox,gear,engine,piston,capacity,power,loops,moment,loopmoment,acceleration,speed,urban_consumption,intercity_consumption,consumption,electricity_use,battery_capacity,electric_range,home_charging_time,fast_charging_time,brake,airbag,stability,cenairbag,length,width,height,wheel,cargo,chaircargo,selfweight,totalweight,loading,towing_without_brakes,towing_with_brakes,tire,fuel,hanaa_nm,automatic_ind,sitting,engine_cd,n_model
0,סוזוקי,אלטו,,2015,5,4,קדמית,אוטומטית,4.0,בנזין,3,996,67,6000,9.2,3400,17.0,150,15.3,23.2,19.6,,,,,,ABS + EBD + BAS,6,יש,אין,350.0,160.0,147.0,236.0,129,367.0,895,,,,,155/65R14,35,2X4,1,4,1,אלטו
1,סוזוקי,אלטו,,2015,5,4,קדמית,ידנית,5.0,בנזין,3,996,67,6000,9.2,3400,14.0,155,19.2,26.3,23.2,,,,,,ABS + EBD + BAS,6,יש,אין,350.0,160.0,147.0,236.0,129,367.0,855,,,,,155/65R14,35,2X4,0,4,1,אלטו
2,סוזוקי,אלטו,,2014,5,4,קדמית,אוטומטית,4.0,בנזין,3,996,67,6000,9.2,3400,17.0,150,15.3,23.2,19.6,,,,,,ABS + EBD + BAS,6,יש,אין,350.0,160.0,147.0,236.0,129,367.0,895,,,,,155/65R14,35,2X4,1,4,1,אלטו
3,סוזוקי,אלטו,,2014,5,4,קדמית,ידנית,5.0,בנזין,3,996,67,6000,9.2,3400,14.0,155,19.2,26.3,23.2,,,,,,ABS + EBD + BAS,6,יש,אין,350.0,160.0,147.0,236.0,129,367.0,855,,,,,155/65R14,35,2X4,0,4,1,אלטו
4,סוזוקי,אלטו,,2013,5,4,קדמית,ידנית,5.0,בנזין,3,996,67,6000,9.2,3400,14.0,155,18.1,26.3,22.7,,,,,,ABS + EBD + BAS,6,יש,אין,350.0,160.0,147.0,236.0,129,367.0,855,,,,,155/65/14,35,2X4,0,4,1,אלטו
5,סוזוקי,אלטו,,2013,5,4,קדמית,אוטומטית,4.0,בנזין,3,996,67,6000,9.2,3400,17.0,150,14.9,22.2,19.2,,,,,,ABS + EBD + BAS,6,יש,אין,350.0,160.0,147.0,236.0,129,367.0,880,,,,,155/65R14,35,2X4,1,4,1,אלטו
6,סוזוקי,אלטו,,2012,5,4,קדמית,אוטומטית,4.0,בנזין,3,996,67,6000,9.2,3400,17.0,150,14.9,22.2,19.2,,,,,,ABS + EBD + BAS,4,יש,אין,350.0,160.0,147.0,236.0,129,367.0,880,,,,,155/65R14,35,2X4,1,4,1,אלטו
7,סוזוקי,אלטו,,2012,5,4,קדמית,ידנית,5.0,בנזין,3,996,67,6000,9.2,3400,14.0,155,18.1,26.3,22.7,,,,,,ABS + EBD + BAS,4,יש,אין,350.0,160.0,147.0,236.0,129,367.0,855,,,,,155/65/14,35,2X4,0,4,1,אלטו
8,סוזוקי,אלטו,,2011,5,4,קדמית,אוטומטית,4.0,בנזין,3,996,67,6000,9.2,3400,17.0,150,14.9,22.2,19.2,,,,,,ABS + EBD + BAS,4,יש,אין,350.0,160.0,147.0,236.0,129,367.0,880,,,,,155/65R14,35,2X4,1,4,1,אלטו
9,סוזוקי,אלטו,,2011,5,4,קדמית,ידנית,5.0,בנזין,3,996,67,6000,9.2,3400,14.0,155,18.1,26.3,22.7,,,,,,ABS + EBD + BAS,4,יש,אין,350.0,160.0,147.0,236.0,129,367.0,855,,,,,155/65/14,35,2X4,0,4,1,אלטו
10,סוזוקי,אלטו,,2010,5,4,קדמית,אוטומטית,4.0,בנזין,3,996,67,6000,9.2,3400,17.0,150,14.9,22.2,19.2,,,,,,ABS + EBD + BAS,4,יש,אין,350.0,160.0,147.0,236.0,129,367.0,880,,,,,155/65R14,35,2X4,1,4,1,אלטו
11,סוזוקי,אלטו,,2010,5,4,קדמית,ידנית,5.0,בנזין,3,996,67,6000,9.2,3400,14.0,155,18.1,26.3,22.7,,,,,,ABS + EBD + BAS,4,יש,אין,350.0,160.0,147.0,236.0,129,367.0,855,,,,,155/65/14,35,2X4,0,4,1,אלטו
12,סוזוקי,אלטו,,2009,5,4,קדמית,אוטומטית,4.0,בנזין,3,996,67,6000,9.2,3400,17.0,150,14.9,22.2,19.2,,,,,,ABS + EBD + BAS,4,יש,אין,350.0,160.0,147.0,236.0,129,367.0,880,,,,,155/65R14,35,2X4,1,4,1,אלטו
13,סוזוקי,אלטו,,2009,5,4,קדמית,ידנית,5.0,בנזין,3,996,67,6000,9.2,3400,14.0,155,18.1,26.3,22.7,,,,,,ABS + EBD + BAS,4,יש,אין,350.0,160.0,147.0,236.0,129,367.0,855,,,,,155/65/14,35,2X4,0,4,1,אלטו
14,סוזוקי,סלריו,,2019,5,5,קדמית,אוטומטית - רובוטית מצמד יחיד,5.0,בנזין,3,998,68,6000,9.2,3500,16.4,154,18.8,27.0,23.2,,,,,,ABS + EBD + BAS,6,יש,יש,360.0,160.0,154.0,242.5,254,726.0,840,,,400.0,400.0,165/65R14,35,2X4,1,5,1,סלריו
15,סוזוקי,סלריו,,2018,5,5,קדמית,ידנית,5.0,בנזין,3,998,68,6000,9.2,3500,13.5,154,19.6,27.0,23.2,,,,,,ABS + EBD + BAS,6,יש,יש,360.0,160.0,154.0,242.5,254,726.0,835,,,400.0,400.0,165/65R14,35,2X4,0,5,1,סלריו
16,סוזוקי,סלריו,,2018,5,5,קדמית,אוטומטית - רובוטית מצמד יחיד,5.0,בנזין,3,998,68,6000,9.2,3500,16.4,154,18.8,27.0,23.2,,,,,,ABS + EBD + BAS,6,יש,יש,360.0,160.0,154.0,242.5,254,726.0,840,,,400.0,400.0,165/65R14,35,2X4,1,5,1,סלריו
17,סוזוקי,סלריו,,2017,5,5,קדמית,ידנית,5.0,בנזין,3,998,68,6000,9.2,3500,13.5,154,19.6,27.0,23.2,,,,,,ABS + EBD + BAS,6,יש,יש,360.0,160.0,154.0,242.5,254,726.0,835,,,400.0,400.0,165/65R14,35,2X4,0,5,1,סלריו
18,סוזוקי,סלריו,,2017,5,5,קדמית,אוטומטית - רובוטית מצמד יחיד,5.0,בנזין,3,998,68,6000,9.2,3500,16.4,154,18.8,27.0,23.2,,,,,,ABS + EBD + BAS,6,יש,יש,360.0,160.0,154.0,242.5,254,726.0,840,,,400.0,400.0,165/65R14,35,2X4,1,5,1,סלריו
19,סוזוקי,סלריו,,2016,5,5,קדמית,ידנית,5.0,בנזין,3,998,68,6000,9.2,3500,13.5,154,19.6,27.0,23.2,,,,,,ABS + EBD + BAS,6,יש,יש,360.0,160.0,154.0,242.5,254,726.0,835,,,400.0,400.0,165/65R14,35,2X4,0,5,1,סלריו
20,סוזוקי,סלריו,,2016,5,5,קדמית,אוטומטית - רובוטית מצמד יחיד,5.0,בנזין,3,998,68,6000,9.2,3500,16.4,154,18.8,27.0,23.2,,,,,,ABS + EBD + BAS,6,יש,יש,360.0,160.0,154.0,242.5,254,726.0,840,,,400.0,400.0,165/65R14,35,2X4,1,5,1,סלריו
21,סוזוקי,ספלאש,5  GLS,2015,5,5,קדמית,אוטומטית,4.0,בנזין,4,1242,94,6000,12.0,4800,14.0,170,14.4,20.0,17.5,,,,,,ABS + EBD + BAS,6,יש,יש,377.5,168.0,159.0,236.0,178,573.0,1040,,,,,185/60R15,45,2X4,1,5,1,ספלאש
22,סוזוקי,ספלאש,5  GLS,2015,5,5,קדמית,ידנית,5.0,בנזין,4,1242,94,6000,12.0,4800,12.0,175,16.3,22.2,19.6,,,,,,ABS + EBD + BAS,6,יש,יש,377.5,168.0,159.0,236.0,178,573.0,990,,,,,185/60R15,45,2X4,0,5,1,ספלאש
23,סוזוקי,ספלאש,5  GLS,2014,5,5,קדמית,אוטומטית,4.0,בנזין,4,1242,94,6000,12.0,4800,14.0,170,14.4,20.0,17.5,,,,,,ABS + EBD + BAS,6,יש,יש,377.5,168.0,159.0,236.0,178,573.0,1040,,,,,185/60R15,45,2X4,1,5,1,ספלאש
24,סוזוקי,ספלאש,5  GLS,2014,5,5,קדמית,ידנית,5.0,בנזין,4,1242,94,6000,12.0,4800,12.0,175,16.3,22.2,19.6,,,,,,ABS + EBD + BAS,6,יש,יש,377.5,168.0,159.0,236.0,178,573.0,990,,,,,185/60R15,45,2X4,0,5,1,ספלאש
25,סוזוקי,ספלאש,5  GLS,2013,5,5,קדמית,אוטומטית,4.0,בנזין,4,1242,94,6000,12.0,4800,14.0,170,14.4,20.0,17.5,,,,,,ABS + EBD + BAS,6,יש,אין,377.5,168.0,159.0,236.0,178,573.0,1040,,,,,185/60R15,45,2X4,1,5,1,ספלאש
26,סוזוקי,ספלאש,5  GLS,2013,5,5,קדמית,ידנית,5.0,בנזין,4,1242,94,6000,12.0,4800,12.0,175,16.3,22.2,19.6,,,,,,ABS + EBD + BAS,6,יש,אין,377.5,168.0,159.0,236.0,178,573.0,990,,,,,185/60R15,45,2X4,0,5,1,ספלאש
27,סוזוקי,ספלאש,5  GLS,2012,5,5,קדמית,אוטומטית,4.0,בנזין,4,1242,94,6000,12.0,4800,14.0,170,14.4,20.0,17.5,,,,,,ABS + EBD + BAS,6,יש,אין,377.5,168.0,159.0,236.0,178,573.0,1040,,,,,185/60R15,45,2X4,1,5,1,ספלאש
28,סוזוקי,ספלאש,5  GLS,2012,5,5,קדמית,ידנית,5.0,בנזין,4,1242,94,6000,12.0,4800,12.0,175,16.3,22.2,19.6,,,,,,ABS + EBD + BAS,6,יש,אין,377.5,168.0,159.0,236.0,178,573.0,990,,,,,185/60R15,45,2X4,0,5,1,ספלאש
29,סוזוקי,ספלאש,5,2011,5,5,קדמית,אוטומטית,4.0,בנזין,4,1242,94,6000,12.0,4800,14.0,170,14.2,20.0,17.5,,,,,,ABS + EBD + BAS,6,יש,אין,371.5,168.0,159.0,236.0,178,573.0,1040,,,,,185/60R15,45,2X4,1,5,1,ספלאש
30,סוזוקי,ספלאש,5,2010,5,5,קדמית,אוטומטית,4.0,בנזין,4,1242,86,5500,11.6,4400,14.9,170,12.8,20.4,16.9,,,,,,ABS + EBD + BAS,6,יש,אין,371.5,168.0,159.0,236.0,178,573.0,1040,,,,,185/60R15,45,2X4,1,5,1,ספלאש
31,סוזוקי,ספלאש,5,2009,5,5,קדמית,אוטומטית,4.0,בנזין,4,1242,86,5500,11.6,4400,14.9,170,12.8,20.4,16.9,,,,,,ABS + EBD + BAS,6,יש,אין,371.5,168.0,159.0,236.0,178,573.0,1040,,,,,185/60R15,45,2X4,1,5,1,ספלאש
32,סוזוקי,איגניס,-  GLX,2022,5,5,קדמית,ידנית,5.0,בנזין מיקרו-היברידי,4,1197,83,6000,10.9,2800,12.7,165,,,20.0,,,,,,ABS + EBD + BAS,6,יש,יש,370.0,169.0,160.5,243.5,271,505.0,945,1330.0,385.0,400.0,1000.0,175/60R16,32,2X4,0,5,6,איגניס
33,סוזוקי,איגניס,-   GLX,2022,5,5,קדמית,אוטומטית - רציפה,,בנזין מיקרו-היברידי,4,1197,83,6000,10.9,2800,12.4,155,,,17.8,,,,,,ABS + EBD + BAS,6,יש,יש,370.0,169.0,160.5,243.5,271,505.0,975,1330.0,355.0,400.0,1000.0,175/60R16,32,2X4,1,5,6,איגניס
34,סוזוקי,איגניס,-  GLX,2021,5,5,קדמית,ידנית,5.0,בנזין מיקרו-היברידי,4,1197,83,6000,10.9,2800,12.7,165,,,20.0,,,,,,ABS + EBD + BAS,6,יש,יש,370.0,169.0,160.5,243.5,271,505.0,945,1330.0,385.0,400.0,1000.0,175/60R16,32,2X4,0,5,6,איגניס
35,סוזוקי,איגניס,-   GLX,2021,5,5,קדמית,אוטומטית - רציפה,,בנזין מיקרו-היברידי,4,1197,83,6000,10.9,2800,12.4,155,,,17.8,,,,,,ABS + EBD + BAS,6,יש,יש,370.0,169.0,160.5,243.5,271,505.0,975,1330.0,355.0,400.0,1000.0,175/60R16,32,2X4,1,5,6,איגניס
36,סוזוקי,איגניס,GLX,2020,5,5,קדמית,ידנית,5.0,בנזין,4,1242,90,6000,12.2,4400,12.2,170,17.8,24.3,21.7,,,,,,ABS + EBD + BAS,6,יש,יש,370.0,169.0,159.5,243.5,271,505.0,820,,,400.0,1000.0,175/60R16,32,2X4,0,5,1,איגניס
37,סוזוקי,איגניס,GLX,2020,5,5,קדמית,אוטומטית - רציפה,,בנזין,4,1242,90,6000,12.2,4400,11.2,160,17.5,23.2,20.8,,,,,,ABS + EBD + BAS,6,יש,יש,370.0,169.0,159.5,243.5,271,505.0,865,,,400.0,1000.0,175/60R16,32,2X4,1,5,1,איגניס
38,סוזוקי,איגניס,GLX,2019,5,5,קדמית,ידנית,5.0,בנזין,4,1242,90,6000,12.2,4400,12.2,170,17.8,24.3,21.7,,,,,,ABS + EBD + BAS,6,יש,יש,370.0,169.0,159.5,243.5,271,505.0,820,,,400.0,1000.0,175/60R16,32,2X4,0,5,1,איגניס
39,סוזוקי,איגניס,GLX,2019,5,5,קדמית,אוטומטית - רציפה,,בנזין,4,1242,90,6000,12.2,4400,11.2,160,17.5,23.2,20.8,,,,,,ABS + EBD + BAS,6,יש,יש,370.0,169.0,159.5,243.5,271,505.0,865,,,400.0,1000.0,175/60R16,32,2X4,1,5,1,איגניס
40,סוזוקי,איגניס,GLX,2018,5,5,קדמית,ידנית,5.0,בנזין,4,1242,90,6000,12.2,4400,12.2,170,17.8,24.3,21.7,,,,,,ABS + EBD + BAS,6,יש,יש,370.0,169.0,159.5,243.5,271,505.0,820,,,400.0,1000.0,175/60R16,32,2X4,0,5,1,איגניס
41,סוזוקי,איגניס,GLX,2018,5,5,קדמית,אוטומטית - רציפה,,בנזין,4,1242,90,6000,12.2,4400,11.2,160,17.5,23.2,20.8,,,,,,ABS + EBD + BAS,6,יש,יש,370.0,169.0,159.5,243.5,271,505.0,865,,,400.0,1000.0,175/60R16,32,2X4,1,5,1,איגניס
42,סוזוקי,איגניס,GLX,2017,5,5,קדמית,ידנית,5.0,בנזין,4,1242,90,6000,12.2,4400,12.2,170,17.8,24.3,21.7,,,,,,ABS + EBD + BAS,6,יש,יש,370.0,169.0,159.5,243.5,271,505.0,820,,,400.0,1000.0,175/60R16,32,2X4,0,5,1,איגניס
43,סוזוקי,איגניס,GLX,2017,5,5,קדמית,אוטומטית - רציפה,,בנזין,4,1242,90,6000,12.2,4400,11.2,160,17.5,23.2,20.8,,,,,,ABS + EBD + BAS,6,יש,יש,370.0,169.0,159.5,243.5,271,505.0,865,,,400.0,1000.0,175/60R16,32,2X4,1,5,1,איגניס
44,סוזוקי,איגניס,,2006,5,5,קדמית,אוטומטית,4.0,בנזין,4,1328,83,5500,11.2,3500,11.1,160,,,13.5,,,,,,ABS,2,אין,אין,361.5,159.5,158.5,236.0,181,419.0,945,,,,,165/70R14,41,2X4,1,5,1,איגניס
45,סוזוקי,איגניס,,2005,5,5,קדמית,אוטומטית,4.0,בנזין,4,1328,83,5500,11.2,3500,11.1,160,,,13.5,,,,,,ABS,2,אין,אין,361.5,159.5,158.5,236.0,181,419.0,945,,,,,165/70R14,41,2X4,1,5,1,איגניס
46,סוזוקי,איגניס,,2004,5,5,קדמית,אוטומטית,4.0,בנזין,4,1328,83,5500,11.2,3500,11.1,160,,,13.5,,,,,,ABS,2,אין,אין,361.5,159.5,158.5,236.0,181,419.0,945,,,,,165/70R14,41,2X4,1,5,1,איגניס
47,סוזוקי,איגניס,,2003,5,5,קדמית,אוטומטית,4.0,בנזין,4,1328,83,5500,11.2,3500,11.1,160,,,13.5,,,,,,ABS,2,אין,אין,361.5,159.5,158.5,236.0,181,419.0,945,,,,,165/70R14,41,2X4,1,5,1,איגניס
48,סוזוקי,איגניס,,2002,5,5,קדמית,אוטומטית,4.0,בנזין,4,1328,83,5500,11.2,3500,11.1,160,,,13.5,,,,,,ABS,2,אין,אין,361.5,159.5,158.5,236.0,181,419.0,945,,,,,165/70R14,41,2X4,1,5,1,איגניס
49,סוזוקי,איגניס,,2001,5,5,קדמית,אוטומטית,4.0,בנזין,4,1328,83,5500,11.2,3500,11.1,160,,,13.5,,,,,,ABS,2,אין,אין,361.5,159.5,158.5,236.0,181,419.0,945,,,,,165/70R14,41,2X4,1,5,1,איגניס
50,סוזוקי,סוויפט,-  GLX,2022,5,5,קדמית,אוטומטית - רציפה,,בנזין מיקרו-היברידי,4,1197,83,6000,10.9,2800,12.2,175,,,18.5,,,,,,ABS + EBD + BAS,6,יש,יש,384.5,173.5,149.5,245.0,242,556.0,935,1375.0,440.0,400.0,1000.0,185/55R16,37,2X4,1,5,6,סוויפט
51,סוזוקי,סוויפט,-  GLX,2022,5,5,קדמית,ידנית,5.0,בנזין מיקרו-היברידי,4,1197,83,6000,10.9,2800,13.1,165,,,20.0,,,,,,ABS + EBD + BAS,6,יש,יש,384.5,173.5,149.5,245.0,242,556.0,875,1365.0,490.0,400.0,1000.0,185/55R16,37,2X4,0,5,6,סוויפט
52,סוזוקי,סוויפט,-  GLX,2021,5,5,קדמית,אוטומטית - רציפה,,בנזין מיקרו-היברידי,4,1197,83,6000,10.9,2800,12.2,175,,,18.5,,,,,,ABS + EBD + BAS,6,יש,יש,384.5,173.5,149.5,245.0,242,556.0,935,1375.0,440.0,400.0,1000.0,185/55R16,37,2X4,1,5,6,סוויפט
53,סוזוקי,סוויפט,-  GLX,2021,5,5,קדמית,ידנית,5.0,בנזין מיקרו-היברידי,4,1197,83,6000,10.9,2800,13.1,165,,,20.0,,,,,,ABS + EBD + BAS,6,יש,יש,384.5,173.5,149.5,245.0,242,556.0,875,1365.0,490.0,400.0,1000.0,185/55R16,37,2X4,0,5,6,סוויפט
54,סוזוקי,סוויפט,5  GLX,2020,5,5,קדמית,אוטומטית - רציפה,,בנזין,4,1242,90,6000,12.2,4400,11.0,176,17.2,24.3,21.2,,,,,,ABS + EBD + BAS,6,יש,יש,384.0,173.5,149.5,245.0,242,556.0,900,,,400.0,1000.0,185/55R16,37,2X4,1,5,1,סוויפט
55,סוזוקי,סוויפט,5  GLX,2020,5,5,קדמית,ידנית,5.0,בנזין,4,1242,90,6000,12.2,4400,11.9,180,17.5,25.0,21.7,,,,,,ABS + EBD + BAS,6,יש,יש,384.0,173.5,149.5,245.0,242,556.0,870,,,400.0,1000.0,185/55R16,37,2X4,0,5,1,סוויפט
56,סוזוקי,סוויפט,5  GLX,2019,5,5,קדמית,אוטומטית - רציפה,,בנזין,4,1242,90,6000,12.2,4400,11.0,176,17.2,24.3,21.2,,,,,,ABS + EBD + BAS,6,יש,יש,384.0,173.5,149.5,245.0,242,556.0,900,,,400.0,1000.0,185/55R16,37,2X4,1,5,1,סוויפט
57,סוזוקי,סוויפט,5  GLX,2019,5,5,קדמית,ידנית,5.0,בנזין,4,1242,90,6000,12.2,4400,11.9,180,17.5,25.0,21.7,,,,,,ABS + EBD + BAS,6,יש,יש,384.0,173.5,149.5,245.0,242,556.0,870,,,400.0,1000.0,185/55R16,37,2X4,0,5,1,סוויפט
58,סוזוקי,סוויפט,5  GLX,2018,5,5,קדמית,אוטומטית - רציפה,,בנזין,4,1242,90,6000,12.2,4400,11.0,176,17.2,24.3,21.2,,,,,,ABS + EBD + BAS,6,יש,יש,384.0,173.5,149.5,245.0,242,556.0,900,,,400.0,1000.0,185/55R16,37,2X4,1,5,1,סוויפט
59,סוזוקי,סוויפט,5  GLX,2018,5,5,קדמית,ידנית,5.0,בנזין,4,1242,90,6000,12.2,4400,11.9,180,17.5,25.0,21.7,,,,,,ABS + EBD + BAS,6,יש,יש,384.0,173.5,149.5,245.0,242,556.0,870,,,400.0,1000.0,185/55R16,37,2X4,0,5,1,סוויפט
60,סוזוקי,סוויפט,5  GLX,2017,5,5,קדמית,אוטומטית - רציפה,,בנזין,4,1242,90,6000,12.2,4400,11.0,176,17.2,24.3,21.2,,,,,,ABS + EBD + BAS,6,יש,יש,384.0,173.5,149.5,245.0,242,556.0,900,,,400.0,1000.0,185/55R16,37,2X4,1,5,1,סוויפט
61,סוזוקי,סוויפט,5  GLX,2017,5,5,קדמית,ידנית,5.0,בנזין,4,1242,90,6000,12.2,4400,11.9,180,17.5,25.0,21.7,,,,,,ABS + EBD + BAS,6,יש,יש,384.0,173.5,149.5,245.0,242,556.0,870,,,400.0,1000.0,185/55R16,37,2X4,0,5,1,סוויפט
62,סוזוקי,סוויפט,5  GLX,2016,5,5,קדמית,אוטומטית,4.0,בנזין,4,1242,93,6000,12.0,4800,13.5,160,14.7,20.4,17.8,,,,,,ABS + EBD + BAS,7,יש,יש,385.0,169.5,151.0,243.0,211,528.0,990,,,,,185/55R16,42,2X4,1,5,1,סוויפט
63,סוזוקי,סוויפט,5  GLS,2016,5,5,קדמית,אוטומטית,4.0,בנזין,4,1242,93,6000,12.0,4800,13.5,160,14.7,20.4,17.8,,,,,,ABS + EBD + BAS,7,יש,יש,385.0,169.5,151.0,243.0,211,528.0,990,,,,,175/65R15,42,2X4,1,5,1,סוויפט
64,סוזוקי,סוויפט,5  GLS,2016,5,5,קדמית,ידנית,5.0,בנזין,4,1242,93,6000,12.0,4800,12.3,165,16.3,22.7,20.0,,,,,,ABS + EBD + BAS,7,יש,יש,385.0,169.5,151.0,243.0,211,528.0,960,,,,,175/65R15,42,2X4,0,5,1,סוויפט
65,סוזוקי,סוויפט,5  GLS,2015,5,5,קדמית,ידנית,5.0,בנזין,4,1242,93,6000,12.0,4800,12.3,165,16.3,22.7,20.0,,,,,,ABS + EBD + BAS,7,יש,יש,385.0,169.5,151.0,243.0,211,528.0,960,,,,,175/65R15,42,2X4,0,5,1,סוויפט
66,סוזוקי,סוויפט,5  GLX,2015,5,5,קדמית,אוטומטית,4.0,בנזין,4,1242,93,6000,12.0,4800,13.5,160,14.7,20.4,17.8,,,,,,ABS + EBD + BAS,7,יש,יש,385.0,169.5,151.0,243.0,211,528.0,990,,,,,185/55R16,42,2X4,1,5,1,סוויפט
67,סוזוקי,סוויפט,5  GLS,2015,5,5,קדמית,אוטומטית,4.0,בנזין,4,1242,93,6000,12.0,4800,13.5,160,14.7,20.4,17.8,,,,,,ABS + EBD + BAS,7,יש,יש,385.0,169.5,151.0,243.0,211,528.0,990,,,,,175/65R15,42,2X4,1,5,1,סוויפט
68,סוזוקי,סוויפט,5  GLS,2014,5,5,קדמית,ידנית,5.0,בנזין,4,1242,93,6000,12.0,4800,12.3,165,16.3,22.7,20.0,,,,,,ABS + EBD + BAS,7,יש,יש,385.0,169.5,151.0,243.0,211,528.0,960,,,,,175/65R15,42,2X4,0,5,1,סוויפט
69,סוזוקי,סוויפט,5  GLX,2014,5,5,קדמית,אוטומטית,4.0,בנזין,4,1242,93,6000,12.0,4800,13.5,160,14.7,20.4,17.8,,,,,,ABS + EBD + BAS,7,יש,יש,385.0,169.5,151.0,243.0,211,528.0,990,,,,,185/55R16,42,2X4,1,5,1,סוויפט
70,סוזוקי,סוויפט,5  GLS,2014,5,5,קדמית,אוטומטית,4.0,בנזין,4,1242,93,6000,12.0,4800,13.5,160,14.7,20.4,17.8,,,,,,ABS + EBD + BAS,7,יש,יש,385.0,169.5,151.0,243.0,211,528.0,990,,,,,175/65R15,42,2X4,1,5,1,סוויפט
71,סוזוקי,סוויפט,5  GLX,2013,5,5,קדמית,אוטומטית,4.0,בנזין,4,1242,93,6000,12.0,4800,13.5,160,14.7,20.4,17.8,,,,,,ABS + EBD + BAS,7,יש,יש,385.0,169.5,151.0,243.0,211,528.0,990,,,,,185/55R16,42,2X4,1,5,1,סוויפט
72,סוזוקי,סוויפט,5  GLX-I,2013,5,5,קדמית,אוטומטית,4.0,בנזין,4,1242,93,6000,12.0,4800,13.5,160,14.7,20.4,17.8,,,,,,ABS + EBD + BAS,7,יש,יש,385.0,169.5,151.0,243.0,211,528.0,990,,,,,185/55R16,42,2X4,1,5,1,סוויפט
73,סוזוקי,סוויפט,5  GLS,2013,5,5,קדמית,ידנית,5.0,בנזין,4,1242,93,6000,12.0,4800,12.3,165,16.3,22.7,20.0,,,,,,ABS + EBD + BAS,7,יש,יש,385.0,169.5,151.0,243.0,211,528.0,960,,,,,175/65R15,42,2X4,0,5,1,סוויפט
74,סוזוקי,סוויפט,5  GLS,2013,5,5,קדמית,אוטומטית,4.0,בנזין,4,1242,93,6000,12.0,4800,13.5,160,14.7,20.4,17.8,,,,,,ABS + EBD + BAS,7,יש,יש,385.0,169.5,151.0,243.0,211,528.0,990,,,,,175/65R15,42,2X4,1,5,1,סוויפט
75,סוזוקי,סוויפט,5  GLX,2012,5,5,קדמית,אוטומטית,4.0,בנזין,4,1242,93,6000,12.0,4800,13.5,160,14.7,20.4,17.8,,,,,,ABS + EBD + BAS,7,יש,יש,385.0,169.5,151.0,243.0,211,528.0,990,,,,,185/55R16,42,2X4,1,5,1,סוויפט
76,סוזוקי,סוויפט,5  GLX-I,2012,5,5,קדמית,אוטומטית,4.0,בנזין,4,1242,93,6000,12.0,4800,13.5,160,14.7,20.4,17.8,,,,,,ABS + EBD + BAS,7,יש,יש,385.0,169.5,151.0,243.0,211,528.0,990,,,,,185/55R16,42,2X4,1,5,1,סוויפט
77,סוזוקי,סוויפט,5  GLS,2012,5,5,קדמית,ידנית,5.0,בנזין,4,1242,93,6000,12.0,4800,12.3,165,16.3,22.7,20.0,,,,,,ABS + EBD + BAS,7,יש,יש,385.0,169.5,151.0,243.0,211,528.0,960,,,,,175/65R15,42,2X4,0,5,1,סוויפט
78,סוזוקי,סוויפט,5  GLS,2012,5,5,קדמית,אוטומטית,4.0,בנזין,4,1242,93,6000,12.0,4800,13.5,160,14.7,20.4,17.8,,,,,,ABS + EBD + BAS,7,יש,יש,385.0,169.5,151.0,243.0,211,528.0,990,,,,,175/65R15,42,2X4,1,5,1,סוויפט
79,סוזוקי,סוויפט,5 GLX,2011,5,5,קדמית,אוטומטית,4.0,בנזין,4,1242,93,6000,12.0,4800,13.5,160,14.7,20.4,17.8,,,,,,ABS + EBD + BAS,7,יש,יש,385.0,169.5,151.0,243.0,211,528.0,990,,,,,185/55R16,42,2X4,1,5,1,סוויפט
80,סוזוקי,סוויפט,5 GLX-I,2011,5,5,קדמית,אוטומטית,4.0,בנזין,4,1242,93,6000,12.0,4800,13.5,160,14.7,20.4,17.8,,,,,,ABS + EBD + BAS,7,יש,יש,385.0,169.5,151.0,243.0,211,528.0,990,,,,,185/55R16,42,2X4,1,5,1,סוויפט
81,סוזוקי,סוויפט,GLS,2010,5,5,קדמית,אוטומטית,4.0,בנזין,4,1490,102,5900,13.5,4100,11.7,180,11.5,19.2,15.4,,,,,,ABS + EBD + BAS,6,יש,אין,376.0,169.0,150.0,238.0,201,494.0,1020,,,,,185/60R15,45,2X4,1,5,1,סוויפט
82,סוזוקי,סוויפט,GLX,2010,5,5,קדמית,אוטומטית,4.0,בנזין,4,1490,102,5900,13.5,4100,11.7,180,11.5,19.2,15.4,,,,,,ABS + EBD + BAS,6,יש,אין,376.0,169.0,150.0,238.0,201,494.0,1020,,,,,185/60R15,45,2X4,1,5,1,סוויפט
83,סוזוקי,סוויפט,GLS,2009,5,5,קדמית,אוטומטית,4.0,בנזין,4,1490,102,5900,13.5,4100,11.7,170,11.5,19.2,15.4,,,,,,ABS + EBD,6,יש,אין,376.0,169.0,150.0,238.0,201,434.0,1020,,,,,185/60R15,45,2X4,1,5,1,סוויפט
84,סוזוקי,סוויפט,GLX,2009,5,5,קדמית,אוטומטית,4.0,בנזין,4,1490,102,5900,13.5,4100,11.7,170,11.5,19.2,15.4,,,,,,ABS + EBD,6,יש,אין,376.0,169.0,150.0,238.0,201,434.0,1020,,,,,185/60R15,45,2X4,1,5,1,סוויפט
85,סוזוקי,סוויפט,GLX,2008,5,5,קדמית,אוטומטית,4.0,בנזין,4,1490,102,5900,13.5,4100,11.7,170,11.5,19.2,15.4,,,,,,ABS + EBD,6,יש,אין,376.0,169.0,150.0,238.0,201,434.0,1020,,,,,185/60R15,45,2X4,1,5,1,סוויפט
86,סוזוקי,סוויפט,GLS,2008,5,5,קדמית,אוטומטית,4.0,בנזין,4,1490,102,5900,13.5,4100,11.7,170,11.5,19.2,15.4,,,,,,ABS + EBD,6,יש,אין,376.0,169.0,150.0,238.0,201,434.0,1020,,,,,185/60R15,45,2X4,1,5,1,סוויפט
87,סוזוקי,סוויפט,GLX,2007,5,5,קדמית,אוטומטית,4.0,בנזין,4,1490,102,5900,13.5,4100,11.7,170,,,15.4,,,,,,ABS + EBD,6,יש,אין,376.0,169.0,150.0,238.0,201,434.0,1020,,,,,185/60R15,45,2X4,1,5,1,סוויפט
88,סוזוקי,סוויפט,GLS,2007,5,5,קדמית,אוטומטית,4.0,בנזין,4,1490,102,5900,13.5,4100,11.7,170,11.5,19.2,15.4,,,,,,ABS + EBD,6,יש,אין,376.0,169.0,150.0,238.0,201,434.0,1020,,,,,185/60R15,45,2X4,1,5,1,סוויפט
89,סוזוקי,סוויפט,GLX,2006,5,5,קדמית,אוטומטית,4.0,בנזין,4,1490,102,5900,13.5,4100,11.7,170,11.5,19.2,15.4,,,,,,ABS + EBD,6,יש,אין,376.0,169.0,150.0,238.0,201,434.0,1020,,,,,185/60R15,45,2X4,1,5,1,סוויפט
90,סוזוקי,סוויפט,GLS,2006,5,5,קדמית,אוטומטית,4.0,בנזין,4,1490,102,5900,13.5,4100,11.7,170,11.5,19.2,15.4,,,,,,ABS + EBD,6,יש,אין,376.0,169.0,150.0,238.0,201,434.0,1020,,,,,185/60R15,45,2X4,1,5,1,סוויפט
91,סוזוקי,בלנו,GLX,2020,5,5,קדמית,אוטומטית - רציפה,,בנזין,4,1242,90,6000,12.2,4400,12.3,175,17.8,23.8,21.2,,,,,,ABS + EBD + BAS,6,יש,יש,399.5,174.5,147.0,252.0,320,756.0,905,,,400.0,1000.0,185/55R16,37,2X4,1,5,1,בלנו
92,סוזוקי,בלנו,GLS,2019,5,5,קדמית,ידנית,5.0,בנזין,4,1242,90,6000,12.2,4400,12.3,180,17.8,25.0,21.7,,,,,,ABS + EBD + BAS,6,יש,יש,399.5,174.5,147.0,252.0,320,756.0,865,,,400.0,1000.0,185/55R16,37,2X4,0,5,1,בלנו
93,סוזוקי,בלנו,GLX,2019,5,5,קדמית,אוטומטית - רציפה,,בנזין,4,1242,90,6000,12.2,4400,12.3,175,17.8,23.8,21.2,,,,,,ABS + EBD + BAS,6,יש,יש,399.5,174.5,147.0,252.0,320,756.0,905,,,400.0,1000.0,185/55R16,37,2X4,1,5,1,בלנו
94,סוזוקי,בלנו,GLS,2018,5,5,קדמית,ידנית,5.0,בנזין,4,1242,90,6000,12.2,4400,12.3,180,17.8,25.0,21.7,,,,,,ABS + EBD + BAS,6,יש,יש,399.5,174.5,147.0,252.0,320,756.0,865,,,400.0,1000.0,185/55R16,37,2X4,0,5,1,בלנו
95,סוזוקי,בלנו,GLX,2018,5,5,קדמית,אוטומטית - רציפה,,בנזין,4,1242,90,6000,12.2,4400,12.3,175,17.8,23.8,21.2,,,,,,ABS + EBD + BAS,6,יש,יש,399.5,174.5,147.0,252.0,320,756.0,905,,,400.0,1000.0,185/55R16,37,2X4,1,5,1,בלנו
96,סוזוקי,בלנו,GLS,2017,5,5,קדמית,ידנית,5.0,בנזין,4,1242,90,6000,12.2,4400,12.3,180,17.8,25.0,21.7,,,,,,ABS + EBD + BAS,6,יש,יש,399.5,174.5,147.0,252.0,320,756.0,865,,,400.0,1000.0,185/55R16,37,2X4,0,5,1,בלנו
97,סוזוקי,בלנו,GLX,2017,5,5,קדמית,אוטומטית - רציפה,,בנזין,4,1242,90,6000,12.2,4400,12.3,175,17.8,23.8,21.2,,,,,,ABS + EBD + BAS,6,יש,יש,399.5,174.5,147.0,252.0,320,756.0,905,,,400.0,1000.0,185/55R16,37,2X4,1,5,1,בלנו
98,סוזוקי,בלנו,GLS,2016,5,5,קדמית,ידנית,5.0,בנזין,4,1242,90,6000,12.2,4400,12.3,180,17.8,25.0,21.7,,,,,,ABS + EBD + BAS,6,יש,יש,399.5,174.5,147.0,252.0,320,756.0,865,,,400.0,1000.0,185/55R16,37,2X4,0,5,1,בלנו
99,סוזוקי,בלנו,GLX,2016,5,5,קדמית,אוטומטית - רציפה,,בנזין,4,1242,90,6000,12.2,4400,12.3,175,17.8,23.8,21.2,,,,,,ABS + EBD + BAS,6,יש,יש,399.5,174.5,147.0,252.0,320,756.0,905,,,400.0,1000.0,185/55R16,37,2X4,1,5,1,בלנו
100,סוזוקי,SX4,GLX,2014,4,5,קדמית,אוטומטית,4.0,בנזין,4,1586,120,6000,15.9,4400,12.3,175,11.3,18.5,15.1,,,,,,ABS + EBD + BAS,6,יש,אין,449.0,173.0,154.5,250.0,515,,1175,,,400.0,750.0,195/65R15,50,2X4,1,5,1,SX4
101,סוזוקי,SX4,GLA,2013,4,5,קדמית,אוטומטית,4.0,בנזין,4,1586,120,6000,15.9,4400,12.3,175,11.3,18.5,15.1,,,,,,ABS + EBD + BAS,6,יש,אין,449.0,173.0,154.5,250.0,515,,1175,,,400.0,750.0,195/65R15,50,2X4,1,5,1,SX4
102,סוזוקי,SX4,GLX,2013,4,5,קדמית,אוטומטית,4.0,בנזין,4,1586,120,6000,15.9,4400,12.3,175,11.3,18.5,15.1,,,,,,ABS + EBD + BAS,6,יש,אין,449.0,173.0,154.5,250.0,515,,1175,,,400.0,750.0,195/65R15,50,2X4,1,5,1,SX4
103,סוזוקי,SX4,GLA,2012,4,5,קדמית,אוטומטית,4.0,בנזין,4,1586,120,6000,15.9,4400,12.3,175,11.3,18.5,15.1,,,,,,ABS + EBD + BAS,6,יש,אין,449.0,173.0,154.5,250.0,515,,1175,,,400.0,750.0,195/65R15,50,2X4,1,5,1,SX4
104,סוזוקי,SX4,GLX,2012,4,5,קדמית,אוטומטית,4.0,בנזין,4,1586,120,6000,15.9,4400,12.3,175,11.3,18.5,15.1,,,,,,ABS + EBD + BAS,6,יש,אין,449.0,173.0,154.5,250.0,515,,1175,,,400.0,750.0,195/65R15,50,2X4,1,5,1,SX4
105,סוזוקי,SX4,GLA,2011,4,5,קדמית,אוטומטית,4.0,בנזין,4,1586,120,6000,15.9,4400,12.3,175,11.3,18.5,15.1,,,,,,ABS + EBD + BAS,6,יש,אין,449.0,173.0,154.5,250.0,515,,1175,,,400.0,750.0,195/65R15,50,2X4,1,5,1,SX4
106,סוזוקי,SX4,GLX,2011,4,5,קדמית,אוטומטית,4.0,בנזין,4,1586,120,6000,15.9,4400,12.3,175,11.3,18.5,15.1,,,,,,ABS + EBD + BAS,6,יש,אין,449.0,173.0,154.5,250.0,515,,1175,,,400.0,750.0,195/65R15,50,2X4,1,5,1,SX4
107,סוזוקי,SX4,GLA,2010,4,5,קדמית,אוטומטית,4.0,בנזין,4,1586,120,6000,15.9,4400,12.3,175,11.3,18.5,15.1,,,,,,ABS + EBD + BAS,6,יש,אין,449.0,173.0,154.5,250.0,515,,1175,,,400.0,750.0,195/65R15,50,2X4,1,5,1,SX4
108,סוזוקי,SX4,GLX,2010,4,5,קדמית,אוטומטית,4.0,בנזין,4,1586,120,6000,15.9,4400,12.3,175,11.3,18.5,15.1,,,,,,ABS + EBD + BAS,6,יש,אין,449.0,173.0,154.5,250.0,515,,1175,,,400.0,750.0,195/65R15,50,2X4,1,5,1,SX4
109,סוזוקי,SX4,GLA,2009,4,5,קדמית,אוטומטית,4.0,בנזין,4,1586,120,6000,15.9,4400,12.3,175,11.3,18.5,15.1,,,,,,ABS + EBD + BAS,6,יש,אין,449.0,173.0,154.5,250.0,515,,1175,,,400.0,750.0,195/65R15,50,2X4,1,5,1,SX4
110,סוזוקי,SX4,GLX,2009,4,5,קדמית,אוטומטית,4.0,בנזין,4,1586,120,6000,15.9,4400,12.3,175,11.3,18.5,15.1,,,,,,ABS + EBD + BAS,6,יש,אין,449.0,173.0,154.5,250.0,515,,1175,,,400.0,750.0,195/65R15,50,2X4,1,5,1,SX4
111,סוזוקי,SX4,GLA,2008,4,5,קדמית,אוטומטית,4.0,בנזין,4,1586,120,6000,15.9,4400,12.3,175,11.3,18.5,15.1,,,,,,ABS + EBD + BAS,6,יש,אין,449.0,173.0,154.5,250.0,515,,1175,,,400.0,750.0,195/65R15,50,2X4,1,5,1,SX4
112,סוזוקי,SX4,GLX,2008,4,5,קדמית,אוטומטית,4.0,בנזין,4,1586,120,6000,15.9,4400,12.3,175,11.3,18.5,15.1,,,,,,ABS + EBD + BAS,6,יש,אין,449.0,173.0,154.5,250.0,515,,1175,,,400.0,750.0,195/65R15,50,2X4,1,5,1,SX4
113,סוזוקי,SX4 האצ'בק,GLA,2014,5,5,קדמית,אוטומטית,4.0,בנזין,4,1586,120,6000,15.9,4400,12.3,175,11.4,17.8,14.9,,,,,,ABS + EBD + BAS,6,יש,אין,415.0,175.5,160.5,250.0,270,,1155,,,400.0,750.0,205/60R16 ,50,2X4,1,5,1,SX4
114,סוזוקי,SX4 האצ'בק,GLA,2013,5,5,קדמית,אוטומטית,4.0,בנזין,4,1586,120,6000,15.9,4400,12.3,175,11.4,17.8,14.9,,,,,,ABS + EBD + BAS,6,יש,אין,415.0,175.5,160.5,250.0,270,,1155,,,400.0,750.0,205/60R16 ,50,2X4,1,5,1,SX4
115,סוזוקי,SX4 האצ'בק,GLX,2013,5,5,קדמית,אוטומטית,4.0,בנזין,4,1586,120,6000,15.9,4400,12.3,175,11.4,17.8,14.9,,,,,,ABS + EBD + BAS,6,יש,אין,415.0,175.5,160.5,250.0,270,,1155,,,400.0,750.0,205/60R16 ,50,2X4,1,5,1,SX4
116,סוזוקי,SX4 האצ'בק,GLA,2012,5,5,קדמית,אוטומטית,4.0,בנזין,4,1586,120,6000,15.9,4400,12.3,175,11.4,17.8,14.9,,,,,,ABS + EBD + BAS,6,יש,אין,415.0,175.5,160.5,250.0,270,,1155,,,400.0,750.0,205/60R16 ,50,2X4,1,5,1,SX4
117,סוזוקי,SX4 האצ'בק,GLX,2012,5,5,קדמית,אוטומטית,4.0,בנזין,4,1586,120,6000,15.9,4400,12.3,175,11.4,17.8,14.9,,,,,,ABS + EBD + BAS,6,יש,אין,415.0,175.5,160.5,250.0,270,,1155,,,400.0,750.0,205/60R16 ,50,2X4,1,5,1,SX4
118,סוזוקי,SX4 האצ'בק,GLA,2011,5,5,קדמית,אוטומטית,4.0,בנזין,4,1586,120,6000,15.9,4400,12.3,175,11.4,17.8,14.9,,,,,,ABS + EBD + BAS,6,יש,אין,415.0,175.5,160.5,250.0,270,,1155,,,400.0,750.0,205/60R16 ,50,2X4,1,5,1,SX4
119,סוזוקי,SX4 האצ'בק,GLA,2010,5,5,קדמית,אוטומטית,4.0,בנזין,4,1586,120,6000,15.9,4400,12.3,175,10.8,16.9,13.8,,,,,,ABS + EBD + BAS,6,יש,אין,411.5,173.0,158.5,250.0,253,,1175,,,400.0,750.0,205/60R16 ,50,2X4,1,5,1,SX4
120,סוזוקי,SX4 האצ'בק,GLX,2010,5,5,קדמית,אוטומטית,4.0,בנזין,4,1586,120,6000,15.9,4400,12.3,175,10.8,16.9,13.8,,,,,,ABS + EBD,6,יש,אין,411.5,173.0,158.5,250.0,253,,1175,,,400.0,750.0,205/60R16 ,50,2X4,1,5,1,SX4
121,סוזוקי,SX4 האצ'בק,GLA,2009,5,5,קדמית,אוטומטית,4.0,בנזין,4,1586,120,6000,15.9,4400,12.3,175,10.8,16.9,13.8,,,,,,ABS + EBD + BAS,6,יש,אין,411.5,173.0,158.5,250.0,253,,1175,,,400.0,750.0,205/60R16 ,50,2X4,1,5,1,SX4
122,סוזוקי,SX4 האצ'בק,GLX,2009,5,5,קדמית,אוטומטית,4.0,בנזין,4,1586,120,6000,15.9,4400,12.3,175,10.8,16.9,13.8,,,,,,ABS + EBD,6,יש,אין,411.5,173.0,158.5,250.0,253,,1175,,,400.0,750.0,205/60R16 ,50,2X4,1,5,1,SX4
123,סוזוקי,ליאנה,GLS,2008,4,5,קדמית,אוטומטית,4.0,בנזין,4,1586,107,5600,14.7,4000,12.9,170,,,13.1,,,,,,ABS + EBD,4,אין,אין,435.0,169.0,154.5,248.0,450,,1150,,,,,185/65R14,50,2X4,1,5,1,ליאנה
124,סוזוקי,ליאנה,GLX,2008,5,5,קדמית,אוטומטית,4.0,בנזין,4,107,107,5600,14.7,4000,12.9,170,,,13.1,,,,,,ABS + EBD,4,אין,אין,435.0,169.0,154.5,248.0,450,,1150,,,,,195/55R15,50,2X4,1,5,1,ליאנה
125,סוזוקי,ליאנה,GLS,2008,5,5,קדמית,אוטומטית,4.0,בנזין,4,107,107,5600,14.7,4000,12.9,170,,,13.1,,,,,,ABS + EBD,4,אין,אין,429.0,169.0,155.0,248.0,290,,1160,,,,,185/65R14,50,2X4,1,5,1,ליאנה
126,סוזוקי,ליאנה,GLS,2007,4,5,קדמית,אוטומטית,4.0,בנזין,4,1586,107,5600,14.7,4000,12.9,170,,,13.1,,,,,,ABS + EBD,4,אין,אין,435.0,169.0,154.5,248.0,450,,1150,,,,,185/65R14,50,2X4,1,5,1,ליאנה
127,סוזוקי,ליאנה,GLX,2007,4,5,קדמית,אוטומטית,4.0,בנזין,4,107,107,5600,14.7,4000,12.9,170,,,13.1,,,,,,ABS + EBD,4,אין,אין,435.0,169.0,154.5,248.0,450,,1150,,,,,195/55R15,50,2X4,1,5,1,ליאנה
128,סוזוקי,ליאנה,GLS,2007,5,5,קדמית,אוטומטית,4.0,בנזין,4,107,107,5600,14.7,4000,12.9,170,,,13.1,,,,,,ABS + EBD,4,אין,אין,429.0,169.0,155.0,248.0,290,,1160,,,,,185/65R14,50,2X4,1,5,1,ליאנה
129,סוזוקי,ליאנה,GLX,2007,5,5,קדמית,אוטומטית,4.0,בנזין,4,1586,107,5600,14.7,4000,12.9,170,,,13.1,,,,,,ABS + EBD,4,אין,אין,429.0,169.0,155.0,248.0,290,,1160,,,,,195/55R15,50,2X4,1,5,1,ליאנה
130,סוזוקי,ליאנה,GLS,2006,4,5,קדמית,אוטומטית,4.0,בנזין,4,1586,107,5600,14.7,4000,12.9,170,,,13.1,,,,,,ABS + EBD,4,אין,אין,435.0,169.0,154.5,248.0,450,,1150,,,,,185/65R14,50,2X4,1,5,1,ליאנה
131,סוזוקי,ליאנה,GLX,2006,4,5,קדמית,אוטומטית,4.0,בנזין,4,107,107,5600,14.7,4000,12.9,170,,,13.1,,,,,,ABS + EBD,4,אין,אין,435.0,169.0,154.5,248.0,450,,1150,,,,,195/55R15,50,2X4,1,5,1,ליאנה
132,סוזוקי,ליאנה,GLS,2006,5,5,קדמית,אוטומטית,4.0,בנזין,4,107,107,5600,14.7,4000,12.9,170,,,13.1,,,,,,ABS + EBD,4,אין,אין,429.0,169.0,155.0,248.0,290,,1160,,,,,185/65R14,50,2X4,1,5,1,ליאנה
133,סוזוקי,ליאנה,GLX,2006,5,5,קדמית,אוטומטית,4.0,בנזין,4,1586,107,5600,14.7,4000,12.9,170,,,13.1,,,,,,ABS + EBD,4,אין,אין,429.0,169.0,155.0,248.0,290,,1160,,,,,195/55R15,50,2X4,1,5,1,ליאנה
134,סוזוקי,ליאנה,GLS,2005,4,5,קדמית,אוטומטית,4.0,בנזין,4,1586,107,5600,14.7,4000,12.9,170,,,13.1,,,,,,ABS + EBD,4,אין,אין,435.0,169.0,154.5,248.0,450,,1150,,,,,185/65R14,50,2X4,1,5,1,ליאנה
135,סוזוקי,ליאנה,GLX,2005,4,5,קדמית,אוטומטית,4.0,בנזין,4,107,107,5600,14.7,4000,12.9,170,,,13.1,,,,,,ABS + EBD,4,אין,אין,435.0,169.0,154.5,248.0,450,,1150,,,,,195/55R15,50,2X4,1,5,1,ליאנה
136,סוזוקי,ליאנה,GLX,2005,5,5,קדמית,אוטומטית,4.0,בנזין,4,1586,107,5600,14.7,4000,12.9,170,,,13.1,,,,,,ABS + EBD,4,אין,אין,429.0,169.0,155.0,248.0,290,,1160,,,,,195/55R15,50,2X4,1,5,1,ליאנה
137,סוזוקי,ליאנה,GLS,2004,4,5,קדמית,אוטומטית,4.0,בנזין,4,1586,107,5600,14.7,4000,12.9,170,,,13.1,,,,,,ABS + EBD,4,אין,אין,435.0,169.0,154.5,248.0,450,,1150,,,,,185/65R14,50,2X4,1,5,1,ליאנה
138,סוזוקי,ליאנה,GLS,2004,5,5,קדמית,אוטומטית,4.0,בנזין,4,107,107,5600,14.7,4000,12.9,170,,,13.1,,,,,,ABS + EBD,4,אין,אין,429.0,169.0,155.0,248.0,290,,1160,,,,,185/65R14,50,2X4,1,5,1,ליאנה
139,סוזוקי,ליאנה,GLX,2004,4,5,קדמית,אוטומטית,4.0,בנזין,4,107,107,5600,14.7,4000,12.9,170,,,13.1,,,,,,ABS + EBD,4,אין,אין,435.0,169.0,154.5,248.0,450,,1150,,,,,195/55R15,50,2X4,1,5,1,ליאנה
140,סוזוקי,ליאנה,GLX,2004,5,5,קדמית,אוטומטית,4.0,בנזין,4,1586,107,5600,14.7,4000,12.9,170,,,13.1,,,,,,ABS + EBD,4,אין,אין,429.0,169.0,155.0,248.0,290,,1160,,,,,195/55R15,50,2X4,1,5,1,ליאנה
141,סוזוקי,קרוסאובר,S-CROSS  GLX,2022,5,5,קדמית,אוטומטית - טיפטרוניק,6.0,טורבו-בנזין מיקרו-היברידי,4,1373,129,5550,24.0,2000,9.5,195,,,17.5,,,,,,ABS + EBD + BAS,7,יש,יש,430.0,178.5,158.5,260.0,430,665.0,1315,1710.0,395.0,600.0,1500.0,215/55R17,47,2X4,1,5,6,קרוסאובר
142,סוזוקי,קרוסאובר,S-CROSS  GLXV,2022,5,5,קדמית,אוטומטית - טיפטרוניק,6.0,טורבו-בנזין מיקרו-היברידי,4,1373,129,5550,24.0,2000,9.5,195,,,17.5,,,,,,ABS + EBD + BAS,7,יש,יש,430.0,178.5,158.5,260.0,430,665.0,1315,1710.0,395.0,600.0,1500.0,215/55R17,47,2X4,1,5,6,קרוסאובר
143,סוזוקי,קרוסאובר,S-CROSS  GLX,2022,5,5,כפולה (4X4),אוטומטית - טיפטרוניק,6.0,טורבו-בנזין מיקרו-היברידי,4,1373,129,5550,24.0,2000,10.2,195,,,16.4,,,,,,ABS + EBD + BAS,7,יש,יש,430.0,178.5,158.5,260.0,430,665.0,1385,1780.0,395.0,600.0,1500.0,215/55R17,47,4X4,1,5,6,קרוסאובר
144,סוזוקי,קרוסאובר,S-CROSS  GLXV,2022,5,5,כפולה (4X4),אוטומטית - טיפטרוניק,6.0,טורבו-בנזין מיקרו-היברידי,4,1373,129,5550,24.0,2000,10.2,195,,,16.4,,,,,,ABS + EBD + BAS,7,יש,יש,430.0,178.5,158.5,260.0,430,665.0,1385,1780.0,395.0,600.0,1500.0,215/55R17,47,4X4,1,5,6,קרוסאובר
145,סוזוקי,קרוסאובר,' GLX -,2021,5,5,קדמית,אוטומטית - טיפטרוניק,6.0,טורבו-בנזין מיקרו-היברידי,4,1373,129,5550,24.0,2000,9.5,190,,,17.5,,,,,,ABS + EBD + BAS,7,יש,יש,430.0,178.5,158.5,260.0,440,875.0,1300,1725.0,425.0,600.0,1500.0,215/55R17,47,2X4,1,5,6,קרוסאובר
146,סוזוקי,קרוסאובר,' GLX,2021,5,5,קדמית,אוטומטית - טיפטרוניק,6.0,טורבו בנזין,4,1373,140,5550,22.4,1500,9.5,200,,,14.5,,,,,,ABS + EBD + BAS,7,יש,יש,430.0,178.5,158.5,260.0,440,875.0,1170,,,400.0,1200.0,215/55R17,47,2X4,1,5,1,קרוסאובר
147,סוזוקי,קרוסאובר,' GLX,2020,5,5,קדמית,אוטומטית - טיפטרוניק,6.0,טורבו בנזין,4,1373,140,5550,22.4,1500,9.5,200,14.0,19.6,16.8,,,,,,ABS + EBD + BAS,7,יש,יש,430.0,178.5,158.5,260.0,440,875.0,1170,,,400.0,1200.0,215/55R17,47,2X4,1,5,1,קרוסאובר
148,סוזוקי,קרוסאובר,GLX,2019,5,5,קדמית,ידנית,6.0,טורבו בנזין,4,1373,140,5550,22.4,1500,9.5,200,15.8,20.4,18.5,,,,,,ABS + EBD + BAS,7,יש,יש,430.0,178.5,158.5,260.0,440,875.0,1150,,,400.0,1200.0,215/55R17,47,2X4,0,5,1,קרוסאובר
149,סוזוקי,קרוסאובר,' GLX,2019,5,5,קדמית,אוטומטית - טיפטרוניק,6.0,טורבו בנזין,4,1373,140,5550,22.4,1500,9.5,200,15.3,20.4,18.5,,,,,,ABS + EBD + BAS,7,יש,יש,430.0,178.5,158.5,260.0,440,875.0,1170,,,400.0,1200.0,215/55R17,47,2X4,1,5,1,קרוסאובר
150,סוזוקי,קרוסאובר,GLX,2018,5,5,קדמית,ידנית,6.0,טורבו בנזין,4,1373,140,5550,22.4,1500,9.5,200,15.8,20.4,18.5,,,,,,ABS + EBD + BAS,7,יש,יש,430.0,178.5,158.5,260.0,440,875.0,1150,,,400.0,1200.0,215/55R17,47,2X4,0,5,1,קרוסאובר
151,סוזוקי,קרוסאובר,' GLX,2018,5,5,קדמית,אוטומטית - טיפטרוניק,6.0,טורבו בנזין,4,1373,140,5550,22.4,1500,9.5,200,15.3,20.4,18.5,,,,,,ABS + EBD + BAS,7,יש,יש,430.0,178.5,158.5,260.0,440,875.0,1170,,,400.0,1200.0,215/55R17,47,2X4,1,5,1,קרוסאובר
152,סוזוקי,קרוסאובר,GLX,2017,5,5,קדמית,ידנית,6.0,טורבו בנזין,4,1373,140,5550,22.4,1500,9.5,200,15.8,20.4,18.5,,,,,,ABS + EBD + BAS,7,יש,יש,430.0,178.5,158.5,260.0,440,875.0,1150,,,400.0,1200.0,215/55R17,47,2X4,0,5,1,קרוסאובר
153,סוזוקי,קרוסאובר,' GLX,2017,5,5,קדמית,אוטומטית - טיפטרוניק,6.0,טורבו בנזין,4,1373,140,5550,22.4,1500,9.5,200,15.3,20.4,18.5,,,,,,ABS + EBD + BAS,7,יש,יש,430.0,178.5,158.5,260.0,440,875.0,1170,,,400.0,1200.0,215/55R17,47,2X4,1,5,1,קרוסאובר
154,סוזוקי,קרוסאובר,GLS,2016,5,5,קדמית,ידנית,5.0,בנזין,4,1586,119,6000,15.9,4400,11.0,180,14.7,20.8,18.1,,,,,,ABS + EBD + BAS,7,יש,יש,430.0,176.5,157.5,260.0,430,875.0,1085,,,400.0,1200.0,205/60R16,47,2X4,0,5,1,קרוסאובר
155,סוזוקי,קרוסאובר,GLX,2016,5,5,קדמית,אוטומטית - רציפה,,בנזין,4,1586,119,6000,15.9,4400,12.4,170,14.7,21.2,18.1,,,,,,ABS + EBD + BAS,7,יש,יש,430.0,176.5,158.0,260.0,430,875.0,1125,,,400.0,1200.0,205/60R16,47,2X4,1,5,1,קרוסאובר
156,סוזוקי,קרוסאובר,GLS,2015,5,5,קדמית,ידנית,5.0,בנזין,4,1586,119,6000,15.9,4400,11.0,180,14.7,20.8,18.1,,,,,,ABS + EBD + BAS,7,יש,יש,430.0,176.5,157.5,260.0,430,875.0,1085,,,400.0,1200.0,205/60R16,47,2X4,0,5,1,קרוסאובר
157,סוזוקי,קרוסאובר,GLX,2015,5,5,קדמית,אוטומטית - רציפה,,בנזין,4,1586,119,6000,15.9,4400,12.4,170,14.7,21.2,18.1,,,,,,ABS + EBD + BAS,7,יש,יש,430.0,176.5,158.0,260.0,430,875.0,1125,,,400.0,750.0,205/60R16,47,2X4,1,5,1,קרוסאובר
158,סוזוקי,קרוסאובר,GLX,2015,5,5,כפולה (4X4),אוטומטית - רציפה,,בנזין,4,1586,119,6000,15.9,4400,13.5,165,14.7,20.0,17.5,,,,,,ABS + EBD + BAS,7,יש,יש,430.0,176.5,158.0,260.0,430,875.0,1190,,,400.0,750.0,205/60R16,47,4X4,1,5,1,קרוסאובר
159,סוזוקי,קרוסאובר,GLS,2014,5,5,קדמית,ידנית,5.0,בנזין,4,1586,119,6000,15.9,4400,11.0,180,14.7,20.8,18.1,,,,,,ABS + EBD + BAS,7,יש,יש,430.0,176.5,157.5,260.0,430,875.0,1085,,,400.0,750.0,205/60R16,47,2X4,0,5,1,קרוסאובר
160,סוזוקי,קרוסאובר,GLX,2014,5,5,קדמית,אוטומטית - רציפה,,בנזין,4,1586,119,6000,15.9,4400,12.4,170,14.7,21.2,18.1,,,,,,ABS + EBD + BAS,7,יש,יש,430.0,176.5,158.0,260.0,430,875.0,1125,,,400.0,750.0,205/60R16,47,2X4,1,5,1,קרוסאובר
161,סוזוקי,קרוסאובר,GLX,2014,5,5,כפולה (4X4),אוטומטית - רציפה,,בנזין,4,1586,119,6000,15.9,4400,13.5,165,14.7,20.0,17.5,,,,,,ABS + EBD + BAS,7,יש,יש,430.0,176.5,158.0,260.0,430,875.0,1190,,,400.0,750.0,205/60R16,47,4X4,1,5,1,קרוסאובר
162,סוזוקי,קרוסאובר,GLS,2013,5,5,קדמית,ידנית,5.0,בנזין,4,1586,119,6000,15.9,4400,11.0,180,14.7,20.8,18.1,,,,,,ABS + EBD + BAS,7,יש,יש,430.0,176.5,157.5,260.0,430,875.0,1085,,,400.0,750.0,205/60R16,47,2X4,0,5,1,קרוסאובר
163,סוזוקי,קרוסאובר,GLX,2013,5,5,קדמית,אוטומטית - רציפה,,בנזין,4,1586,119,6000,15.9,4400,12.4,170,14.7,21.2,18.1,,,,,,ABS + EBD + BAS,7,יש,יש,430.0,176.5,158.0,260.0,430,875.0,1125,,,400.0,750.0,205/60R16,47,2X4,1,5,1,קרוסאובר
164,סוזוקי,קרוסאובר,GLX,2013,5,5,כפולה (4X4),אוטומטית - רציפה,,בנזין,4,1586,119,6000,15.9,4400,13.5,165,14.7,20.0,17.5,,,,,,ABS + EBD + BAS,7,יש,יש,430.0,176.5,158.0,260.0,430,875.0,1190,,,400.0,750.0,205/60R16,47,4X4,1,5,1,קרוסאובר
165,סוזוקי,ויטרה,- GLX,2022,5,5,קדמית,אוטומטית - טיפטרוניק,6.0,טורבו-בנזין מיקרו-היברידי,4,1373,129,5500,24.0,2000,9.5,190,,,17.5,,,,,,ABS + EBD + BAS,7,יש,יש,417.5,177.5,161.0,250.0,375,710.0,1275,1710.0,435.0,600.0,1500.0,215/55R17,47,2X4,1,5,6,ויטרה
166,סוזוקי,ויטרה,- GLXV,2022,5,5,קדמית,אוטומטית - טיפטרוניק,6.0,טורבו-בנזין מיקרו-היברידי,4,1373,129,5500,24.0,2000,9.5,190,,,17.5,,,,,,ABS + EBD + BAS,7,יש,יש,417.5,177.5,161.0,250.0,375,710.0,1275,1710.0,435.0,600.0,1500.0,215/55R17,47,2X4,1,5,6,ויטרה
167,סוזוקי,ויטרה,- GLXV,2022,5,5,כפולה (4X4),אוטומטית - טיפטרוניק,6.0,טורבו-בנזין מיקרו-היברידי,4,1373,129,5500,24.0,2000,10.2,190,,,16.1,,,,,,ABS + EBD + BAS,7,יש,יש,417.5,177.5,161.0,250.0,375,710.0,1345,1780.0,435.0,600.0,1500.0,215/55R17,47,4X4,1,5,6,ויטרה
168,סוזוקי,ויטרה,- GLX,2021,5,5,קדמית,אוטומטית - טיפטרוניק,6.0,טורבו-בנזין מיקרו-היברידי,4,1373,129,5500,24.0,2000,9.5,190,,,17.5,,,,,,ABS + EBD + BAS,7,יש,יש,417.5,177.5,161.0,250.0,375,710.0,1275,1710.0,435.0,600.0,1500.0,215/55R17,47,2X4,1,5,6,ויטרה
169,סוזוקי,ויטרה,- GLXV,2021,5,5,קדמית,אוטומטית - טיפטרוניק,6.0,טורבו-בנזין מיקרו-היברידי,4,1373,129,5500,24.0,2000,9.5,190,,,17.5,,,,,,ABS + EBD + BAS,7,יש,יש,417.5,177.5,161.0,250.0,375,710.0,1275,1710.0,435.0,600.0,1500.0,215/55R17,47,2X4,1,5,6,ויטרה
170,סוזוקי,ויטרה,,2021,5,5,קדמית,אוטומטית - טיפטרוניק,6.0,טורבו בנזין,4,1373,140,5500,22.4,1500,9.5,200,,,14.5,,,,,,ABS + EBD + BAS,7,יש,יש,417.5,177.5,161.0,250.0,375,710.0,1220,,,400.0,1200.0,215/55R17,47,2X4,1,5,1,ויטרה
171,סוזוקי,ויטרה,,2021,5,5,כפולה (4X4),אוטומטית - טיפטרוניק,6.0,טורבו בנזין,4,1373,140,5500,22.4,1500,9.5,200,,,13.1,,,,,,ABS + EBD + BAS,7,יש,יש,417.5,177.5,161.0,250.0,375,710.0,1220,,,400.0,1200.0,215/55R17,47,4X4,1,5,1,ויטרה
172,סוזוקי,ויטרה,,2020,5,5,קדמית,אוטומטית - טיפטרוניק,6.0,טורבו בנזין,3,998,112,5500,16.3,1800,12.5,180,15.1,19.6,17.3,,,,,,ABS + EBD + BAS,7,יש,יש,417.5,177.5,161.0,250.0,375,710.0,1205,,,400.0,1200.0,215/55R17,47,2X4,1,5,1,ויטרה
173,סוזוקי,ויטרה,,2020,5,5,קדמית,אוטומטית - טיפטרוניק,6.0,טורבו בנזין,4,1373,140,5500,22.4,1500,9.5,200,13.5,18.5,15.8,,,,,,ABS + EBD + BAS,7,יש,יש,417.5,177.5,161.0,250.0,375,710.0,1220,,,400.0,1200.0,215/55R17,47,2X4,1,5,1,ויטרה
174,סוזוקי,ויטרה,,2020,5,5,כפולה (4X4),אוטומטית - טיפטרוניק,6.0,טורבו בנזין,3,998,112,5500,16.3,1800,13.0,180,14.2,18.8,16.5,,,,,,ABS + EBD + BAS,7,יש,יש,417.5,177.5,161.0,250.0,375,710.0,1280,,,400.0,1200.0,215/55R17,47,4X4,1,5,1,ויטרה
175,סוזוקי,ויטרה,,2020,5,5,כפולה (4X4),אוטומטית - טיפטרוניק,6.0,טורבו בנזין,4,1373,140,5500,22.4,1500,9.5,200,14.3,19.6,16.5,,,,,,ABS + EBD + BAS,7,יש,יש,417.5,177.5,161.0,250.0,375,710.0,1220,,,400.0,1200.0,215/55R17,47,4X4,1,5,1,ויטרה
176,סוזוקי,ויטרה,,2019,5,5,קדמית,אוטומטית - טיפטרוניק,6.0,טורבו בנזין,3,998,112,5500,16.3,1800,12.5,180,15.1,19.6,17.5,,,,,,ABS + EBD + BAS,7,יש,יש,417.5,177.5,161.0,250.0,375,710.0,1205,,,400.0,1200.0,215/55R17,47,2X4,1,5,1,ויטרה
177,סוזוקי,ויטרה,,2019,5,5,קדמית,אוטומטית - טיפטרוניק,6.0,טורבו בנזין,4,1373,140,5500,22.4,1500,9.5,200,14.1,19.6,16.9,,,,,,ABS + EBD + BAS,7,יש,יש,417.5,177.5,161.0,250.0,375,710.0,1220,,,400.0,1200.0,215/55R17,47,2X4,1,5,1,ויטרה
178,סוזוקי,ויטרה,,2019,5,5,כפולה (4X4),אוטומטית - טיפטרוניק,6.0,טורבו בנזין,3,998,112,5500,16.3,1800,13.0,180,14.2,18.8,16.6,,,,,,ABS + EBD + BAS,7,יש,יש,417.5,177.5,161.0,250.0,375,710.0,1280,,,400.0,1200.0,215/55R17,47,4X4,1,5,1,ויטרה
179,סוזוקי,ויטרה,GLX,2018,5,5,קדמית,אוטומטית - טיפטרוניק,6.0,בנזין,4,1586,119,6000,15.9,4400,12.5,180,15.1,20.4,18.1,,,,,,ABS + EBD + BAS,7,יש,יש,417.5,177.5,161.0,250.0,375,710.0,1120,,,400.0,1200.0,215/55R17,47,2X4,1,5,1,ויטרה
180,סוזוקי,ויטרה,GLXV,2018,5,5,כפולה (4X4),אוטומטית - טיפטרוניק,6.0,בנזין,4,1586,119,6000,15.9,4400,13.0,180,14.9,19.6,17.5,,,,,,ABS + EBD + BAS,7,יש,יש,417.5,177.5,161.0,250.0,375,710.0,1185,,,400.0,1200.0,215/55R17,47,4X4,1,5,1,ויטרה
181,סוזוקי,ויטרה,GLX,2017,5,5,קדמית,אוטומטית - טיפטרוניק,6.0,בנזין,4,1586,119,6000,15.9,4400,12.5,180,15.1,20.4,18.1,,,,,,ABS + EBD + BAS,7,יש,יש,417.5,177.5,161.0,250.0,375,710.0,1120,,,400.0,1200.0,215/55R17,47,2X4,1,5,1,ויטרה
182,סוזוקי,ויטרה,GLXV,2017,5,5,כפולה (4X4),אוטומטית - טיפטרוניק,6.0,בנזין,4,1586,119,6000,15.9,4400,13.0,180,14.9,19.6,17.5,,,,,,ABS + EBD + BAS,7,יש,יש,417.5,177.5,161.0,250.0,375,710.0,1185,,,400.0,1200.0,215/55R17,47,4X4,1,5,1,ויטרה
183,סוזוקי,ויטרה,GLX,2016,5,5,קדמית,אוטומטית - טיפטרוניק,6.0,בנזין,4,1586,119,6000,15.9,4400,12.5,180,15.1,20.4,18.1,,,,,,ABS + EBD + BAS,7,יש,יש,417.5,177.5,161.0,250.0,375,710.0,1120,,,400.0,1200.0,215/55R17,47,2X4,1,5,1,ויטרה
184,סוזוקי,ויטרה,GLXV,2016,5,5,כפולה (4X4),אוטומטית - טיפטרוניק,6.0,בנזין,4,1586,119,6000,15.9,4400,13.0,180,14.9,19.6,17.5,,,,,,ABS + EBD + BAS,7,יש,יש,417.5,177.5,161.0,250.0,375,710.0,1185,,,400.0,1200.0,215/55R17,47,4X4,1,5,1,ויטרה
185,סוזוקי,ויטרה,GLX,2015,5,5,קדמית,אוטומטית - טיפטרוניק,6.0,בנזין,4,1586,119,6000,15.9,4400,12.5,180,15.1,20.4,18.1,,,,,,ABS + EBD + BAS,7,יש,יש,417.5,177.5,161.0,250.0,375,710.0,1120,,,400.0,1200.0,215/55R17,47,2X4,1,5,1,ויטרה
186,סוזוקי,ויטרה,GLXV,2015,5,5,כפולה (4X4),אוטומטית - טיפטרוניק,6.0,בנזין,4,1586,119,6000,15.9,4400,13.0,180,14.9,19.6,17.5,,,,,,ABS + EBD + BAS,7,יש,יש,417.5,177.5,161.0,250.0,375,710.0,1185,,,400.0,1200.0,215/55R17,47,4X4,1,5,1,ויטרה
187,סוזוקי,ג'ימני,GLX,2022,3,4,כפולה (4X4),ידנית,5.0,בנזין,4,1462,100,6000,13.0,4000,14.1,140,,,12.6,,,,,,ABS + EBD,6,יש,יש,365.0,164.5,172.5,225.0,85,377.0,1090,,,350.0,1300.0,195/80R15,40,4X4,0,4,1,ג'ימני
188,סוזוקי,ג'ימני,GLX,2022,3,4,כפולה (4X4),אוטומטית,4.0,בנזין,4,1462,100,6000,13.0,4000,17.2,145,,,11.3,,,,,,ABS + EBD,6,יש,יש,365.0,164.5,172.5,225.0,85,377.0,1110,,,350.0,1300.0,195/80R15,40,4X4,1,4,1,ג'ימני
189,סוזוקי,ג'ימני,GLX,2021,3,4,כפולה (4X4),ידנית,5.0,בנזין,4,1462,100,6000,13.0,4000,14.1,140,,,12.6,,,,,,ABS + EBD,6,יש,יש,365.0,164.5,172.5,225.0,85,377.0,1090,,,350.0,1300.0,195/80R15,40,4X4,0,4,1,ג'ימני
190,סוזוקי,ג'ימני,GLX,2021,3,4,כפולה (4X4),אוטומטית,4.0,בנזין,4,1462,100,6000,13.0,4000,17.2,145,,,11.3,,,,,,ABS + EBD,6,יש,יש,365.0,164.5,172.5,225.0,85,377.0,1110,,,350.0,1300.0,195/80R15,40,4X4,1,4,1,ג'ימני
191,סוזוקי,ג'ימני,GLX,2020,3,4,כפולה (4X4),ידנית,5.0,בנזין,4,1462,100,6000,13.0,4000,14.1,140,12.9,16.1,14.7,,,,,,ABS + EBD,6,יש,יש,365.0,164.5,172.5,225.0,85,377.0,1090,,,350.0,1300.0,195/80R15,40,4X4,0,4,1,ג'ימני
192,סוזוקי,ג'ימני,GLX,2020,3,4,כפולה (4X4),אוטומטית,4.0,בנזין,4,1462,100,6000,13.0,4000,17.2,145,11.9,14.4,13.3,,,,,,ABS + EBD,6,יש,יש,365.0,164.5,172.5,225.0,85,377.0,1110,,,350.0,1300.0,195/80R15,40,4X4,1,4,1,ג'ימני
193,סוזוקי,ג'ימני,GLX,2019,3,4,כפולה (4X4),ידנית,5.0,בנזין,4,1462,100,6000,13.0,4000,14.1,140,12.9,16.1,14.7,,,,,,ABS + EBD,6,יש,יש,365.0,164.5,172.5,225.0,85,377.0,1090,,,350.0,1300.0,195/80R15,40,4X4,0,4,1,ג'ימני
194,סוזוקי,ג'ימני,GLX,2019,3,4,כפולה (4X4),אוטומטית,4.0,בנזין,4,1462,100,6000,13.0,4000,17.2,145,11.9,14.4,13.3,,,,,,ABS + EBD,6,יש,יש,365.0,164.5,172.5,225.0,85,377.0,1110,,,350.0,1300.0,195/80R15,40,4X4,1,4,1,ג'ימני
195,סוזוקי,ג'ימני,GLX,2018,3,4,כפולה (4X4),אוטומטית,4.0,בנזין,4,1328,85,6000,11.2,4100,17.2,135,11.1,15.8,13.6,,,,,,ABS + EBD,2,יש,אין,369.5,160.0,170.5,225.0,113,324.0,1105,,,350.0,1300.0,205/70R15,40,4X4,1,4,1,ג'ימני
196,סוזוקי,ג'ימני,GLS,2017,3,4,כפולה (4X4),ידנית,5.0,בנזין,4,1328,85,6000,11.2,4100,14.1,140,11.2,16.6,14.0,,,,,,ABS + EBD,2,יש,אין,369.5,160.0,170.5,225.0,113,324.0,1090,,,350.0,1300.0,205/70R15,40,4X4,0,4,1,ג'ימני
197,סוזוקי,ג'ימני,GLX,2017,3,4,כפולה (4X4),אוטומטית,4.0,בנזין,4,1328,85,6000,11.2,4100,17.2,135,11.1,15.8,13.6,,,,,,ABS + EBD,2,יש,אין,369.5,160.0,170.5,225.0,113,324.0,1105,,,350.0,1300.0,205/70R15,40,4X4,1,4,1,ג'ימני
198,סוזוקי,ג'ימני,GLS,2016,3,4,כפולה (4X4),ידנית,5.0,בנזין,4,1328,85,6000,11.2,4100,14.1,140,11.2,16.6,14.0,,,,,,ABS + EBD,2,יש,אין,369.5,160.0,170.5,225.0,113,324.0,1090,,,350.0,1300.0,205/70R15,40,4X4,0,4,1,ג'ימני
199,סוזוקי,ג'ימני,GLX,2016,3,4,כפולה (4X4),אוטומטית,4.0,בנזין,4,1328,85,6000,11.2,4100,17.2,135,11.1,15.8,13.6,,,,,,ABS + EBD,2,יש,אין,369.5,160.0,170.5,225.0,113,324.0,1105,,,350.0,1300.0,205/70R15,40,4X4,1,4,1,ג'ימני
200,סוזוקי,ג'ימני,GLS,2015,3,4,כפולה (4X4),ידנית,5.0,בנזין,4,1328,85,6000,11.2,4100,14.1,140,11.2,16.6,14.0,,,,,,ABS + EBD,2,יש,אין,369.5,160.0,170.5,225.0,113,324.0,1090,,,350.0,1300.0,205/70R15,40,4X4,0,4,1,ג'ימני
201,סוזוקי,ג'ימני,CITY,2015,3,4,כפולה (4X4),אוטומטית,4.0,בנזין,4,1328,85,6000,11.2,4100,17.2,135,11.1,15.8,13.6,,,,,,ABS + EBD,2,יש,אין,369.5,160.0,170.5,225.0,113,324.0,1105,,,350.0,1300.0,205/70R15,40,4X4,1,4,1,ג'ימני
202,סוזוקי,ג'ימני,SAFARI,2015,3,4,כפולה (4X4),אוטומטית,4.0,בנזין,4,1328,85,6000,11.2,4100,17.2,135,11.1,15.8,13.6,,,,,,ABS + EBD,2,יש,אין,369.5,160.0,170.5,225.0,113,324.0,1105,,,350.0,1300.0,205/70R15,40,4X4,1,4,1,ג'ימני
203,סוזוקי,ג'ימני,GLX,2015,3,4,כפולה (4X4),אוטומטית,4.0,בנזין,4,1328,85,6000,11.2,4100,17.2,135,11.1,15.8,13.6,,,,,,ABS + EBD,2,יש,אין,369.5,160.0,170.5,225.0,113,324.0,1105,,,350.0,1300.0,205/70R15,40,4X4,1,4,1,ג'ימני
204,סוזוקי,ג'ימני,JLX,2011,2,2+2,כפולה (4X4),אוטומטית,4.0,בנזין,4,1328,85,6000,11.2,4100,17.2,135,10.0,15.0,12.8,,,,,,ABS + EBD,2,אין,אין,364.5,160.0,170.5,225.0,113,324.0,1075,,,350.0,750.0,205/70R15,40,4X4,1,4,1,ג'ימני
205,סוזוקי,ג'ימני,JLX,2011,3,2+2,כפולה (4X4),ידנית,5.0,בנזין,4,1328,85,6000,11.2,4100,14.1,140,10.7,16.0,13.7,,,,,,ABS + EBD,2,אין,אין,364.5,160.0,170.5,225.0,113,324.0,1060,,,350.0,750.0,205/70R15,40,4X4,0,4,1,ג'ימני
206,סוזוקי,ג'ימני,JLX-J,2011,2,2+2,כפולה (4X4),אוטומטית,4.0,בנזין,4,1328,85,6000,11.2,4100,17.2,135,10.0,15.0,12.8,,,,,,ABS + EBD,2,אין,אין,364.5,160.0,170.5,225.0,113,324.0,1075,,,350.0,750.0,205/70R15,40,4X4,1,4,1,ג'ימני
207,סוזוקי,ג'ימני,JLX,2010,2,2+2,כפולה (4X4),אוטומטית,4.0,בנזין,4,1328,85,6000,11.2,4100,17.2,135,10.0,15.0,12.8,,,,,,ABS + EBD,2,אין,אין,364.5,160.0,170.5,225.0,113,324.0,1075,,,350.0,750.0,205/70R15,40,4X4,1,4,1,ג'ימני
208,סוזוקי,ג'ימני,JLX,2010,3,2+2,כפולה (4X4),ידנית,5.0,בנזין,4,1328,85,6000,11.2,4100,14.1,140,10.7,16.0,13.7,,,,,,ABS + EBD,2,אין,אין,364.5,160.0,170.5,225.0,113,324.0,1060,,,350.0,750.0,205/70R15,40,4X4,0,4,1,ג'ימני
209,סוזוקי,ג'ימני,JLX-J,2010,2,2+2,כפולה (4X4),אוטומטית,4.0,בנזין,4,1328,85,6000,11.2,4100,17.2,135,10.0,15.0,12.8,,,,,,ABS + EBD,2,אין,אין,364.5,160.0,170.5,225.0,113,324.0,1075,,,350.0,750.0,205/70R15,40,4X4,1,4,1,ג'ימני
210,סוזוקי,ג'ימני,JLX,2009,2,2+2,כפולה (4X4),אוטומטית,4.0,בנזין,4,1328,85,6000,11.2,4100,17.2,135,,,12.8,,,,,,ABS + EBD,2,אין,אין,364.5,160.0,170.5,225.0,113,324.0,1075,,,350.0,750.0,205/70R15,40,4X4,1,4,1,ג'ימני
211,סוזוקי,ג'ימני,JLX-L,2009,2,2+2,כפולה (4X4),אוטומטית,4.0,בנזין,4,1328,85,6000,11.2,4100,17.2,135,,,12.8,,,,,,ABS + EBD,2,אין,אין,364.5,160.0,170.5,225.0,113,324.0,1075,,,350.0,750.0,205/70R15,40,4X4,1,4,1,ג'ימני
212,סוזוקי,ג'ימני,JLX,2009,3,2+2,כפולה (4X4),ידנית,5.0,בנזין,4,1328,85,6000,11.2,4100,14.1,140,,,13.7,,,,,,ABS + EBD,2,אין,אין,364.5,160.0,170.5,225.0,113,324.0,1060,,,350.0,750.0,205/70R15,40,4X4,0,4,1,ג'ימני
213,סוזוקי,ג'ימני,JLX,2008,3,2+2,כפולה (4X4),ידנית,5.0,בנזין,4,1328,85,6000,11.2,4100,14.1,140,,,13.7,,,,,,ABS + EBD,2,אין,אין,364.5,160.0,170.5,225.0,113,324.0,1060,,,350.0,750.0,205/70R15,40,4X4,0,4,1,ג'ימני
214,סוזוקי,ג'ימני,JLX-L,2008,2,2+2,כפולה (4X4),אוטומטית,4.0,בנזין,4,1328,85,6000,11.2,4100,17.2,135,,,12.8,,,,,,ABS + EBD,2,אין,אין,364.5,160.0,170.5,225.0,113,324.0,1075,,,350.0,750.0,205/70R15,40,4X4,1,4,1,ג'ימני
215,סוזוקי,ג'ימני,JLX,2008,2,2+2,כפולה (4X4),אוטומטית,4.0,בנזין,4,1328,85,6000,11.2,4100,17.2,135,,,12.8,,,,,,ABS + EBD,2,אין,אין,364.5,160.0,170.5,225.0,113,324.0,1075,,,350.0,750.0,205/70R15,40,4X4,1,4,1,ג'ימני
216,סוזוקי,ג'ימני,JLX,2007,3,2+2,כפולה (4X4),ידנית,5.0,בנזין,4,1328,85,6000,11.2,4100,14.1,140,,,13.7,,,,,,ABS + EBD,2,אין,אין,364.5,160.0,170.5,225.0,113,324.0,1060,,,350.0,750.0,205/70R15,40,4X4,0,4,1,ג'ימני
217,סוזוקי,ג'ימני,JLX-L,2007,2,2+2,כפולה (4X4),אוטומטית,4.0,בנזין,4,1328,85,6000,11.2,4100,17.2,135,,,12.8,,,,,,ABS + EBD,2,אין,אין,364.5,160.0,170.5,225.0,113,324.0,1075,,,350.0,750.0,205/70R15,40,4X4,1,4,1,ג'ימני
218,סוזוקי,ג'ימני,JLX,2007,2,2+2,כפולה (4X4),אוטומטית,4.0,בנזין,4,1328,85,6000,11.2,4100,17.2,135,,,12.8,,,,,,ABS + EBD,2,אין,אין,364.5,160.0,170.5,225.0,113,324.0,1075,,,350.0,750.0,205/70R15,40,4X4,1,4,1,ג'ימני
219,סוזוקי,ג'ימני,JLX,2006,3,2+2,כפולה (4X4),ידנית,5.0,בנזין,4,1328,85,6000,11.2,4100,14.1,140,,,13.7,,,,,,ABS + EBD,2,אין,אין,364.5,160.0,170.5,225.0,113,324.0,1060,,,,,205/70R15,40,4X4,0,4,1,ג'ימני
220,סוזוקי,ג'ימני,JLX-L,2006,2,2+2,כפולה (4X4),אוטומטית,4.0,בנזין,4,1328,85,6000,11.2,4100,17.2,135,,,12.8,,,,,,ABS + EBD,2,אין,אין,364.5,160.0,170.5,225.0,113,324.0,1075,,,,,205/70R15,40,4X4,1,4,1,ג'ימני
221,סוזוקי,ג'ימני,JLX,2006,2,2+2,כפולה (4X4),אוטומטית,4.0,בנזין,4,1328,85,6000,11.2,4100,17.2,135,,,12.8,,,,,,ABS + EBD,2,אין,אין,364.5,160.0,170.5,225.0,113,324.0,1075,,,,,205/70R15,40,4X4,1,4,1,ג'ימני
222,סוזוקי,ג'ימני,JLX,2005,3,2+2,כפולה (4X4),ידנית,5.0,בנזין,4,1328,85,6000,11.2,4100,14.1,140,,,13.7,,,,,,ABS + EBD,2,אין,אין,364.5,160.0,170.5,225.0,113,324.0,1060,,,,,205/70R15,40,4X4,0,4,1,ג'ימני
223,סוזוקי,ג'ימני,JLX-L,2005,2,2+2,כפולה (4X4),אוטומטית,4.0,בנזין,4,1328,85,6000,11.2,4100,17.2,135,,,12.8,,,,,,ABS + EBD,2,אין,אין,364.5,160.0,170.5,225.0,113,324.0,1075,,,,,205/70R15,40,4X4,1,4,1,ג'ימני
224,סוזוקי,ג'ימני,JLX,2005,2,2+2,כפולה (4X4),אוטומטית,4.0,בנזין,4,1328,85,6000,11.2,4100,17.2,135,,,12.8,,,,,,ABS + EBD,2,אין,אין,364.5,160.0,170.5,225.0,113,324.0,1075,,,,,205/70R15,40,4X4,1,4,1,ג'ימני
225,סוזוקי,ג'ימני,,2004,2,2+2,כפולה (4X4),אוטומטית,4.0,בנזין,4,1328,85,6000,11.2,4100,17.2,135,,,12.8,,,,,,ABS + EBD,2,אין,אין,364.5,160.0,170.5,225.0,113,324.0,1075,,,,,205/70R15,40,4X4,1,4,1,ג'ימני
226,סוזוקי,ג'ימני,,2004,3,2+2,כפולה (4X4),ידנית,5.0,בנזין,4,1328,85,6000,11.2,4100,14.1,140,,,13.7,,,,,,ABS + EBD,2,אין,אין,364.5,160.0,170.5,225.0,113,324.0,1060,,,,,205/70R15,40,4X4,0,4,1,ג'ימני
227,סוזוקי,ג'ימני,,2003,2,2+2,כפולה (4X4),אוטומטית,4.0,בנזין,4,1328,85,6000,11.2,4100,17.2,135,,,12.8,,,,,,ABS + EBD,2,אין,אין,364.5,160.0,170.5,225.0,113,324.0,1075,,,,,205/70R15,40,4X4,1,4,1,ג'ימני
228,סוזוקי,ג'ימני,,2003,3,2+2,כפולה (4X4),ידנית,5.0,בנזין,4,1328,85,6000,11.2,4100,14.1,140,,,13.7,,,,,,ABS + EBD,2,אין,אין,364.5,160.0,170.5,225.0,113,324.0,1060,,,,,205/70R15,40,4X4,0,4,1,ג'ימני
229,סוזוקי,ג'ימני,,2002,2,2+2,כפולה (4X4),אוטומטית,4.0,בנזין,4,1328,85,6000,11.2,4100,17.2,135,,,12.8,,,,,,ABS + EBD,2,אין,אין,364.5,160.0,170.5,225.0,113,324.0,1075,,,,,205/70R15,40,4X4,1,4,1,ג'ימני
230,סוזוקי,ג'ימני,,2002,3,2+2,כפולה (4X4),ידנית,5.0,בנזין,4,1328,85,6000,11.2,4100,14.1,140,,,13.7,,,,,,ABS + EBD,2,אין,אין,364.5,160.0,170.5,225.0,113,324.0,1060,,,,,205/70R15,40,4X4,0,4,1,ג'ימני
231,סוזוקי,ג'ימני,,2001,2,2+2,כפולה (4X4),אוטומטית,4.0,בנזין,4,1328,85,6000,11.2,4100,17.2,135,,,12.8,,,,,,ABS + EBD,2,אין,אין,364.5,160.0,170.5,225.0,113,324.0,1075,,,,,205/70R15,40,4X4,1,4,1,ג'ימני
232,סוזוקי,ג'ימני,,2001,3,2+2,כפולה (4X4),ידנית,5.0,בנזין,4,1328,85,6000,11.2,4100,14.1,140,,,13.7,,,,,,ABS + EBD,2,אין,אין,364.5,160.0,170.5,225.0,113,324.0,1060,,,,,205/70R15,40,4X4,0,4,1,ג'ימני
233,סוזוקי,ג'ימני,,2000,2,2+2,כפולה (4X4),אוטומטית,4.0,בנזין,4,1328,85,6000,11.2,4100,17.2,135,,,12.8,,,,,,ABS + EBD,2,אין,אין,364.5,160.0,170.5,225.0,113,324.0,1075,,,,,205/70R15,40,4X4,1,4,1,ג'ימני
234,סוזוקי,ג'ימני,,2000,3,2+2,כפולה (4X4),ידנית,5.0,בנזין,4,1328,85,6000,11.2,4100,14.1,140,,,13.7,,,,,,ABS + EBD,2,אין,אין,364.5,160.0,170.5,225.0,113,324.0,1060,,,,,205/70R15,40,4X4,0,4,1,ג'ימני
235,סוזוקי,ג'ימני,,1999,2,2+2,כפולה (4X4),אוטומטית,4.0,בנזין,4,1328,85,6000,11.2,4100,17.2,135,,,12.8,,,,,,ABS + EBD,2,אין,אין,364.5,160.0,170.5,225.0,113,324.0,1075,,,,,205/70R15,40,4X4,1,4,1,ג'ימני
236,סוזוקי,ג'ימני,,1999,3,2+2,כפולה (4X4),ידנית,5.0,בנזין,4,1328,85,6000,11.2,4100,14.1,140,,,13.7,,,,,,ABS + EBD,2,אין,אין,364.5,160.0,170.5,225.0,113,324.0,1060,,,,,205/70R15,40,4X4,0,4,1,ג'ימני
237,סוזוקי,גרנד ויטרה קצר,JLX-E,2014,3,4,כפולה (4X4),אוטומטית,4.0,בנזין,4,2393,166,6000,22.9,3800,11.5,170,8.7,12.6,10.8,,,,,,ABS + EBD + BAS,6,יש,אין,406.0,181.0,169.5,244.0,184,516.0,1531,1890.0,,550.0,750.0,225/70R16 ,55,4X4,1,4,1,גרנד ויטרה
238,סוזוקי,גרנד ויטרה קצר,JLX-E,2013,3,4,כפולה (4X4),אוטומטית,4.0,בנזין,4,2393,166,6000,22.9,3800,11.5,170,8.4,12.5,10.6,,,,,,ABS + EBD,6,יש,אין,406.0,181.0,169.5,244.0,184,516.0,1531,,,550.0,750.0,225/70R16 ,55,4X4,1,4,1,גרנד ויטרה
239,סוזוקי,גרנד ויטרה קצר,JLX-E,2012,3,4,כפולה (4X4),אוטומטית,4.0,בנזין,4,2393,166,6000,22.9,3800,11.5,170,8.4,12.5,10.6,,,,,,ABS + EBD,6,יש,אין,406.0,181.0,169.5,244.0,184,516.0,1531,,,550.0,750.0,225/70R16 ,55,4X4,1,4,1,גרנד ויטרה
240,סוזוקי,גרנד ויטרה קצר,JLX-E,2011,3,4,כפולה (4X4),אוטומטית,4.0,בנזין,4,2393,166,6000,22.9,3800,11.5,170,8.4,12.5,10.6,,,,,,ABS + EBD,6,יש,אין,406.0,181.0,169.5,244.0,184,516.0,1539,,,750.0,750.0,225/70R16 ,55,4X4,1,4,1,גרנד ויטרה
241,סוזוקי,גרנד ויטרה קצר,JLX-E,2010,3,4,כפולה (4X4),אוטומטית,4.0,בנזין,4,2393,166,6000,22.9,3800,11.5,170,8.4,12.5,10.6,,,,,,ABS + EBD,6,יש,אין,406.0,181.0,169.5,244.0,184,516.0,1539,,,750.0,750.0,225/70R16 ,55,4X4,1,4,1,גרנד ויטרה
242,סוזוקי,גרנד ויטרה קצר,JLX-E,2009,3,4,כפולה (4X4),אוטומטית,4.0,בנזין,4,2393,166,6000,22.9,3800,11.5,170,8.4,12.5,10.6,,,,,,ABS + EBD,6,יש,אין,406.0,181.0,169.5,244.0,184,516.0,1539,,,750.0,750.0,225/70R16 ,55,4X4,1,4,1,גרנד ויטרה
243,סוזוקי,גרנד ויטרה,JLX-E,2014,5,5,כפולה (4X4),אוטומטית,4.0,בנזין,4,2393,168,6000,23.1,3800,12.0,175,8.2,12.3,10.4,,,,,,ABS + EBD + BAS,6,יש,אין,450.0,181.0,169.5,264.0,398,758.0,1658,2100.0,,750.0,750.0,225/65R17,66,4X4,1,5,1,גרנד ויטרה
244,סוזוקי,גרנד ויטרה,JLX-E,2013,5,5,כפולה (4X4),אוטומטית,4.0,בנזין,4,2393,168,6000,23.1,3800,12.0,175,8.2,12.3,10.4,,,,,,ABS + EBD,6,יש,אין,450.0,181.0,169.5,264.0,398,758.0,1651,,,750.0,750.0,225/65R17,66,4X4,1,5,1,גרנד ויטרה
245,סוזוקי,גרנד ויטרה,JLX-ELS,2012,5,5,כפולה (4X4),אוטומטית,4.0,בנזין,4,2393,168,6000,23.1,3800,12.0,175,8.0,12.3,10.3,,,,,,ABS + EBD,6,יש,אין,450.0,181.0,169.5,264.0,398,758.0,1651,,,750.0,750.0,225/65R17,66,4X4,1,5,1,גרנד ויטרה
246,סוזוקי,גרנד ויטרה,JLX-E,2012,5,5,כפולה (4X4),אוטומטית,4.0,בנזין,4,2393,168,6000,23.1,3800,12.0,175,8.0,12.3,10.3,,,,,,ABS + EBD,6,יש,אין,450.0,181.0,169.5,264.0,398,758.0,1651,,,750.0,750.0,225/65R17,66,4X4,1,5,1,גרנד ויטרה
247,סוזוקי,גרנד ויטרה,JLX-ELS,2011,5,5,כפולה (4X4),אוטומטית,4.0,בנזין,4,2393,168,6000,23.1,3800,12.0,175,8.0,12.3,10.3,,,,,,ABS + EBD,6,יש,אין,450.0,181.0,169.5,264.0,398,758.0,1651,,,750.0,750.0,225/65R17,66,4X4,1,5,1,גרנד ויטרה
248,סוזוקי,גרנד ויטרה,JLX-E,2011,5,5,כפולה (4X4),אוטומטית,4.0,בנזין,4,2393,168,6000,23.1,3800,12.0,175,8.0,12.3,10.3,,,,,,ABS + EBD,6,יש,אין,450.0,181.0,169.5,264.0,398,758.0,1651,,,750.0,750.0,225/65R17,66,4X4,1,5,1,גרנד ויטרה
249,סוזוקי,גרנד ויטרה,JLX-EL,2010,5,5,כפולה (4X4),אוטומטית,4.0,בנזין,4,2393,168,6000,23.1,3800,12.0,175,8.0,12.3,10.3,,,,,,ABS + EBD,6,יש,אין,450.0,181.0,169.5,264.0,398,758.0,1651,,,750.0,750.0,225/65R17,66,4X4,1,5,1,גרנד ויטרה
250,סוזוקי,גרנד ויטרה,JLX-EL,2009,5,5,כפולה (4X4),אוטומטית,4.0,בנזין,4,2393,168,6000,23.1,3800,12.0,175,8.0,12.3,10.3,,,,,,ABS + EBD,6,יש,אין,450.0,181.0,169.5,264.0,398,758.0,1651,,,750.0,750.0,225/65R17,66,4X4,1,5,1,גרנד ויטרה
251,סוזוקי,גרנד ויטרה,JLX-EL,2008,5,5,כפולה (4X4),אוטומטית,4.0,בנזין,4,2393,168,6000,23.1,3800,12.0,175,8.0,12.3,10.3,,,,,,ABS + EBD,6,יש,אין,450.0,181.0,169.5,264.0,398,758.0,1651,,,750.0,750.0,225/65R17,66,4X4,1,5,1,גרנד ויטרה
252,סוזוקי,גרנד ויטרה,JLX-EL,2007,5,5,כפולה (4X4),אוטומטית,4.0,בנזין,4,2393,168,6000,23.1,3800,12.0,175,8.0,12.3,10.3,,,,,,ABS + EBD,6,יש,אין,450.0,181.0,169.5,264.0,398,758.0,1651,,,750.0,750.0,225/65R17,66,4X4,1,5,1,גרנד ויטרה
