,Make,Model,Year,Rating,Adult_Occupant,Child_Occupant,Vulnerable_Road_Users,Safety_Assist ,video_url
0,Opel,CORSA,2014,4,79%,77%,71%,56%,https://www.youtube.com/embed/kXeyJklwAY4
1,BMW,COOPER?,2014,4,79%,73%,66%,56%,https://www.youtube.com/embed/nYw8Ddz1_nc
2,Lexus,NX,2014,5,82%,82%,69%,71%,https://www.youtube.com/embed/qs8LqCYXpO8
3,Land-Rover,DISCOVERY SPORT,2014,5,93%,83%,69%,82%,https://www.youtube.com/embed/LKuLM1sldMY
4,Kia,SORENTO,2014,5,90%,83%,67%,71%,https://www.youtube.com/embed/bu7D2Vzg3ic
5,Jeep,RENEGADE,2014,5,87%,85%,65%,74%,https://www.youtube.com/embed/mkUYyn2Lde0
6,Ford,MONDEO,2014,5,86%,82%,66%,66%,https://www.youtube.com/embed/q0bP5GoMMwU
7,Dacia,LOGAN,2014,3,57%,75%,55%,38%,https://www.youtube.com/embed/d_p9tFPDyrk
8,Audi,A3,2014,5,82%,78%,66%,68%,https://www.youtube.com/embed/4qRk-yLOotw
9,Renault,TRAFIC,2015,3,52%,91%,53%,57%,https://www.youtube.com/embed/175DwsXW4cc
10,Opel,VIVARO,2015,3,52%,91%,53%,57%,https://www.youtube.com/embed/175DwsXW4cc
11,Audi,TT,2015,4,81%,68%,82%,64%,https://www.youtube.com/embed/_qm3t2NarWg
12,Suzuki,VITARA,2015,5,89%,85%,76%,75%,https://www.youtube.com/embed/WW9BwW5U4n4
13,Renault,ESPACE,2015,5,82%,89%,70%,80%,https://www.youtube.com/embed/5V25aABfHkY
14,Mazda,2,2015,4,86%,78%,84%,64%,https://www.youtube.com/embed/uE0MKOa0VTU
15,Fiat,500X,2015,4,86%,85%,74%,64%,https://www.youtube.com/embed/Wf3ni-qIzxY
16,Skoda,SUPERB,2015,5,86%,86%,71%,76%,https://www.youtube.com/embed/5iM_zsw278Y
17,Hyundai,I20,2015,4,85%,73%,79%,64%,https://www.youtube.com/embed/MBUPwFdKOQ0
18,Fiat,PANDA-CROSS?,2015,3,70%,77%,50%,46%,https://www.youtube.com/embed/ynlKeHgLawg
19,Volkswagen,TOURAN,2015,5,88%,89%,71%,76%,https://www.youtube.com/embed/YVQtsk7j0K4
20,Volvo,XC90,2015,5,97%,87%,72%,94%,https://www.youtube.com/embed/TEyL3N0aIdk
21,Toyota,AVENSIS,2015,5,93%,85%,78%,81%,https://www.youtube.com/embed/tVeNGsxpLMc
22,Renault,KADJAR,2015,5,89%,81%,74%,71%,https://www.youtube.com/embed/xUWP_Wd_xqo
23,Mitsubishi,L200,2015,4,81%,84%,76%,64%,https://www.youtube.com/embed/j-eF4n2oyQ4
24,Mazda,CX-3,2015,4,85%,79%,84%,64%,https://www.youtube.com/embed/mRyR6xghDYw
25,Ford,S-MAX,2015,5,87%,87%,79%,71%,https://www.youtube.com/embed/8_mA9ZdGW1s
26,Ford,GALAXY,2015,5,87%,87%,79%,71%,https://www.youtube.com/embed/8_mA9ZdGW1s
27,Audi,Q7,2015,5,94%,88%,70%,76%,https://www.youtube.com/embed/tmKF0fA_r1s
28,Opel,KARL?,2015,4,74%,72%,68%,64%,https://www.youtube.com/embed/GfciJHSYYQo
29,Mazda,MX-5,2015,4,84%,80%,93%,64%,https://www.youtube.com/embed/UIjhKoISJyM
30,Hyundai,TUCSON,2015,5,86%,85%,71%,71%,https://www.youtube.com/embed/jHuckiKSWBU
31,Volkswagen,CADDY,2015,4,84%,78%,58%,68%,https://www.youtube.com/embed/XcBp9xpyL5o
32,Honda,JAZZ,2015,5,93%,85%,73%,71%,https://www.youtube.com/embed/PHptsZglju8
33,Honda,HR-V,2015,5,86%,79%,72%,71%,https://www.youtube.com/embed/BF7p49iasuQ
34,Renault,TALISMAN?,2015,5,86%,84%,68%,76%,https://www.youtube.com/embed/f-KjiaKoTMM
35,Renault,MEGANE,2015,5,88%,87%,71%,71%,https://www.youtube.com/embed/bKf7XOBP6y4
36,Opel,ASTRA,2015,5,86%,84%,83%,75%,https://www.youtube.com/embed/p_lh1kJSPx4
37,Nissan,NAVARA,2015,4,79%,78%,78%,68%,https://www.youtube.com/embed/zzhmwtUO-zk
38,BMW,CLUBMAN?,2015,4,90%,68%,68%,67%,https://www.youtube.com/embed/Uaavu8TG2s4
39,Mercedes,GLC,2015,5,95%,89%,82%,71%,https://www.youtube.com/embed/fIds6G7m-iw
40,Lexus,RX,2015,5,91%,82%,79%,77%,https://www.youtube.com/embed/hLyCPC472II
41,Lancia,YPSILON,2015,2,44%,79%,64%,38%,https://www.youtube.com/embed/CKz7KU3A-3Q
42,Kia,SPORTAGE,2015,5,90%,83%,66%,71%,https://www.youtube.com/embed/dinp6dhJa5I
43,Kia,OPTIMA,2015,5,89%,86%,67%,71%,https://www.youtube.com/embed/YDIqEmeiKJo
44,Jaguar,XF,2015,5,92%,84%,80%,83%,https://www.youtube.com/embed/9Yk-UJpG7lQ
45,Jaguar,XE,2015,5,92%,82%,81%,82%,https://www.youtube.com/embed/C-Yj16qQR7Y
46,Nissan,Q30?,2015,5,84%,86%,91%,81%,https://www.youtube.com/embed/nGs-Vbf1Vhc
47,BMW,Z4,2015,3,69%,61%,91%,46%,https://www.youtube.com/embed/t3z4lzsLe0c
48,BMW,X1,2015,5,90%,87%,74%,77%,https://www.youtube.com/embed/lQZkcHi_FyU
49,BMW,X2,2015,5,90%,87%,74%,77%,https://www.youtube.com/embed/lQZkcHi_FyU
50,Toyota,PROACE,2015,5,87%,91%,64%,78%,https://www.youtube.com/embed/6lfV8O3Qsg4
51,Peugeot,TRAVELLER?,2015,5,87%,91%,64%,78%,https://www.youtube.com/embed/6lfV8O3Qsg4
52,Citroen,SPACETOURER,2015,5,87%,91%,64%,78%,https://www.youtube.com/embed/6lfV8O3Qsg4
53,Audi,A4,2015,5,89%,87%,75%,75%,https://www.youtube.com/embed/e8wxUZjS-Kk
54,Audi,A5,2015,5,89%,87%,75%,75%,https://www.youtube.com/embed/e8wxUZjS-Kk
55,Alfa-Romeo,GIULIA,2016,5,98%,81%,69%,60%,https://www.youtube.com/embed/7YkddjbcQew
56,Mercedes,E_CLASS,2016,5,95%,90%,77%,62%,https://www.youtube.com/embed/oEcplOsn0KU
57,Mercedes,CLS-CLASS?,2016,5,95%,90%,77%,62%,https://www.youtube.com/embed/oEcplOsn0KU
58,Toyota,C-HR,2017,5,95%,77%,76%,78%,https://www.youtube.com/embed/ICiXkXA-Mw8
59,Land-Rover,DISCOVERY,2017,5,90%,80%,75%,73%,https://www.youtube.com/embed/SByJ1pJB3GA
60,Ford,KA+?,2017,3,73%,61%,57%,29%,https://www.youtube.com/embed/HExp6oVWXn4
61,BMW,5 SERIES,2017,5,91%,85%,81%,59%,https://www.youtube.com/embed/f5HXYUKzFY0
62,Opel,INSIGNIA,2017,5,93%,85%,78%,69%,https://www.youtube.com/embed/uWghFMcGjvo
63,Alfa-Romeo,STELVIO,2017,5,97%,84%,71%,60%,https://www.youtube.com/embed/fj0IQfMPhew
64,Opel,GRANDLAND X,2017,5,84%,87%,63%,60%,https://www.youtube.com/embed/izMUasiB7hA
65,Opel,AMPERA-E,2017,4,82%,73%,75%,72%,https://www.youtube.com/embed/ulbeSJSDQhs
66,Mercedes,C-CLASS CABRIOLET,2017,5,89%,79%,66%,53%,https://www.youtube.com/embed/oUM2YwJQvUs
67,Mazda,CX-5,2017,5,95%,80%,78%,59%,https://www.youtube.com/embed/yqg8c7ao7uE
68,Land-Rover,RANGE-ROVER-VELAR?,2017,5,93%,85%,74%,72%,https://www.youtube.com/embed/Vz1x-GFI4ng
69,Volkswagen,T-ROC?,2017,5,96%,87%,79%,71%,https://www.youtube.com/embed/amhH_XWPVJw
70,Opel,CROSSLAND X,2017,5,85%,84%,62%,57%,https://www.youtube.com/embed/qCfDT3Qtrzk
71,Mitsubishi,ECLIPSE CROSS,2017,5,97%,78%,80%,71%,https://www.youtube.com/embed/V7n_0BAH4Qs
72,Citroen,C3 AIRCROSS,2017,5,85%,82%,64%,60%,https://www.youtube.com/embed/8317m7gPlGs
73,Mercedes,X-CLASS,2017,5,90%,87%,80%,77%,https://www.youtube.com/embed/akbJNwPSKY4
74,Jaguar,E-PACE,2017,5,86%,87%,77%,72%,https://www.youtube.com/embed/v0kelR06LPU
75,DS,7-CROSSBACK?,2017,5,91%,87%,73%,76%,https://www.youtube.com/embed/ZIewvVZ4Ma0
76,Citroen,E-MEHARI,2017,3,74%,78%,48%,25%,https://www.youtube.com/embed/MPDkCqokAHY
77,BMW,X3,2017,5,93%,84%,70%,58%,https://www.youtube.com/embed/2CF5x0Ix51c
78,BMW,X4,2017,5,93%,84%,70%,58%,https://www.youtube.com/embed/2CF5x0Ix51c
79,Opel,KARL?,2017,3,61%,60%,58%,25%,https://www.youtube.com/embed/Z0es0scUPME
80,Jaguar,F-PACE,2017,5,93%,85%,80%,72%,https://www.youtube.com/embed/SD15DP3RLW4
81,Ford,GRAND-C-MAX?,2017,3,76%,60%,59%,29%,https://www.youtube.com/embed/1wi_yXVP76U
82,Ford,C-MAX?,2017,3,76%,60%,59%,29%,https://www.youtube.com/embed/1wi_yXVP76U
83,BMW,6 SERIES,2017,5,86%,85%,81%,59%,https://www.youtube.com/embed/6RQoj3aI0EQ
84,Alfa-Romeo,GIULIETTA,2017,3,72%,56%,59%,25%,https://www.youtube.com/embed/9OA5O3uJGF4
85,Ford,TOURNEO CONNECT,2018,4,92%,79%,65%,75%,https://www.youtube.com/embed/5p7qVSg_6-E
86,Opel,COMBO,2018,4,91%,81%,58%,68%,https://www.youtube.com/embed/esfiTax8mAk
87,Mercedes,A-CLASS,2018,5,96%,91%,92%,75%,https://www.youtube.com/embed/aT9KJ03-jDA
88,Jaguar,I-PACE?,2018,5,91%,81%,73%,81%,https://www.youtube.com/embed/1cxn3TfziE0
89,Hyundai,SANTA FE,2018,5,94%,88%,67%,76%,https://www.youtube.com/embed/u3KBRi2kYyY
90,Toyota,PROACE CITY,2018,4,91%,81%,58%,68%,https://www.youtube.com/embed/y40OEYoPBZ8
91,Mercedes,G-CLASS,2019,5,90%,83%,78%,72%,https://www.youtube.com/embed/oKYyRWFuhas
92,Honda,CR-V,2019,5,93%,83%,70%,76%,https://www.youtube.com/embed/GIaZ39UY9II
93,Land-Rover,ROVER EVOQUE,2019,5,94%,87%,72%,73%,https://www.youtube.com/embed/1xOKGjMRF1Q
94,Citroen,C5 AIRCROSS,2019,5,89%,86%,67%,82%,https://www.youtube.com/embed/ySKq9yl1e60
95,Citroen,C5 AIRCROSS,2019,4,87%,86%,58%,75%,https://www.youtube.com/embed/ySKq9yl1e60
96,Volkswagen,T-CROSS,2019,5,97%,86%,81%,80%,https://www.youtube.com/embed/1124HsYcWUk
97,Audi,e-tron,2019,5,91%,85%,71%,76%,https://www.youtube.com/embed/Go0_PztwYeE
98,Tesla,MODEL-3,2019,5,96%,86%,74%,94%,https://www.youtube.com/embed/cMiZa3HgRVE
99,Mercedes,GLE,2019,5,91%,90%,78%,78%,https://www.youtube.com/embed/16FH8QrENFw
100,Mercedes,B-CLASS,2019,5,96%,90%,78%,75%,https://www.youtube.com/embed/LXiKuxpyhE0
101,Kia,CEE'D?,2019,5,88%,85%,68%,73%,https://www.youtube.com/embed/D1IP0qFadKo
102,Kia,CEE'D?,2019,4,88%,85%,52%,68%,https://www.youtube.com/embed/D1IP0qFadKo
103,DS,3-CROSSBACK,2019,5,96%,86%,64%,76%,https://www.youtube.com/embed/5gLoypicy4Y
104,DS,3-CROSSBACK,2019,4,87%,86%,54%,63%,https://www.youtube.com/embed/5gLoypicy4Y
105,Mercedes,EQC,2019,5,96%,90%,75%,75%,https://www.youtube.com/embed/pgI0fsCtbQo
106,Mercedes,CLA,2019,5,96%,91%,91%,75%,https://www.youtube.com/embed/Z9uQMJS5ajg
107,BMW,3 SERIES,2019,5,97%,87%,87%,76%,https://www.youtube.com/embed/aBAIytptrBQ
108,BMW,1 SERIES,2019,5,83%,87%,76%,72%,https://www.youtube.com/embed/W3U7h24oop4
109,Opel,CORSA,2019,4,84%,86%,66%,69%,https://www.youtube.com/embed/fBr8evB5pYA
110,Mercedes,GLB,2019,5,92%,88%,78%,74%,https://www.youtube.com/embed/HX6-aAZc74Q
111,Mazda,CX-30,2019,5,99%,86%,80%,77%,https://www.youtube.com/embed/EOLZNmIMp28
112,Tesla,MODEL-X,2019,5,98%,81%,72%,94%,https://www.youtube.com/embed/x7Hp2zACGmg
113,BMW,2-SERIES-ACTIVE-TOURER,2019,5,94%,87%,76%,72%,https://www.youtube.com/embed/CMuNqDjDPNo
114,Volkswagen,UP!,2019,3,81%,83%,46%,55%,https://www.youtube.com/embed/YM5spunoKHg
115,MG,ZS,2019,5,90%,85%,64%,70%,https://www.youtube.com/embed/EhOQczzFQCI
116,BMW,4 SERIES,2019,5,97%,83%,93%,72%,https://www.youtube.com/embed/Caa2EYx3GDw
117,BMW,4 SERIES,2019,5,96%,80%,93%,72%,https://www.youtube.com/embed/hbgC5MaempQ
118,Mercedes,EQA,2019,5,97%,90%,81%,75%,https://www.youtube.com/embed/8W0Txm5t3w4
119,Mercedes,GLA,2019,5,96%,90%,79%,75%,https://www.youtube.com/embed/o5qQZCfdjU4
120,Mercedes,EQB,2019,5,95%,91%,78%,74%,https://www.youtube.com/embed/2gC48GpbqMc
121,Volkswagen,ID.3?,2020,5,87%,89%,71%,88%,https://www.youtube.com/embed/0P7M8PvG0Pc
122,Mazda,MX-30?,2020,5,91%,87%,68%,73%,https://www.youtube.com/embed/IvnwqWsdd7E
123,Land-Rover,DEFENDER,2020,5,85%,85%,71%,79%, https://www.youtube.com/embed/WpCIrMIctxU
124,Isuzu,D-MAX,2020,5,84%,86%,69%,83%,https://www.youtube.com/embed/TrW-rUnDGlk
125,Skoda,ENYAQ IV,2021,5,94%,89%,71%,82%,https://www.youtube.com/embed/sPP1n95Dcqo
126,Volkswagen,ID.4?,2021,5,93%,89%,76%,85%,https://www.youtube.com/embed/0pCeUL-GB8U
127,Dacia,SANDERO-STEPWAY,2021,2,70%,72%,41%,42%,https://www.youtube.com/embed/vmfjM4lMX50
128,Opel,MOKKA,2021,4,73%,75%,58%,64%,https://www.youtube.com/embed/PJHOa8ImE8E
129,Audi,Q4_e-tron,2021,5,93%,89%,66%,80%,https://www.youtube.com/embed/5H-6JjP2gAI
130,Toyota,YARIS CROSS,2021,5,86%,84%,78%,81%,https://www.youtube.com/embed/F3NKBHyJxV4
131,Hyundai,IONIQ 5,2021,5,88%,86%,63%,88%,https://www.youtube.com/embed/1bq9finOW0s
132,Ford,MUSTANG MACH-E,2021,5,92%,86%,69%,82%,https://www.youtube.com/embed/ncqTRsfLhpI
133,MG,MARVEL-R?,2021,4,80%,75%,55%,80%,https://www.youtube.com/embed/q3un_vaxHXw
134,Mercedes,EQS,2021,5,96%,91%,76%,80%,https://www.youtube.com/embed/tBD4Qli4NOM
135,Volkswagen,ID.5?,2021,5,93%,89%,76%,85%,https://www.youtube.com/embed/Zy_uC5LtfMY
136,Ford,TOURNEO CONNECT,2021,5,84%,82%,69%,79%,https://www.youtube.com/embed/C42mveMU0I0
137,Renault,MEGANE,2022,5,85%,88%,65%,79%,https://www.youtube.com/embed/hbKSeESU3CY
138,BMW,2-SERIES-COUPE?,2022,4,82%,81%,67%,64%,https://www.youtube.com/embed/2Sy5cogzpO8
139,Honda,HR-V,2022,4,82%,75%,72%,78%,https://www.youtube.com/embed/AwrA14gcteQ
140,Volkswagen,GOLF,2009,5,97%,84%,61%,71%,https://www.youtube.com/embed/Gix7ymymhTo
141,Toyota,IQ,2009,5,91%,71%,54%,86%,https://www.youtube.com/embed/CE_eUP_BAcU
142,Toyota,AVENSIS,2009,5,90%,86%,53%,86%,https://www.youtube.com/embed/nQLRam6IKBA
143,Subaru,IMPREZA,2009,4,84%,73%,72%,57%,https://www.youtube.com/embed/50zAs2EpWOE
144,Skoda,SUPERB,2009,5,90%,81%,50%,71%,https://www.youtube.com/embed/VAIO_u8QcW8
145,Mitsubishi,LANCER,2009,5,81%,80%,34%,71%,https://www.youtube.com/embed/ANV6hSGw3Bo
146,Mazda,6,2009,5,77%,81%,49%,71%,https://www.youtube.com/embed/mxfn0RXvxs8
147,Volvo,XC60,2009,5,94%,79%,48%,86%,https://www.youtube.com/embed/M21inFc51t4
148,Volvo,V70,2009,5,88%,84%,43%,71%,https://www.youtube.com/embed/CDcy444Fel8
149,Volkswagen,TIGUAN,2009,5,87%,79%,48%,71%,https://www.youtube.com/embed/BAqhYefi1S8
150,Suzuki,ALTO,2009,3,55%,46%,35%,29%,https://www.youtube.com/embed/rpyWR7x8gOo
151,Peugeot,3008,2009,5,86%,81%,31%,97%,https://www.youtube.com/embed/7F13wYMldzg
152,Kia,SOUL,2009,5,87%,86%,39%,86%,https://www.youtube.com/embed/okQz7PHjULc
153,Hyundai,I20,2009,5,88%,83%,64%,86%,https://www.youtube.com/embed/trh5KFy4_x0
154,Honda,JAZZ,2009,5,78%,79%,60%,71%,https://www.youtube.com/embed/mJjUmZKNtbs
155,Honda,CIVIC,2009,5,79%,76%,67%,86%,https://www.youtube.com/embed/TyVDvyBoy_Q
156,Honda,ACCORD,2009,5,86%,79%,54%,86%,https://www.youtube.com/embed/2KVaxOcWxN4
157,Audi,Q5,2009,5,92%,84%,32%,71%,https://www.youtube.com/embed/P55B_p-hOkE
158,Audi,A4,2009,5,93%,84%,39%,71%,https://www.youtube.com/embed/nc1sOwMSTy4
159,Volkswagen,POLO,2009,5,90%,86%,41%,71%,https://www.youtube.com/embed/USas_poHSSI
160,Toyota,PRIUS,2009,5,88%,82%,68%,86%,https://www.youtube.com/embed/mD_tuGe_S_s
161,Subaru,LEGACY?,2009,5,79%,73%,58%,71%,https://www.youtube.com/embed/z2gAnW5fT2A
162,Skoda,YETI,2009,5,92%,78%,46%,71%,https://www.youtube.com/embed/CTvP10LSrOU
163,Kia,SORENTO,2009,5,87%,84%,44%,71%,https://www.youtube.com/embed/TItZyPpJVCE
164,Honda,INSIGHT,2009,5,90%,74%,76%,86%,https://www.youtube.com/embed/rwVe5NAGEu0
165,Citroen,C3,2009,4,83%,74%,33%,40%,https://www.youtube.com/embed/3uY-0VRDngk
166,Volvo,C30,2009,5,91%,78%,26%,71%,https://www.youtube.com/embed/ubTxUUBxGds
167,Volkswagen,SCIROCCO,2009,5,87%,73%,53%,71%,https://www.youtube.com/embed/edVRsIZOtjI
168,Peugeot,5008,2009,5,89%,79%,37%,97%,https://www.youtube.com/embed/PCZFsDrxjrk
169,Peugeot,308,2009,5,83%,70%,33%,97%,https://www.youtube.com/embed/USCINF05Vq4
170,Peugeot,308,2009,5,82%,81%,53%,83%,https://www.youtube.com/embed/unT2YA9vjho
171,Mazda,3,2009,5,86%,84%,51%,71%,https://www.youtube.com/embed/5O5Rupm9u80
172,Nissan,FX?,2009,5,86%,77%,44%,99%,https://www.youtube.com/embed/hZ4zob5OhzY
173,Citroen,DS3,2009,5,87%,71%,35%,83%,https://www.youtube.com/embed/b-VO6QoR7ak
174,Citroen,C5,2009,5,81%,77%,32%,83%,https://www.youtube.com/embed/tfwKgbZJjTQ
175,Citroen,C4,2009,5,87%,78%,46%,89%,https://www.youtube.com/embed/lfadGSsqtCE
176,Chevrolet,SPARK,2009,4,81%,78%,43%,43%,https://www.youtube.com/embed/PcAmU3TTbOw
177,Chevrolet,CRUZE,2009,5,96%,84%,34%,71%,https://www.youtube.com/embed/dlVwDdavJWs
178,Toyota,VERSO,2010,5,89%,75%,69%,86%,https://www.youtube.com/embed/xDzg_YbOwts
179,Seat,EXEO?,2010,4,77%,81%,50%,57%,https://www.youtube.com/embed/yOEToKDaiqU
180,Nissan,CUBE?,2010,4,83%,64%,56%,84%,https://www.youtube.com/embed/I_Zd5zQzLho
181,Kia,VENGA?,2010,4,79%,66%,64%,71%,https://www.youtube.com/embed/GiBuhFYjadY
182,Citroen,NEMO,2010,3,59%,74%,55%,29%,https://www.youtube.com/embed/87emMrIOyAk
183,Suzuki,SWIFT,2010,5,94%,82%,62%,71%,https://www.youtube.com/embed/6AC7VWkmo64
184,Hyundai,IX35,2010,5,90%,88%,54%,71%,https://www.youtube.com/embed/WMty3nqVnPk
185,Volkswagen,SHARAN?,2010,5,96%,80%,46%,71%,https://www.youtube.com/embed/m3IM59tmvyQ
186,Volkswagen,PASSAT,2010,5,91%,77%,54%,71%,https://www.youtube.com/embed/le94KiRSY8A
187,Volkswagen,AMAROK,2010,4,86%,64%,47%,57%,https://www.youtube.com/embed/fUmX4a-E2Qo
188,Seat,ALHAMBRA,2010,5,96%,80%,46%,71%,https://www.youtube.com/embed/m3IM59tmvyQ
189,Nissan,MICRA,2010,4,84%,79%,58%,57%,https://www.youtube.com/embed/c7BGXD9lUV4
190,BMW,COUNTRYMAN?,2010,5,84%,83%,63%,71%,https://www.youtube.com/embed/wsg6Ub6HnaA
191,Kia,VENGA?,2010,5,89%,85%,64%,71%,https://www.youtube.com/embed/90dddxNGB40
192,Kia,SPORTAGE,2010,5,93%,86%,49%,86%,https://www.youtube.com/embed/vjqFSuwqICI
193,Jaguar,XF,2010,4,78%,65%,43%,71%,https://www.youtube.com/embed/sNh6g7HlTBs
194,Citroen,C4,2010,5,90%,85%,43%,97%,https://www.youtube.com/embed/u47tyYZu3TQ
195,Audi,A1,2010,5,90%,79%,49%,86%,https://www.youtube.com/embed/SOEuP95YxR4
196,Skoda,CITIGO,2011,5,89%,80%,46%,86%,https://www.youtube.com/embed/xYZ2ALnQqO4
197,Seat,MII,2011,5,89%,80%,46%,86%,https://www.youtube.com/embed/xYZ2ALnQqO4
198,Peugeot,ION?,2011,4,73%,78%,48%,86%,https://www.youtube.com/embed/nJiAyzVmwAk
199,Nissan,JUKE,2011,5,87%,81%,41%,71%,https://www.youtube.com/embed/Zlzv4ZSeg4w
200,Mitsubishi,ASX,2011,5,86%,78%,60%,71%,https://www.youtube.com/embed/1VzKCJDN2ts
201,Hyundai,IX20,2011,5,89%,85%,64%,71%,https://www.youtube.com/embed/90dddxNGB40
202,Dacia,DUSTER,2011,3,74%,78%,28%,29%,https://www.youtube.com/embed/VT9SIhjOeew
203,Peugeot,508,2011,5,90%,87%,41%,97%,https://www.youtube.com/embed/adpisB5RsCs
204,Lexus,CT200H,2011,5,94%,84%,55%,86%,https://www.youtube.com/embed/TinmjpskuwU
205,Citroen,DS4,2011,5,90%,80%,43%,97%,https://www.youtube.com/embed/72lX1BeUDFY
206,Volkswagen,JETTA,2011,5,94%,86%,56%,71%,https://www.youtube.com/embed/3lIKxSDDdx0
207,Kia,PICANTO,2011,4,86%,83%,47%,43%,https://www.youtube.com/embed/J_ePp-xVVws
208,Hyundai,I40,2011,5,92%,86%,43%,86%,https://www.youtube.com/embed/K7fuD3_iBVg
209,Citroen,DS5,2011,5,89%,83%,40%,97%,https://www.youtube.com/embed/w2deVmyVbwE
210,Chevrolet,VOLT?,2011,5,85%,78%,41%,86%,https://www.youtube.com/embed/gnyXYRkjiV0
211,Chevrolet,ORLANDO,2011,5,95%,79%,49%,71%,https://www.youtube.com/embed/I7lDrnt2aJk
212,Chevrolet,AVEO,2011,5,95%,87%,54%,93%,https://www.youtube.com/embed/OHyKcSGoVwY
213,BMW,X3,2011,5,88%,83%,53%,71%,https://www.youtube.com/embed/qjErFobSMnw
214,Audi,A6,2011,5,91%,83%,41%,86%,https://www.youtube.com/embed/N1EfH4_43D8
215,Toyota,YARIS,2011,5,89%,81%,60%,86%,https://www.youtube.com/embed/Qx58sQSFzSk
216,Lancia,THEMA?,2011,5,83%,77%,59%,71%,https://www.youtube.com/embed/wLudmMCHZ9w
217,Hyundai,VELOSTER,2011,5,96%,89%,49%,71%,https://www.youtube.com/embed/cx68v2_ntJU
218,Fiat,FREEMONT?,2011,5,83%,82%,50%,71%,https://www.youtube.com/embed/zcq-qMk_aPc
219,Lancia,VOYAGER?,2011,4,79%,67%,47%,71%,https://www.youtube.com/embed/OsnBLbyOh1s
220,Chevrolet,CAPTIVA,2011,5,88%,82%,48%,71%,https://www.youtube.com/embed/Th1wb_I_wJU
221,Audi,Q3,2011,5,94%,85%,52%,86%,https://www.youtube.com/embed/W7vAiAvOrJk
222,Volkswagen,BEETLE,2011,5,92%,90%,53%,86%,https://www.youtube.com/embed/P3PbgjwWQjA
223,Seat,IBIZA,2011,5,82%,77%,59%,71%,https://www.youtube.com/embed/QM9EM6755H0
224,MG,6?,2011,4,73%,71%,42%,71%,https://www.youtube.com/embed/tRIZRKU29IE
225,Kia,RIO,2011,5,92%,84%,46%,86%,https://www.youtube.com/embed/D_WrzoB3oGc
226,Jaguar,XF,2011,4,79%,73%,62%,71%,https://www.youtube.com/embed/x9zHfnqd38o
227,Fiat,PANDA,2011,4,82%,63%,49%,43%,https://www.youtube.com/embed/egPPoPj0kDY
228,Chevrolet,MALIBU,2011,5,94%,83%,57%,71%,https://www.youtube.com/embed/w04t51TvmcY
229,Volvo,V60,2012,5,94%,82%,64%,100%,https://www.youtube.com/embed/ZXLEx8u3wDs
230,Nissan,LEAF,2012,5,89%,83%,65%,84%,https://www.youtube.com/embed/2USWcvor9fw
231,Ford,FOCUS,2012,5,92%,82%,72%,71%,https://www.youtube.com/embed/-_nVsoZToWc
232,Ford,RANGER,2012,5,96%,86%,81%,71%,https://www.youtube.com/embed/-Kvtyg6UGss
233,Subaru,XV,2012,5,86%,90%,64%,86%,https://www.youtube.com/embed/dq8fl2b-h0w
234,Jeep,COMPASS,2012,2,61%,76%,23%,43%,https://www.youtube.com/embed/uOSdadWa4_4
235,Honda,CIVIC,2012,5,94%,83%,69%,86%,https://www.youtube.com/embed/HYUOnYsoXSY
236,BMW,X1,2012,5,87%,86%,64%,71%,https://www.youtube.com/embed/ziXW49ZDJEE
237,Peugeot,208,2012,5,88%,78%,61%,83%,https://www.youtube.com/embed/j8xTzEbAHQE
238,Hyundai,I30,2012,5,90%,90%,67%,86%,https://www.youtube.com/embed/CF49_vGQJRw
239,Volvo,V40,2012,5,98%,75%,88%,100%,https://www.youtube.com/embed/PivsJODHeks
240,Renault,CLIO,2012,5,88%,89%,66%,99%,https://www.youtube.com/embed/ugrp6FS4tPU
241,Audi,A3,2012,5,95%,87%,74%,86%,https://www.youtube.com/embed/LrmYJxrNnqc
242,Volkswagen,GOLF,2012,5,94%,89%,65%,71%,https://www.youtube.com/embed/bc5vPX5WhDg
243,Subaru,F0RESTER,2012,5,91%,91%,73%,86%,https://www.youtube.com/embed/AiwE0RYly58
244,Skoda,RAPID,2012,5,94%,80%,69%,71%,https://www.youtube.com/embed/0n3lXY2cdkY
245,Seat,TOLEDO,2012,5,94%,80%,69%,71%,https://www.youtube.com/embed/0n3lXY2cdkY
246,Seat,LEON,2012,5,94%,92%,70%,71%,https://www.youtube.com/embed/Oh6Cx-XBRy4
247,Mitsubishi,OUTLANDER?,2012,5,94%,83%,64%,100%,https://www.youtube.com/embed/AwO7umk7n3o
248,Ford,KUGA,2012,5,94%,86%,70%,100%,https://www.youtube.com/embed/arImbog8rww
249,Ford,FIESTA,2012,5,91%,86%,65%,71%,https://www.youtube.com/embed/tjEuow7I3bo
250,Fiat,500,2012,5,94%,78%,65%,71%,https://www.youtube.com/embed/Jhs4QHBN2Ug
251,Dacia,LODGY,2012,3,72%,77%,44%,29%,https://www.youtube.com/embed/yIEjWifBwo8
252,Toyota,AYGO,2012,3,68%,73%,53%,71%,https://www.youtube.com/embed/eX8kqvUNnJ4
253,Renault,TRAFIC,2012,2,58%,79%,28%,14%,https://www.youtube.com/embed/F3iiuQecZWA
254,Peugeot,EXPERT?,2012,3,59%,86%,26%,26%,https://www.youtube.com/embed/BnKUXpq86s4
255,Peugeot,107,2012,3,68%,73%,53%,71%,https://www.youtube.com/embed/eX8kqvUNnJ4
256,Fiat,SCUDO?,2012,3,59%,86%,26%,26%,https://www.youtube.com/embed/BnKUXpq86s4
257,Citroen,JUMPY,2012,3,59%,86%,26%,26%,https://www.youtube.com/embed/BnKUXpq86s4
258,Citroen,C1,2012,3,68%,73%,53%,71%,https://www.youtube.com/embed/eX8kqvUNnJ4
259,Toyota,RAV4,2013,5,89%,82%,66%,66%,https://www.youtube.com/embed/uzGgrO-5wjw
260,Toyota,AURIS,2013,5,92%,84%,68%,66%,https://www.youtube.com/embed/AMTqwJKBAFg
261,Skoda,OCTAVIA,2013,5,93%,86%,66%,66%,https://www.youtube.com/embed/uayRqZIJyOs
262,Renault,ZOE,2013,5,89%,80%,66%,85%,https://www.youtube.com/embed/LpIEiG5a3yM
263,Renault,CAPTUR,2013,5,88%,79%,61%,81%,https://www.youtube.com/embed/LRzbOSF49eM
264,Nissan,EVALIA?,2013,3,68%,81%,67%,55%,https://www.youtube.com/embed/Xmj7ULLo_IA
265,Dacia,SANDERO,2013,4,80%,79%,57%,55%,https://www.youtube.com/embed/5Asusu4cXcE
266,Chevrolet,TRAX,2013,5,94%,85%,64%,81%,https://www.youtube.com/embed/BA9qw6bo1to
267,Kia,CARENS,2013,5,94%,76%,64%,81%,https://www.youtube.com/embed/cTPWykpKxmQ
268,Toyota,COROLLA,2013,5,94%,82%,67%,66%,https://www.youtube.com/embed/8Ib9LEwK8z0
269,Mazda,6,2013,5,92%,77%,66%,81%,https://www.youtube.com/embed/DxdXGNGW0PQ
270,Lexus,IS,2013,5,91%,85%,80%,66%,https://www.youtube.com/embed/2FbskRzNKaU
271,Suzuki,SX4,2013,5,92%,80%,72%,81%,https://www.youtube.com/embed/XCYywh5XV98
272,Peugeot,2008,2013,5,88%,77%,72%,70%,
273,Jeep,CHEROKEE,2013,5,92%,79%,67%,74%,https://www.youtube.com/embed/VCgfb0dJM14
274,Volkswagen,T5,2013,4,79%,74%,32%,57%,https://www.youtube.com/embed/IndFKiLHD30
275,Peugeot,308,2013,5,92%,79%,64%,81%,https://www.youtube.com/embed/PXVssblYSb4
276,Nissan,NOTE,2013,4,86%,82%,58%,70%,https://www.youtube.com/embed/D3ELCiGr1k4
277,Mazda,3,2013,5,93%,86%,65%,81%,https://www.youtube.com/embed/Fgtp1JuJlVU
278,Maserati,GHIBLI,2013,5,95%,79%,74%,81%,https://www.youtube.com/embed/zq8Ljz380wM
279,Nissan,Q50?,2013,5,86%,85%,67%,81%,https://www.youtube.com/embed/WqPnJcfAYRs
280,Ford,ECOSPORT?,2013,4,93%,77%,58%,55%,https://www.youtube.com/embed/3eUusPP5zJM
281,BMW,I3,2013,4,86%,81%,57%,55%,https://www.youtube.com/embed/2greh-OyBOU
282,Peugeot,NEW PARTNER,2014,3,56%,74%,63%,48%,https://www.youtube.com/embed/94z9XCOPV-0
283,Peugeot,301,2014,3,71%,75%,54%,33%,https://www.youtube.com/embed/4G5Ji5kpJfU
284,Peugeot,108,2014,4,80%,80%,62%,56%,https://www.youtube.com/embed/87boTZGKLT8
285,Citroen,C1,2014,4,80%,80%,62%,56%,https://www.youtube.com/embed/87boTZGKLT8
286,Nissan,QASHQAI,2014,5,88%,83%,69%,79%,https://www.youtube.com/embed/s39wGFwNKhY
287,Hyundai,I10,2014,4,79%,80%,71%,56%,https://www.youtube.com/embed/9ydwNWD140k
288,Renault,MEGANE,2014,3,83%,78%,60%,48%,https://www.youtube.com/embed/SotLkx0gz7A
289,MG,3,2014,3,69%,71%,59%,38%,https://www.youtube.com/embed/af4tFF92R-I
290,Toyota,AYGO,2014,4,80%,80%,62%,56%,https://www.youtube.com/embed/87boTZGKLT8
291,Renault,TWINGO,2014,4,78%,81%,68%,56%,https://www.youtube.com/embed/kYAhRmziL4g
292,Citroen,BERLINGO,2014,3,56%,74%,63%,48%,https://www.youtube.com/embed/94z9XCOPV-0
293,Suzuki,CELERIO,2014,3,61%,74%,68%,38%,https://www.youtube.com/embed/k0AwHKJwz9Q
294,Skoda,FABIA,2014,5,81%,81%,69%,69%,https://www.youtube.com/embed/fP7hq-_o5-s
295,Renault,MEGANE,2014,4,83%,78%,60%,56%,https://www.youtube.com/embed/T5QSEq-iZbE
296,Nissan,PULSAR?,2014,5,84%,81%,75%,68%,https://www.youtube.com/embed/pzw73e2OHZg
297,Kia,SOUL,2014,4,75%,82%,59%,56%,https://www.youtube.com/embed/k37BGC4doq8
298,Volkswagen,PASSAT,2014,5,85%,87%,66%,76%,https://www.youtube.com/embed/3vuoBJQiHFE
299,Subaru,OUTBACK,2014,5,85%,87%,70%,73%,https://www.youtube.com/embed/2fjBXicoyJQ
300,Smart,FORTWO,2014,4,82%,80%,56%,56%,https://www.youtube.com/embed/iXUBU0eieLc
301,Smart,FORFOUR,2014,4,78%,77%,65%,56%,https://www.youtube.com/embed/dh8KcHhixYM
302,Porsche,MACAN,2014,5,88%,87%,60%,66%,https://www.youtube.com/embed/2CC2TIqtWCE
303,BMW,COOPER?,2014,4,79%,73%,66%,56%,https://www.youtube.com/embed/nYw8Ddz1_nc
304,Lexus,NX,2014,5,82%,82%,69%,71%,https://www.youtube.com/embed/qs8LqCYXpO8
305,Kia,SORENTO,2014,5,90%,83%,67%,71%,https://www.youtube.com/embed/bu7D2Vzg3ic
306,Jeep,RENEGADE,2014,5,87%,85%,65%,74%,https://www.youtube.com/embed/mkUYyn2Lde0
307,Ford,MONDEO,2014,5,86%,82%,66%,66%,https://www.youtube.com/embed/q0bP5GoMMwU
308,Renault,TRAFIC,2015,3,52%,91%,53%,57%,https://www.youtube.com/embed/175DwsXW4cc
309,Audi,TT,2015,4,81%,68%,82%,64%,https://www.youtube.com/embed/_qm3t2NarWg
310,Suzuki,VITARA,2015,5,89%,85%,76%,75%,https://www.youtube.com/embed/WW9BwW5U4n4
311,Renault,ESPACE,2015,5,82%,89%,70%,80%,https://www.youtube.com/embed/5V25aABfHkY
312,Mazda,2,2015,4,86%,78%,84%,64%,https://www.youtube.com/embed/uE0MKOa0VTU
313,Fiat,500X,2015,4,86%,85%,74%,64%,https://www.youtube.com/embed/Wf3ni-qIzxY
314,Skoda,SUPERB,2015,5,86%,86%,71%,76%,https://www.youtube.com/embed/5iM_zsw278Y
315,Hyundai,I20,2015,4,85%,73%,79%,64%,https://www.youtube.com/embed/MBUPwFdKOQ0
316,Volkswagen,TOURAN,2015,5,88%,89%,71%,76%,https://www.youtube.com/embed/YVQtsk7j0K4
317,Volvo,XC90,2015,5,97%,87%,72%,94%,https://www.youtube.com/embed/TEyL3N0aIdk
318,Toyota,AVENSIS,2015,5,93%,85%,78%,81%,https://www.youtube.com/embed/tVeNGsxpLMc
319,Renault,KADJAR,2015,5,89%,81%,74%,71%,https://www.youtube.com/embed/xUWP_Wd_xqo
320,Mitsubishi,L200,2015,4,81%,84%,76%,64%,https://www.youtube.com/embed/j-eF4n2oyQ4
321,Ford,GALAXY,2015,5,87%,87%,79%,71%,https://www.youtube.com/embed/8_mA9ZdGW1s
322,Audi,Q7,2015,5,94%,88%,70%,76%,https://www.youtube.com/embed/tmKF0fA_r1s
323,Hyundai,TUCSON,2015,5,86%,85%,71%,71%,https://www.youtube.com/embed/jHuckiKSWBU
324,Volkswagen,CADDY,2015,4,84%,78%,58%,68%,https://www.youtube.com/embed/XcBp9xpyL5o
325,Honda,JAZZ,2015,5,93%,85%,73%,71%,https://www.youtube.com/embed/PHptsZglju8
326,Renault,TALISMAN?,2015,5,86%,84%,68%,76%,https://www.youtube.com/embed/f-KjiaKoTMM
327,Renault,MEGANE,2015,5,88%,87%,71%,71%,https://www.youtube.com/embed/bKf7XOBP6y4
328,Nissan,NAVARA,2015,4,79%,78%,78%,68%,https://www.youtube.com/embed/zzhmwtUO-zk
329,BMW,CLUBMAN?,2015,4,90%,68%,68%,67%,https://www.youtube.com/embed/Uaavu8TG2s4
330,Lexus,RX,2015,5,91%,82%,79%,77%,https://www.youtube.com/embed/hLyCPC472II
331,Lancia,YPSILON,2015,2,44%,79%,64%,38%,https://www.youtube.com/embed/CKz7KU3A-3Q
332,Kia,SPORTAGE,2015,5,90%,83%,66%,71%,https://www.youtube.com/embed/dinp6dhJa5I
333,Kia,OPTIMA,2015,5,89%,86%,67%,71%,https://www.youtube.com/embed/YDIqEmeiKJo
334,Jaguar,XF,2015,5,92%,84%,80%,83%,https://www.youtube.com/embed/9Yk-UJpG7lQ
335,Jaguar,XE,2015,5,92%,82%,81%,82%,https://www.youtube.com/embed/C-Yj16qQR7Y
336,Nissan,Q30?,2015,5,84%,86%,91%,81%,https://www.youtube.com/embed/nGs-Vbf1Vhc
337,BMW,Z4,2015,3,69%,61%,91%,46%,https://www.youtube.com/embed/t3z4lzsLe0c
338,Toyota,PROACE,2015,5,87%,91%,64%,78%,https://www.youtube.com/embed/6lfV8O3Qsg4
339,Peugeot,TRAVELLER?,2015,5,87%,91%,64%,78%,https://www.youtube.com/embed/6lfV8O3Qsg4
340,Citroen,SPACETOURER,2015,5,87%,91%,64%,78%,https://www.youtube.com/embed/6lfV8O3Qsg4
341,Toyota,PRIUS,2016,5,92%,82%,77%,85%,https://www.youtube.com/embed/qW0Z4QO6NTc
342,Suzuki,BALENO,2016,4,85%,73%,65%,43%,https://www.youtube.com/embed/q-KrtWeTJqY
343,Suzuki,BALENO,2016,3,80%,73%,65%,25%,https://www.youtube.com/embed/q-KrtWeTJqY
344,Volkswagen,TIGUAN,2016,5,96%,84%,72%,68%,https://www.youtube.com/embed/iBb6CDX581s
345,Seat,ATECA,2016,5,93%,84%,71%,60%,https://www.youtube.com/embed/GgxIM1BeoXg
346,Toyota,HILUX,2016,5,93%,82%,83%,63%,https://www.youtube.com/embed/UgwSIN-5w98
347,Toyota,HILUX,2016,3,85%,82%,73%,25%,https://www.youtube.com/embed/UgwSIN-5w98
348,Subaru,LEVORG,2016,5,92%,83%,75%,68%,https://www.youtube.com/embed/2JT3QTIq_KA
349,Renault,SCENIC,2016,5,90%,82%,67%,59%,https://www.youtube.com/embed/HGSkTI9i0Vk
350,Kia,NIRO,2016,5,91%,80%,70%,81%,https://www.youtube.com/embed/hqPMa97gEQs
351,Kia,NIRO,2016,4,83%,80%,57%,59%,https://www.youtube.com/embed/hqPMa97gEQs
352,Peugeot,3008,2016,5,86%,85%,67%,58%,https://www.youtube.com/embed/TurKU2XJIOc
353,Peugeot,5008,2016,5,86%,85%,67%,58%,https://www.youtube.com/embed/TurKU2XJIOc
354,Fiat,TIPO,2016,4,82%,60%,62%,57%,https://www.youtube.com/embed/UNWOMhsTd9s
355,Fiat,TIPO,2016,3,82%,60%,62%,25%,https://www.youtube.com/embed/UNWOMhsTd9s
356,Suzuki,IGNIS,2016,5,87%,79%,77%,60%,https://www.youtube.com/embed/OWaPod5S1aA
357,Suzuki,IGNIS,2016,3,79%,79%,67%,25%,https://www.youtube.com/embed/OWaPod5S1aA
358,Ssangyong,XLV,2016,4,82%,62%,65%,43%,https://www.youtube.com/embed/lSW81_LhOU4
359,Ssangyong,TIVOLI,2016,4,82%,62%,65%,43%,https://www.youtube.com/embed/fxWSs5GeGUc
360,Hyundai,IONIQ,2016,5,91%,80%,70%,82%,https://www.youtube.com/embed/a0s5ktlciDk
361,Ford,EDGE,2016,5,85%,76%,67%,89%,https://www.youtube.com/embed/4GP29ECuMe8
362,Audi,Q2,2016,5,93%,86%,70%,60%,https://www.youtube.com/embed/riKGJEdkRs8
363,Volvo,V90,2017,5,95%,80%,76%,93%,https://www.youtube.com/embed/yi3afe2s3gA
364,Volvo,S90,2017,5,95%,80%,76%,93%,https://www.youtube.com/embed/yi3afe2s3gA
365,Ford,MUSTANG,2017,2,72%,32%,64%,16%,https://www.youtube.com/embed/F0StTHnTKK8
366,Fiat,500,2017,3,66%,49%,53%,27%,https://www.youtube.com/embed/jQNcoYIfWqI
367,Citroen,C3,2017,4,88%,83%,59%,58%,https://www.youtube.com/embed/XrK-3SfJCuo
368,Audi,Q5,2017,5,93%,86%,73%,58%,https://www.youtube.com/embed/PATCPmSd2H0
369,Fiat,DOBLÃ’,2017,3,75%,46%,57%,25%,https://www.youtube.com/embed/ckNJ0lG8L_c
370,Suzuki,SWIFT,2017,4,88%,75%,69%,44%,https://www.youtube.com/embed/V1a6DLBhntI
371,Suzuki,SWIFT,2017,3,83%,75%,69%,25%,https://www.youtube.com/embed/V1a6DLBhntI
372,Skoda,KODIAQ,2017,5,92%,77%,71%,54%,https://www.youtube.com/embed/LKLvAsTV69E
373,Nissan,MICRA,2017,5,91%,79%,79%,72%,https://www.youtube.com/embed/etYQPuF1Uuc
374,Nissan,MICRA,2017,4,91%,79%,68%,49%,https://www.youtube.com/embed/etYQPuF1Uuc
375,BMW,COUNTRYMAN?,2017,5,90%,80%,64%,51%,https://www.youtube.com/embed/A1E9YPaXfrA
376,Volkswagen,ARTEON?,2017,5,96%,85%,85%,82%,https://www.youtube.com/embed/2rI50rLc2pI
377,Seat,IBIZA,2017,5,95%,77%,76%,60%,https://www.youtube.com/embed/zqzh2X4-BBU
378,Hyundai,I30,2017,5,88%,84%,64%,68%,https://www.youtube.com/embed/CwTnW1oXKFw
379,Honda,CIVIC,2017,4,92%,67%,75%,88%,https://www.youtube.com/embed/qMozW_JGcOQ
380,Ford,MUSTANG,2017,3,72%,32%,78%,61%,https://www.youtube.com/embed/FUxx5dxCG08
381,Renault,KOLEOS,2017,5,90%,79%,62%,75%,https://www.youtube.com/embed/8zBxtT2KPxk
382,Kia,RIO,2017,5,93%,84%,71%,59%,
383,Kia,RIO,2017,3,85%,84%,62%,25%,https://www.youtube.com/embed/GLAJLlgt6Kc
384,Kia,PICANTO,2017,4,87%,64%,54%,47%,
385,Kia,PICANTO,2017,3,79%,64%,54%,25%,https://www.youtube.com/embed/F8gsyjaQri8
386,Jeep,COMPASS,2017,5,90%,83%,64%,59%,https://www.youtube.com/embed/RlSnsBLWNl4
387,Ford,FIESTA,2017,5,87%,84%,64%,60%,https://www.youtube.com/embed/1djYYB0Ebns
388,Volkswagen,POLO,2017,5,96%,85%,76%,59%,https://www.youtube.com/embed/c_4h0aWirFE
389,Volvo,XC60,2017,5,98%,87%,76%,95%,https://www.youtube.com/embed/-XfkkABFrOM
390,Skoda,KAROQ,2017,5,93%,79%,73%,58%,https://www.youtube.com/embed/Y9th5kvwfzs
391,Seat,ARONA,2017,5,95%,80%,77%,60%,https://www.youtube.com/embed/RtPM153IMlM
392,Subaru,XV,2017,5,94%,89%,84%,68%,https://www.youtube.com/embed/OVoZoBGS2Dg
393,Subaru,IMPREZA,2017,5,94%,89%,82%,68%,https://www.youtube.com/embed/xqg2uvds3t0
394,Porsche,CAYENNE,2017,5,95%,80%,73%,62%,https://www.youtube.com/embed/xUt1Orc5rRc
395,Honda,CIVIC,2017,5,92%,75%,75%,88%,https://www.youtube.com/embed/E2GZXQYqbfo
396,Toyota,YARIS,2017,5,83%,80%,63%,57%,https://www.youtube.com/embed/jbmagBwloY0
397,Toyota,AYGO,2017,4,82%,63%,64%,57%,https://www.youtube.com/embed/xjkNlgmQYLY
398,Toyota,AYGO,2017,3,74%,63%,64%,25%,https://www.youtube.com/embed/xjkNlgmQYLY
399,MG,ZS,2017,3,71%,51%,59%,29%,https://www.youtube.com/embed/PQgS66RL_Bk
400,Kia,STONIC,2017,5,93%,84%,71%,59%,https://www.youtube.com/embed/GLAJLlgt6Kc
401,Kia,STONIC,2017,3,85%,84%,62%,25%,https://www.youtube.com/embed/GLAJLlgt6Kc
402,Kia,STINGER,2017,5,93%,81%,78%,82%,https://www.youtube.com/embed/k5C5cYOagnY
403,Hyundai,KONA,2017,5,87%,85%,62%,60%,https://www.youtube.com/embed/camqewC4JWE
404,Fiat,PUNTO,2017,0,51%,43%,52%,0%,https://www.youtube.com/embed/9N1Q0k6-ebg
405,DS,3,2017,3,69%,37%,55%,29%,https://www.youtube.com/embed/QWXRucG_EK0
406,Dacia,DUSTER,2017,3,71%,66%,56%,37%,https://www.youtube.com/embed/wzQMHbI60TQ
407,Nissan,LEAF,2018,5,93%,86%,71%,71%,https://www.youtube.com/embed/CVeSCjgACiA
408,Volvo,XC40,2018,5,97%,87%,71%,76%,https://www.youtube.com/embed/2g3WS_mYeGM
409,Ford,FOCUS,2018,5,85%,87%,72%,75%,https://www.youtube.com/embed/YMlYUjKXPuU
410,Volkswagen,TOUAREG,2018,5,89%,86%,72%,81%,https://www.youtube.com/embed/URqflxchCwU
411,Suzuki,JIMNY,2018,3,73%,84%,52%,50%,https://www.youtube.com/embed/bhHeNgfLGqU
412,Audi,A6,2018,5,93%,85%,81%,76%,https://www.youtube.com/embed/vgfKw6ypvDg
413,Peugeot,RIFTER?,2018,4,91%,81%,58%,68%,https://www.youtube.com/embed/esfiTax8mAk
414,Mazda,6,2018,5,95%,91%,66%,73%,https://www.youtube.com/embed/xd6lnC8VlvU
415,Lexus,ES,2018,5,91%,87%,90%,77%,https://www.youtube.com/embed/6ottgh2XFZ8
416,Hyundai,NEXO,2018,5,94%,87%,67%,80%,https://www.youtube.com/embed/VuAqHRKMiSg
417,Citroen,BERLINGO,2018,4,91%,81%,58%,68%,https://www.youtube.com/embed/esfiTax8mAk
418,Volvo,V60,2018,5,96%,84%,74%,76%,https://www.youtube.com/embed/jIuPI1k_kVU
419,Volvo,S60,2018,5,96%,84%,74%,76%,https://www.youtube.com/embed/jIuPI1k_kVU
420,Peugeot,508,2018,5,96%,86%,71%,79%,	https://www.youtube.com/embed/CKbRyq3gfQs
421,Jeep,WRANGLER,2018,1,50%,69%,49%,32%,https://www.youtube.com/embed/zFFXmzG0GDc
422,Fiat,PANDA,2018,0,45%,16%,47%,7%,https://www.youtube.com/embed/wYfiIU1mlig
423,BMW,X5,2018,5,89%,86%,75%,75%,https://www.youtube.com/embed/3UJpWAma8rg
424,Audi,Q3,2018,5,95%,86%,76%,85%,https://www.youtube.com/embed/pPjwBpz4aLE
425,Audi,A7,2018,5,93%,85%,81%,76%,https://www.youtube.com/embed/4oa0QscSjps
426,Seat,TARRACO?,2019,5,97%,84%,79%,79%,https://www.youtube.com/embed/hufUXyz3A4E
427,Toyota,RAV4,2019,5,93%,87%,85%,77%,https://www.youtube.com/embed/3XdLjzLCcNE
428,Toyota,COROLLA,2019,5,95%,84%,86%,77%,https://www.youtube.com/embed/poEzOEJWRMc
429,Renault,CLIO,2019,5,96%,89%,72%,75%,https://www.youtube.com/embed/iZ4MPRUzd9E
430,Mazda,3,2019,5,98%,87%,81%,73%,https://www.youtube.com/embed/sStGn0A67kQ
431,Lexus,UX,2019,5,96%,85%,82%,77%,https://www.youtube.com/embed/wm8k-I8-xHA
432,Skoda,SCALA,2019,5,97%,87%,81%,76%,https://www.youtube.com/embed/T7EMOSQN6IU
433,Skoda,KAMIQ,2019,5,96%,85%,80%,76%,https://www.youtube.com/embed/FiIbkHR8Fwk
434,Ssangyong,KORANDO,2019,5,88%,85%,68%,74%,https://www.youtube.com/embed/F45kXf4cn7o
435,Ford,FOCUS,2019,5,96%,87%,72%,75%,https://www.youtube.com/embed/MQqL5SmXYPw
436,BMW,Z4,2019,5,97%,87%,91%,76%,https://www.youtube.com/embed/pSC83SobU_w
437,Audi,A1,2019,5,95%,85%,73%,80%,https://www.youtube.com/embed/W1CpzPPSqfE
438,Peugeot,208,2019,4,91%,86%,56%,71%,	https://www.youtube.com/embed/0kzerYYbavQ
439,Jeep,CHEROKEE,2019,4,80%,78%,56%,69%,https://www.youtube.com/embed/HCENvL4Y1yU
440,Ford,EXPLORER,2019,5,87%,86%,61%,76%,https://www.youtube.com/embed/m1BwHrlBFsc
441,Skoda,OCTAVIA,2019,5,92%,88%,73%,79%,https://www.youtube.com/embed/EuIn9cfV_5k
442,Volkswagen,SHARAN?,2019,4,89%,78%,59%,62%,https://www.youtube.com/embed/ruEdbeQTG5E
443,Subaru,F0RESTER,2019,5,97%,91%,80%,78%,https://www.youtube.com/embed/JRuACDnjDXQ
444,Seat,ALHAMBRA,2019,4,89%,78%,59%,62%,https://www.youtube.com/embed/XDbxPxZbHMY
445,Renault,CAPTUR,2019,5,96%,83%,75%,74%,	https://www.youtube.com/embed/oxFdoaZDnbM
446,Porsche,TAYCAN,2019,5,85%,83%,70%,73%,https://www.youtube.com/embed/wEzPaH1xhPA
447,Peugeot,2008,2019,5,93%,84%,73%,73%,https://www.youtube.com/embed/JohUe-9MJo8
448,Peugeot,2008,2019,4,91%,84%,62%,68%,https://www.youtube.com/embed/JohUe-9MJo8
449,Jeep,RENEGADE,2019,3,82%,84%,55%,58%,https://www.youtube.com/embed/T1df09k3dV4
450,Ford,MONDEO,2019,5,96%,87%,70%,73%,https://www.youtube.com/embed/J2R1Nc16tOg
451,Ford,KUGA,2019,5,92%,86%,82%,73%,https://www.youtube.com/embed/Uqo1YT8j8EE
452,Audi,Q7,2019,5,92%,86%,71%,72%,https://www.youtube.com/embed/YNiTmMF1h_Y
453,Skoda,CITIGO,2019,3,81%,83%,46%,55%,https://www.youtube.com/embed/033aQn0PlWw
454,Volkswagen,GOLF,2019,5,95%,89%,76%,78%,https://www.youtube.com/embed/A-mkmKic03g
455,Seat,MII,2019,3,81%,83%,46%,55%,https://www.youtube.com/embed/iCzM8-LEnTA
456,Nissan,JUKE,2019,5,94%,85%,81%,73%,https://www.youtube.com/embed/ABlWjHPllbw
457,MG,HS,2019,5,92%,81%,64%,76%,https://www.youtube.com/embed/nyGD3atT3kU
458,Ford,PUMA,2019,5,94%,84%,77%,74%,https://www.youtube.com/embed/kI8ejZ3rr6I
459,Audi,Q8,2019,5,93%,87%,71%,73%,https://www.youtube.com/embed/zUmS-vhV7o4
460,Aiways,1,2019,3,73%,70%,45%,55%,https://www.youtube.com/embed/svb40cfUXWg
461,Renault,ARKANA,2019,5,96%,83%,75%,74%,https://www.youtube.com/embed/U1g7p9LHDs4
462,Toyota,YARIS,2020,5,86%,81%,78%,85%,https://www.youtube.com/embed/DDr307KXpKk
463,Honda,JAZZ,2020,5,87%,83%,80%,76%,https://www.youtube.com/embed/UXehDELNVzo
464,Seat,LEON,2020,5,92%,88%,71%,80%,https://www.youtube.com/embed/xsMsy_PVgN4
465,Kia,SORENTO,2020,5,82%,85%,63%,87%,https://www.youtube.com/embed/LGs8NCHcCxQ
466,Hyundai,I10,2020,3,69%,75%,52%,59%,https://www.youtube.com/embed/txhUtH8MzEA
467,Honda,E?,2020,4,76%,82%,62%,65%,https://www.youtube.com/embed/g45fF2I4BoM
468,Audi,A3,2020,5,89%,81%,68%,73%,https://www.youtube.com/embed/CwdVwF1a6a8
469,Seat,LEON,2020,5,91%,88%,71%,80%,https://www.youtube.com/embed/VELD7sV43Vw
470,Mazda,2,2020,5,86%,81%,78%,85%,https://www.youtube.com/embed/J0KhMcpN5XM
471,Seat,FORMENTOR?,2021,5,93%,88%,68%,80%,https://www.youtube.com/embed/h_7fIFWuRxE
472,Dacia,LOGAN,2021,2,70%,72%,41%,42%,https://www.youtube.com/embed/PN8R9OEb8x8
473,Hyundai,GV80,2021,5,91%,87%,66%,88%,https://www.youtube.com/embed/AVihaC6U6f4
474,Hyundai,G80,2021,5,91%,87%,77%,91%,https://www.youtube.com/embed/vxdQmKzWXqk
475,Citroen,C4,2021,4,80%,83%,57%,63%,https://www.youtube.com/embed/sqJnpCObxvM
476,Renault,KANGOO,2021,4,78%,87%,67%,72%,https://www.youtube.com/embed/CVMvHjKyQNU
477,Toyota,MIRAI,2021,5,88%,85%,80%,82%,https://www.youtube.com/embed/ZC_2kYO82Vc
478,Subaru,OUTBACK,2021,5,88%,89%,84%,95%,https://www.youtube.com/embed/az6DjY0gO6o
479,Hyundai,TUCSON,2021,5,86%,87%,66%,70%,https://www.youtube.com/embed/gZTLe4G8gCQ
480,Hyundai,BAYON,2021,4,76%,82%,76%,67%,https://www.youtube.com/embed/6pcj9fvX0dk
481,Skoda,FABIA,2021,5,85%,81%,70%,71%,https://www.youtube.com/embed/HzOrhUZjNyc
482,Volkswagen,CADDY,2021,5,84%,82%,69%,79%,https://www.youtube.com/embed/IBj1gHx5HDc
483,Renault,ZOE,2021,0,43%,52%,41%,14%,https://www.youtube.com/embed/HiOs1mCMH4Q
484,Nissan,TOWNSTAR?,2021,4,78%,87%,67%,72%,https://www.youtube.com/embed/tYQlkrQzeeE
485,Nissan,QASHQAI,2021,5,91%,91%,70%,95%,https://www.youtube.com/embed/jbERFwdd2u4
486,Hyundai,GV70,2021,5,89%,87%,64%,87%,https://www.youtube.com/embed/tRZrWpumhy0
487,Hyundai,G70,2021,5,89%,87%,76%,88%,https://www.youtube.com/embed/SsNNQ0Kq0JE
488,Fiat,500,2021,4,76%,80%,67%,67%,https://www.youtube.com/embed/bOav454apLM
489,Dacia,SPRING,2021,1,49%,56%,39%,32%,https://www.youtube.com/embed/2indFTVpQ_Y
490,BMW,iX,2021,5,91%,87%,73%,81%,https://www.youtube.com/embed/7-akRXWwWnw
491,Dacia,JOGGER?,2021,1,70%,69%,41%,39%,https://www.youtube.com/embed/DvC0uGf7BQo
492,Volkswagen,TAIGO?,2022,5,94%,84%,71%,70%,https://www.youtube.com/embed/Jc8_P7sNxnA
493,Volkswagen,POLO,2022,5,94%,80%,70%,70%,https://www.youtube.com/embed/LZ6FlV5044Y
494,Lexus,NX,2022,5,91%,87%,83%,91%,https://www.youtube.com/embed/0Ugf157Uayg
495,DS,4?,2022,5,85%,86%,74%,82%,
496,DS,4?,2022,4,85%,86%,74%,65%,https://www.youtube.com/embed/RYyU4sa2UkU
