,Make,Model,Year,Rating,Adult_Occupant,Child_Occupant,Vulnerable_Road_Users,Safety_Assist ,Video_Url
0,Volkswagen,GOLF,2009,5,97%,84%,61%,71%,https://www.youtube.com/embed/Gix7ymymhTo
1,Toyota,IQ,2009,5,91%,71%,54%,86%,https://www.youtube.com/embed/CE_eUP_BAcU
2,Toyota,AVENSIS,2009,5,90%,86%,53%,86%,https://www.youtube.com/embed/nQLRam6IKBA
3,Subaru,IMPREZA,2009,4,84%,73%,72%,57%,https://www.youtube.com/embed/50zAs2EpWOE
4,Skoda,SUPERB,2009,5,90%,81%,50%,71%,https://www.youtube.com/embed/VAIO_u8QcW8
5,Mitsubishi,LANCER,2009,5,81%,80%,34%,71%,https://www.youtube.com/embed/ANV6hSGw3Bo
6,Mazda,6,2009,5,77%,81%,49%,71%,https://www.youtube.com/embed/mxfn0RXvxs8
7,Citroen,C3 PICASSO,2009,4,81%,76%,43%,40%,https://www.youtube.com/embed/1fXu9OvuQqc
8,Volvo,XC60,2009,5,94%,79%,48%,86%,https://www.youtube.com/embed/M21inFc51t4
9,Volvo,V70,2009,5,88%,84%,43%,71%,https://www.youtube.com/embed/CDcy444Fel8
10,Volkswagen,TIGUAN,2009,5,87%,79%,48%,71%,https://www.youtube.com/embed/BAqhYefi1S8
11,Suzuki,ALTO,2009,3,55%,46%,35%,29%,https://www.youtube.com/embed/rpyWR7x8gOo
12,Peugeot,3008,2009,5,86%,81%,31%,97%,https://www.youtube.com/embed/7F13wYMldzg
13,Opel,INSIGNIA,2009,5,94%,79%,40%,71%,https://www.youtube.com/embed/pida_0FL8GA
14,Kia,SOUL,2009,5,87%,86%,39%,86%,https://www.youtube.com/embed/okQz7PHjULc
15,Hyundai,I20,2009,5,88%,83%,64%,86%,https://www.youtube.com/embed/trh5KFy4_x0
16,Honda,JAZZ,2009,5,78%,79%,60%,71%,https://www.youtube.com/embed/mJjUmZKNtbs
17,Honda,CIVIC,2009,5,79%,76%,67%,86%,https://www.youtube.com/embed/TyVDvyBoy_Q
18,Honda,ACCORD,2009,5,86%,79%,54%,86%,https://www.youtube.com/embed/2KVaxOcWxN4
19,Audi,Q5,2009,5,92%,84%,32%,71%,https://www.youtube.com/embed/P55B_p-hOkE
20,Audi,A4,2009,5,93%,84%,39%,71%,https://www.youtube.com/embed/nc1sOwMSTy4
21,Volkswagen,POLO,2009,5,90%,86%,41%,71%,https://www.youtube.com/embed/USas_poHSSI
22,Toyota,PRIUS,2009,5,88%,82%,68%,86%,https://www.youtube.com/embed/mD_tuGe_S_s
23,Subaru,LEGACY,2009,5,79%,73%,58%,71%,https://www.youtube.com/embed/z2gAnW5fT2A
24,Skoda,YETI,2009,5,92%,78%,46%,71%,https://www.youtube.com/embed/CTvP10LSrOU
25,Renault,MEGANE GRAND SCENIC,2009,5,91%,76%,42%,99%,https://www.youtube.com/embed/UhjbeY7GBAk
26,Kia,SORENTO,2009,5,87%,84%,44%,71%,https://www.youtube.com/embed/TItZyPpJVCE
27,Honda,INSIGHT,2009,5,90%,74%,76%,86%,https://www.youtube.com/embed/rwVe5NAGEu0
28,Citroen,C3,2009,4,83%,74%,33%,40%,https://www.youtube.com/embed/3uY-0VRDngk
29,Volvo,C30,2009,5,91%,78%,26%,71%,https://www.youtube.com/embed/ubTxUUBxGds
30,Volkswagen,SCIROCCO,2009,5,87%,73%,53%,71%,https://www.youtube.com/embed/edVRsIZOtjI
31,Toyota,URBAN-CRUISER,2009,3,58%,71%,53%,86%,https://www.youtube.com/embed/YTss05ny-m0
32,Peugeot,5008,2009,5,89%,79%,37%,97%,https://www.youtube.com/embed/PCZFsDrxjrk
33,Peugeot,308,2009,5,83%,70%,33%,97%,https://www.youtube.com/embed/USCINF05Vq4
34,Peugeot,308,2009,5,82%,81%,53%,83%,https://www.youtube.com/embed/unT2YA9vjho
35,Opel,ASTRA,2009,5,95%,84%,46%,71%,https://www.youtube.com/embed/iWy4fmgipI8
36,Mercedes,C-CLASS,2009,5,82%,70%,30%,86%,https://www.youtube.com/embed/2orgbIFId-M
37,Mazda,3,2009,5,86%,84%,51%,71%,https://www.youtube.com/embed/5O5Rupm9u80
38,Nissan,FX?,2009,5,86%,77%,44%,99%,https://www.youtube.com/embed/hZ4zob5OhzY
39,Citroen,DS3,2009,5,87%,71%,35%,83%,https://www.youtube.com/embed/b-VO6QoR7ak
40,Citroen,C5,2009,5,81%,77%,32%,83%,https://www.youtube.com/embed/tfwKgbZJjTQ
41,Citroen,C4,2009,5,87%,78%,46%,89%,https://www.youtube.com/embed/lfadGSsqtCE
42,Chevrolet,SPARK,2009,4,81%,78%,43%,43%,https://www.youtube.com/embed/PcAmU3TTbOw
43,Chevrolet,CRUZE,2009,5,96%,84%,34%,71%,https://www.youtube.com/embed/dlVwDdavJWs
44,Toyota,VERSO,2010,5,89%,75%,69%,86%,https://www.youtube.com/embed/xDzg_YbOwts
45,Seat,EXEO,2010,4,77%,81%,50%,57%,https://www.youtube.com/embed/yOEToKDaiqU
46,Nissan,CUBE,2010,4,83%,64%,56%,84%,https://www.youtube.com/embed/I_Zd5zQzLho
47,Mercedes,GLK-CLASS,2010,5,89%,76%,47%,86%,https://www.youtube.com/embed/O6po96DTHMw
48,Mercedes,E_CLASS,2010,5,86%,77%,59%,86%,https://www.youtube.com/embed/Onlic0DxXug
49,Kia,VENGA,2010,4,79%,66%,64%,71%,https://www.youtube.com/embed/GiBuhFYjadY
50,Citroen,NEMO,2010,3,59%,74%,55%,29%,https://www.youtube.com/embed/87emMrIOyAk
51,Mazda,CX-7,2010,4,76%,79%,43%,71%,https://www.youtube.com/embed/WliL7j0ZI1Q
52,BMW,5 SERIES,2010,5,95%,83%,78%,100%,https://www.youtube.com/embed/lgO8p2cszvY
53,Alfa-Romeo,GIULIETTA,2010,5,97%,85%,63%,86%,https://www.youtube.com/embed/HIPMMbf4SyA
54,Suzuki,SWIFT,2010,5,94%,82%,62%,71%,https://www.youtube.com/embed/6AC7VWkmo64
55,Hyundai,IX35,2010,5,90%,88%,54%,71%,https://www.youtube.com/embed/WMty3nqVnPk
56,Honda,CR-Z,2010,5,93%,80%,71%,86%,https://www.youtube.com/embed/ldWpXdjZSmc
57,Volkswagen,SHARAN,2010,5,96%,80%,46%,71%,https://www.youtube.com/embed/m3IM59tmvyQ
58,Volkswagen,PASSAT,2010,5,91%,77%,54%,71%,https://www.youtube.com/embed/le94KiRSY8A
59,Volkswagen,AMAROK,2010,4,86%,64%,47%,57%,https://www.youtube.com/embed/fUmX4a-E2Qo
60,Seat,ALHAMBRA,2010,5,96%,80%,46%,71%,https://www.youtube.com/embed/m3IM59tmvyQ
61,Opel,MERIVA,2010,5,89%,77%,55%,86%,https://www.youtube.com/embed/FRhPzzfeuG0
62,Nissan,MICRA,2010,4,84%,79%,58%,57%,https://www.youtube.com/embed/c7BGXD9lUV4
63,BMW,COUNTRYMAN,2010,5,84%,83%,63%,71%,https://www.youtube.com/embed/wsg6Ub6HnaA
64,Kia,SPORTAGE,2010,5,93%,86%,49%,86%,https://www.youtube.com/embed/vjqFSuwqICI
65,Jaguar,XF,2010,4,78%,65%,43%,71%,https://www.youtube.com/embed/sNh6g7HlTBs
66,Ford,C-MAX,2010,5,96%,81%,50%,71%,https://www.youtube.com/embed/u13-nDN2FCs
67,Ford,C-MAX,2010,5,92%,83%,50%,71%,https://www.youtube.com/embed/RaBOPXppVt4
68,Citroen,C4,2010,5,90%,85%,43%,97%,https://www.youtube.com/embed/u47tyYZu3TQ
69,Audi,A1,2010,5,90%,79%,49%,86%,https://www.youtube.com/embed/SOEuP95YxR4
70,Skoda,CITIGO,2011,5,89%,80%,46%,86%,https://www.youtube.com/embed/xYZ2ALnQqO4
71,Seat,MII,2011,5,89%,80%,46%,86%,https://www.youtube.com/embed/xYZ2ALnQqO4
72,Peugeot,ION,2011,4,73%,78%,48%,86%,https://www.youtube.com/embed/nJiAyzVmwAk
73,Nissan,JUKE,2011,5,87%,81%,41%,71%,https://www.youtube.com/embed/Zlzv4ZSeg4w
74,Mitsubishi,I-MIEV,2011,4,73%,78%,48%,86%,https://www.youtube.com/embed/nJiAyzVmwAk
75,Mitsubishi,ASX,2011,5,86%,78%,60%,71%,https://www.youtube.com/embed/1VzKCJDN2ts
76,Hyundai,IX20,2011,5,89%,85%,64%,71%,https://www.youtube.com/embed/90dddxNGB40
77,Dacia,DUSTER,2011,3,74%,78%,28%,29%,https://www.youtube.com/embed/VT9SIhjOeew
78,Citroen,C-ZERO,2011,4,73%,78%,48%,86%,https://www.youtube.com/embed/nJiAyzVmwAk
79,Peugeot,508,2011,5,90%,87%,41%,97%,https://www.youtube.com/embed/adpisB5RsCs
80,Lexus,CT200H,2011,5,94%,84%,55%,86%,https://www.youtube.com/embed/TinmjpskuwU
81,Citroen,DS4,2011,5,90%,80%,43%,97%,https://www.youtube.com/embed/72lX1BeUDFY
82,Volkswagen,JETTA,2011,5,94%,86%,56%,71%,https://www.youtube.com/embed/3lIKxSDDdx0
83,Volkswagen,GOLF.1,2011,5,96%,86%,53%,71%,https://www.youtube.com/embed/BcHKBBGW9kA
84,Opel,AMPERA,2011,5,85%,78%,41%,86%,https://www.youtube.com/embed/gnyXYRkjiV0
85,Kia,PICANTO,2011,4,86%,83%,47%,43%,https://www.youtube.com/embed/J_ePp-xVVws
86,Hyundai,I40,2011,5,92%,86%,43%,86%,https://www.youtube.com/embed/K7fuD3_iBVg
87,Citroen,DS5,2011,5,89%,83%,40%,97%,https://www.youtube.com/embed/w2deVmyVbwE
88,Chevrolet,VOLT,2011,5,85%,78%,41%,86%,https://www.youtube.com/embed/gnyXYRkjiV0
89,Chevrolet,ORLANDO,2011,5,95%,79%,49%,71%,https://www.youtube.com/embed/I7lDrnt2aJk
90,Chevrolet,AVEO,2011,5,95%,87%,54%,93%,https://www.youtube.com/embed/OHyKcSGoVwY
91,BMW,X3,2011,5,88%,83%,53%,71%,https://www.youtube.com/embed/qjErFobSMnw
92,Audi,A6,2011,5,91%,83%,41%,86%,https://www.youtube.com/embed/N1EfH4_43D8
93,Toyota,YARIS,2011,5,89%,81%,60%,86%,https://www.youtube.com/embed/Qx58sQSFzSk
94,Opel,ZAFIRA TOURER,2011,5,94%,83%,53%,86%,https://www.youtube.com/embed/mxRweNL8IiI
95,Opel,ASTRA,2011,5,91%,79%,50%,71%,https://www.youtube.com/embed/RVmvjaogHig
96,Lancia,THEMA,2011,5,83%,77%,59%,71%,https://www.youtube.com/embed/wLudmMCHZ9w
97,Hyundai,VELOSTER,2011,5,96%,89%,49%,71%,https://www.youtube.com/embed/cx68v2_ntJU
98,Fiat,FREEMONT,2011,5,83%,82%,50%,71%,https://www.youtube.com/embed/zcq-qMk_aPc
99,Lancia,VOYAGER,2011,4,79%,67%,47%,71%,https://www.youtube.com/embed/OsnBLbyOh1s
100,Chevrolet,CAPTIVA,2011,5,88%,82%,48%,71%,https://www.youtube.com/embed/Th1wb_I_wJU
101,Audi,Q3,2011,5,94%,85%,52%,86%,https://www.youtube.com/embed/W7vAiAvOrJk
102,Volkswagen,UP!,2011,5,89%,80%,46%,86%,https://www.youtube.com/embed/_YhfqnoDlW4
103,Volkswagen,BEETLE,2011,5,92%,90%,53%,86%,https://www.youtube.com/embed/P3PbgjwWQjA
104,Seat,IBIZA,2011,5,82%,77%,59%,71%,https://www.youtube.com/embed/QM9EM6755H0
105,Renault,FLUENCE ZE,2011,4,72%,83%,37%,84%,https://www.youtube.com/embed/sfx41Fs3Y_A
106,MG,6,2011,4,73%,71%,42%,71%,https://www.youtube.com/embed/tRIZRKU29IE
107,Mercedes,C-CLASS COUPE,2011,5,90%,79%,57%,86%,https://www.youtube.com/embed/nHPF2rGxJ0s
108,Mercedes,B-CLASS,2011,5,97%,81%,56%,86%,https://www.youtube.com/embed/azAOqQ85jno
109,Land-Rover,ROVER EVOQUE,2011,5,86%,75%,41%,86%,https://www.youtube.com/embed/ltyzg7F4Z7Q
110,Kia,RIO,2011,5,92%,84%,46%,86%,https://www.youtube.com/embed/D_WrzoB3oGc
111,Jeep,GRAND-CHEROKEE,2011,4,81%,69%,45%,71%,https://www.youtube.com/embed/EGYoM2-WTFc
112,Jaguar,XF,2011,4,79%,73%,62%,71%,https://www.youtube.com/embed/x9zHfnqd38o
113,Fiat,PANDA,2011,4,82%,63%,49%,43%,https://www.youtube.com/embed/egPPoPj0kDY
114,Chevrolet,MALIBU,2011,5,94%,83%,57%,71%,https://www.youtube.com/embed/w04t51TvmcY
115,Volvo,V60,2012,5,94%,82%,64%,100%,https://www.youtube.com/embed/ZXLEx8u3wDs
116,Nissan,LEAF,2012,5,89%,83%,65%,84%,https://www.youtube.com/embed/2USWcvor9fw
117,Ford,FOCUS,2012,5,92%,82%,72%,71%,https://www.youtube.com/embed/-_nVsoZToWc
118,Mercedes,M-CLASS,2012,5,96%,75%,60%,86%,https://www.youtube.com/embed/R4E9zLgdsuU
119,Ford,RANGER,2012,5,96%,86%,81%,71%,https://www.youtube.com/embed/-Kvtyg6UGss
120,Subaru,XV,2012,5,86%,90%,64%,86%,https://www.youtube.com/embed/dq8fl2b-h0w
121,Jeep,COMPASS,2012,2,61%,76%,23%,43%,https://www.youtube.com/embed/uOSdadWa4_4
122,Honda,CIVIC,2012,5,94%,83%,69%,86%,https://www.youtube.com/embed/HYUOnYsoXSY
123,BMW,X1,2012,5,87%,86%,64%,71%,https://www.youtube.com/embed/ziXW49ZDJEE
124,BMW,1 SERIES,2012,5,91%,83%,63%,86%,https://www.youtube.com/embed/ZxmW-REYNfw
125,Peugeot,208,2012,5,88%,78%,61%,83%,https://www.youtube.com/embed/j8xTzEbAHQE
126,Mazda,CX-5,2012,5,94%,87%,64%,86%,https://www.youtube.com/embed/BeAqCuLeld0
127,Hyundai,I30,2012,5,90%,90%,67%,86%,https://www.youtube.com/embed/CF49_vGQJRw
128,BMW,3 SERIES,2012,5,95%,84%,78%,86%,https://www.youtube.com/embed/uiStViDF8Gc
129,Volvo,V40,2012,5,98%,75%,88%,100%,https://www.youtube.com/embed/PivsJODHeks
130,Renault,CLIO,2012,5,88%,89%,66%,99%,https://www.youtube.com/embed/ugrp6FS4tPU
131,Kia,CEED,2012,5,89%,88%,61%,86%,https://www.youtube.com/embed/_XVMU_Y2NOc
132,Isuzu,D-MAX,2012,4,83%,67%,51%,71%,https://www.youtube.com/embed/7vqZfw0CfqE
133,Ford,B-MAX,2012,5,92%,84%,67%,71%,https://www.youtube.com/embed/YB2iM2BUsSE
134,Audi,A3,2012,5,95%,87%,74%,86%,https://www.youtube.com/embed/LrmYJxrNnqc
135,Volkswagen,GOLF,2012,5,94%,89%,65%,71%,https://www.youtube.com/embed/bc5vPX5WhDg
136,Volvo,V60 PLUG-IN HYBRID,2012,5,93%,83%,65%,100%,https://www.youtube.com/embed/FQJ-v8gUMQ0
137,Subaru,F0RESTER,2012,5,91%,91%,73%,86%,https://www.youtube.com/embed/AiwE0RYly58
138,Skoda,RAPID,2012,5,94%,80%,69%,71%,https://www.youtube.com/embed/0n3lXY2cdkY
139,Seat,TOLEDO,2012,5,94%,80%,69%,71%,https://www.youtube.com/embed/0n3lXY2cdkY
140,Seat,LEON,2012,5,94%,92%,70%,71%,https://www.youtube.com/embed/Oh6Cx-XBRy4
141,Opel,MOKKA,2012,5,96%,90%,67%,100%,https://www.youtube.com/embed/re5IiaZSnRM
142,Mitsubishi,OUTLANDER,2012,5,94%,83%,64%,100%,https://www.youtube.com/embed/AwO7umk7n3o
143,Mercedes,A-CLASS,2012,5,93%,81%,67%,86%,https://www.youtube.com/embed/VMYsmDd04KA
144,Land-Rover,ROVER RANGE ROVER	,2012,5,91%,84%,63%,86%,https://www.youtube.com/embed/5XHQNjeIi2w
145,Hyundai,SANTA FE,2012,5,96%,89%,71%,86%,https://www.youtube.com/embed/9fUzOHRFMlA
146,Ford,KUGA,2012,5,94%,86%,70%,100%,https://www.youtube.com/embed/arImbog8rww
147,Ford,FIESTA,2012,5,91%,86%,65%,71%,https://www.youtube.com/embed/tjEuow7I3bo
148,Fiat,500,2012,5,94%,78%,65%,71%,https://www.youtube.com/embed/Jhs4QHBN2Ug
149,Dacia,LODGY,2012,3,72%,77%,44%,29%,https://www.youtube.com/embed/yIEjWifBwo8
150,Toyota,AYGO,2012,3,68%,73%,53%,71%,https://www.youtube.com/embed/eX8kqvUNnJ4
151,Renault,TRAFIC,2012,2,58%,79%,28%,14%,https://www.youtube.com/embed/F3iiuQecZWA
152,Peugeot,EXPERT,2012,3,59%,86%,26%,26%,https://www.youtube.com/embed/BnKUXpq86s4
153,Peugeot,107,2012,3,68%,73%,53%,71%,https://www.youtube.com/embed/eX8kqvUNnJ4
154,Hyundai,H-1,2012,3,55%,75%,34%,43%,https://www.youtube.com/embed/PiexLfwASnU
155,Ford,TRANSIT CUSTOM,2012,5,84%,90%,48%,71%,https://www.youtube.com/embed/16ul9X7UHgY
156,Fiat,SCUDO,2012,3,59%,86%,26%,26%,https://www.youtube.com/embed/BnKUXpq86s4
157,Citroen,JUMPY,2012,3,59%,86%,26%,26%,https://www.youtube.com/embed/BnKUXpq86s4
158,Citroen,C1,2012,3,68%,73%,53%,71%,https://www.youtube.com/embed/eX8kqvUNnJ4
159,Toyota,RAV4,2013,5,89%,82%,66%,66%,https://www.youtube.com/embed/uzGgrO-5wjw
160,Toyota,AURIS,2013,5,92%,84%,68%,66%,https://www.youtube.com/embed/AMTqwJKBAFg
161,Skoda,OCTAVIA,2013,5,93%,86%,66%,66%,https://www.youtube.com/embed/uayRqZIJyOs
162,Renault,ZOE,2013,5,89%,80%,66%,85%,https://www.youtube.com/embed/LpIEiG5a3yM
163,Mercedes,CITAN-KOMBI,2013,3,74%,69%,56%,33%,https://www.youtube.com/embed/aWr99MfdJcc
164,Renault,CAPTUR,2013,5,88%,79%,61%,81%,https://www.youtube.com/embed/LRzbOSF49eM
165,Nissan,EVALIA,2013,3,68%,81%,67%,55%,https://www.youtube.com/embed/Xmj7ULLo_IA
166,Dacia,SANDERO,2013,4,80%,79%,57%,55%,https://www.youtube.com/embed/5Asusu4cXcE
167,Chevrolet,TRAX,2013,5,94%,85%,64%,81%,https://www.youtube.com/embed/BA9qw6bo1to
168,Kia,CARENS,2013,5,94%,76%,64%,81%,https://www.youtube.com/embed/cTPWykpKxmQ
169,Honda,CR-V,2013,5,93%,74%,68%,66%,https://www.youtube.com/embed/LwyQp29bB3U
170,Citroen,C4 PICASSO,2013,5,86%,88%,68%,81%,https://www.youtube.com/embed/xc81A3LdcLg
171,Citroen,SPACETOURER,2013,5,86%,88%,68%,81%,https://www.youtube.com/embed/xc81A3LdcLg
172,Toyota,COROLLA,2013,5,94%,82%,67%,66%,https://www.youtube.com/embed/8Ib9LEwK8z0
173,Opel,ADAM,2013,4,87%,72%,65%,81%,https://www.youtube.com/embed/Ds34Xlzxli4
174,Mitsubishi,SPACE STAR,2013,4,90%,72%,73%,55%,https://www.youtube.com/embed/iO1P-DFIfps
175,Mitsubishi,MIRAGE,2013,4,90%,72%,73%,55%,https://www.youtube.com/embed/iO1P-DFIfps
176,Mazda,6,2013,5,92%,77%,66%,81%,https://www.youtube.com/embed/DxdXGNGW0PQ
177,Lexus,IS,2013,5,91%,85%,80%,66%,https://www.youtube.com/embed/2FbskRzNKaU
178,Suzuki,SX4,2013,5,92%,80%,72%,81%,https://www.youtube.com/embed/XCYywh5XV98
179,Peugeot,2008,2013,5,88%,77%,72%,70%,
180,Mercedes,CLA,2013,5,91%,75%,74%,81%,https://www.youtube.com/embed/w7GuPk7u4Uk
181,Jeep,CHEROKEE,2013,5,92%,79%,67%,74%,https://www.youtube.com/embed/VCgfb0dJM14
182,Volkswagen,T5,2013,4,79%,74%,32%,57%,https://www.youtube.com/embed/IndFKiLHD30
183,Peugeot,308,2013,5,92%,79%,64%,81%,https://www.youtube.com/embed/PXVssblYSb4
184,Nissan,NOTE,2013,4,86%,82%,58%,70%,https://www.youtube.com/embed/D3ELCiGr1k4
185,Mitsubishi,OUTLANDER PHEV,2013,5,88%,84%,64%,81%,https://www.youtube.com/embed/XnlvF4SZGvk
186,Mazda,3,2013,5,93%,86%,65%,81%,https://www.youtube.com/embed/Fgtp1JuJlVU
187,Maserati,GHIBLI,2013,5,95%,79%,74%,81%,https://www.youtube.com/embed/zq8Ljz380wM
188,Nissan,Q50?,2013,5,86%,85%,67%,81%,https://www.youtube.com/embed/WqPnJcfAYRs
189,Ford,TOURNEO CONNECT,2013,5,94%,85%,62%,70%,https://www.youtube.com/embed/JapkTv9xW1U
190,Ford,ECOSPORT?,2013,4,93%,77%,58%,55%,https://www.youtube.com/embed/3eUusPP5zJM
191,BMW,I3,2013,4,86%,81%,57%,55%,https://www.youtube.com/embed/2greh-OyBOU
192,Peugeot,NEW PARTNER,2014,3,56%,74%,63%,48%,https://www.youtube.com/embed/94z9XCOPV-0
193,Peugeot,301,2014,3,71%,75%,54%,33%,https://www.youtube.com/embed/4G5Ji5kpJfU
194,Peugeot,108,2014,4,80%,80%,62%,56%,https://www.youtube.com/embed/87boTZGKLT8
195,Citroen,C1,2014,4,80%,80%,62%,56%,https://www.youtube.com/embed/87boTZGKLT8
196,Nissan,QASHQAI,2014,5,88%,83%,69%,79%,https://www.youtube.com/embed/s39wGFwNKhY
197,Mercedes,C-CLASS,2014,5,92%,84%,77%,70%,https://www.youtube.com/embed/bScbT_bo_WU
198,Hyundai,I10,2014,4,79%,80%,71%,56%,https://www.youtube.com/embed/9ydwNWD140k
199,Volkswagen,GOLF SPORTSVAN,2014,5,87%,85%,62%,73%,https://www.youtube.com/embed/Bl8DPIxoo3Y
200,Renault,MEGANE,2014,3,83%,78%,60%,48%,https://www.youtube.com/embed/SotLkx0gz7A
201,MG,3,2014,3,69%,71%,59%,38%,https://www.youtube.com/embed/af4tFF92R-I
202,Ford,TOURNEO-COURIER,2014,4,84%,84%,74%,56%,https://www.youtube.com/embed/5yFeUUGRy4U
203,Citroen,C-ELYSEE,2014,3,71%,75%,54%,33%,https://www.youtube.com/embed/4G5Ji5kpJfU
204,Toyota,AYGO,2014,4,80%,80%,62%,56%,https://www.youtube.com/embed/87boTZGKLT8
205,Renault,TWINGO,2014,4,78%,81%,68%,56%,https://www.youtube.com/embed/kYAhRmziL4g
206,Nissan,E-NV200,2014,3,75%,80%,60%,38%,https://www.youtube.com/embed/huAqXQn_Qp0
207,Mercedes,GLA,2014,5,96%,88%,67%,70%,https://www.youtube.com/embed/7Mxj2aj_X4s
208,Citroen,BERLINGO,2014,3,56%,74%,63%,48%,https://www.youtube.com/embed/94z9XCOPV-0
209,Nissan,X TRAIL,2014,5,86%,83%,75%,75%,https://www.youtube.com/embed/yHETLFdB2nA
210,Mercedes,V-CLASS,2014,5,93%,87%,67%,85%,https://www.youtube.com/embed/pFui3ZQQD88
211,Citroen,C4 CACTUS,2014,4,82%,79%,80%,56%,https://www.youtube.com/embed/Ef6eZqaRJ3o
212,Tesla,MODEL-S,2014,5,82%,77%,66%,71%,https://www.youtube.com/embed/7uhhYKJWEBw
213,Suzuki,CELERIO,2014,3,61%,74%,68%,38%,https://www.youtube.com/embed/k0AwHKJwz9Q
214,Skoda,FABIA,2014,5,81%,81%,69%,69%,https://www.youtube.com/embed/fP7hq-_o5-s
215,Renault,MEGANE,2014,4,83%,78%,60%,56%,https://www.youtube.com/embed/T5QSEq-iZbE
216,Nissan,PULSAR?,2014,5,84%,81%,75%,68%,https://www.youtube.com/embed/pzw73e2OHZg
217,Kia,SOUL,2014,4,84%,82%,59%,56%,https://www.youtube.com/embed/nu22PPjgOH8
218,Kia,SOUL,2014,4,75%,82%,59%,56%,https://www.youtube.com/embed/k37BGC4doq8
219,BMW,2-SERIES-ACTIVE-TOURER,2014,5,84%,85%,60%,70%,https://www.youtube.com/embed/n_h_EXPX_mo
220,Volkswagen,PASSAT,2014,5,85%,87%,66%,76%,https://www.youtube.com/embed/3vuoBJQiHFE
221,Subaru,OUTBACK,2014,5,85%,87%,70%,73%,https://www.youtube.com/embed/2fjBXicoyJQ
222,Smart,FORTWO,2014,4,82%,80%,56%,56%,https://www.youtube.com/embed/iXUBU0eieLc
223,Smart,FORFOUR,2014,4,78%,77%,65%,56%,https://www.youtube.com/embed/dh8KcHhixYM
224,Porsche,MACAN,2014,5,88%,87%,60%,66%,https://www.youtube.com/embed/2CC2TIqtWCE
225,Opel,CORSA,2014,4,79%,77%,71%,56%,https://www.youtube.com/embed/kXeyJklwAY4
226,BMW,COOPER,2014,4,79%,73%,66%,56%,https://www.youtube.com/embed/nYw8Ddz1_nc
227,Lexus,NX,2014,5,82%,82%,69%,71%,https://www.youtube.com/embed/qs8LqCYXpO8
228,Land-Rover,DISCOVERY SPORT,2014,5,93%,83%,69%,82%,https://www.youtube.com/embed/LKuLM1sldMY
229,Kia,SORENTO,2014,5,90%,83%,67%,71%,https://www.youtube.com/embed/bu7D2Vzg3ic
230,Jeep,RENEGADE,2014,5,87%,85%,65%,74%,https://www.youtube.com/embed/mkUYyn2Lde0
231,Ford,MONDEO,2014,5,86%,82%,66%,66%,https://www.youtube.com/embed/q0bP5GoMMwU
232,Dacia,LOGAN,2014,3,57%,75%,55%,38%,https://www.youtube.com/embed/d_p9tFPDyrk
233,Audi,A3,2014,5,82%,78%,66%,68%,https://www.youtube.com/embed/4qRk-yLOotw
234,Renault,TRAFIC,2015,3,52%,91%,53%,57%,https://www.youtube.com/embed/175DwsXW4cc
235,Opel,VIVARO,2015,3,52%,91%,53%,57%,https://www.youtube.com/embed/175DwsXW4cc
236,Audi,TT,2015,4,81%,68%,82%,64%,https://www.youtube.com/embed/_qm3t2NarWg
237,Suzuki,VITARA,2015,5,89%,85%,76%,75%,https://www.youtube.com/embed/WW9BwW5U4n4
238,Renault,ESPACE,2015,5,82%,89%,70%,80%,https://www.youtube.com/embed/5V25aABfHkY
239,Mazda,2,2015,4,86%,78%,84%,64%,https://www.youtube.com/embed/uE0MKOa0VTU
240,Fiat,500X,2015,4,86%,85%,74%,64%,https://www.youtube.com/embed/Wf3ni-qIzxY
241,Skoda,SUPERB,2015,5,86%,86%,71%,76%,https://www.youtube.com/embed/5iM_zsw278Y
242,Hyundai,I20,2015,4,85%,73%,79%,64%,https://www.youtube.com/embed/MBUPwFdKOQ0
243,Fiat,PANDA,2015,3,70%,77%,50%,46%,https://www.youtube.com/embed/ynlKeHgLawg
244,Volkswagen,TOURAN,2015,5,88%,89%,71%,76%,https://www.youtube.com/embed/YVQtsk7j0K4
245,Volvo,XC90,2015,5,97%,87%,72%,94%,https://www.youtube.com/embed/TEyL3N0aIdk
246,Toyota,AVENSIS,2015,5,93%,85%,78%,81%,https://www.youtube.com/embed/tVeNGsxpLMc
247,Renault,KADJAR,2015,5,89%,81%,74%,71%,https://www.youtube.com/embed/xUWP_Wd_xqo
248,Mitsubishi,L200,2015,4,81%,84%,76%,64%,https://www.youtube.com/embed/j-eF4n2oyQ4
249,Mazda,CX-3,2015,4,85%,79%,84%,64%,https://www.youtube.com/embed/mRyR6xghDYw
250,Ford,S-MAX,2015,5,87%,87%,79%,71%,https://www.youtube.com/embed/8_mA9ZdGW1s
251,Ford,GALAXY,2015,5,87%,87%,79%,71%,https://www.youtube.com/embed/8_mA9ZdGW1s
252,Audi,Q7,2015,5,94%,88%,70%,76%,https://www.youtube.com/embed/tmKF0fA_r1s
253,Opel,KARL,2015,4,74%,72%,68%,64%,https://www.youtube.com/embed/GfciJHSYYQo
254,Mazda,MX-5,2015,4,84%,80%,93%,64%,https://www.youtube.com/embed/UIjhKoISJyM
255,Hyundai,TUCSON,2015,5,86%,85%,71%,71%,https://www.youtube.com/embed/jHuckiKSWBU
256,Volkswagen,CADDY,2015,4,84%,78%,58%,68%,https://www.youtube.com/embed/XcBp9xpyL5o
257,Honda,JAZZ,2015,5,93%,85%,73%,71%,https://www.youtube.com/embed/PHptsZglju8
258,Honda,HR-V,2015,5,86%,79%,72%,71%,https://www.youtube.com/embed/BF7p49iasuQ
259,Renault,TALISMAN,2015,5,86%,84%,68%,76%,https://www.youtube.com/embed/f-KjiaKoTMM
260,Renault,MEGANE,2015,5,88%,87%,71%,71%,https://www.youtube.com/embed/bKf7XOBP6y4
261,Opel,ASTRA,2015,5,86%,84%,83%,75%,https://www.youtube.com/embed/p_lh1kJSPx4
262,Nissan,NAVARA,2015,4,79%,78%,78%,68%,https://www.youtube.com/embed/zzhmwtUO-zk
263,BMW,CLUBMAN,2015,4,90%,68%,68%,67%,https://www.youtube.com/embed/Uaavu8TG2s4
264,Mercedes,GLC,2015,5,95%,89%,82%,71%,https://www.youtube.com/embed/fIds6G7m-iw
265,Lexus,RX,2015,5,91%,82%,79%,77%,https://www.youtube.com/embed/hLyCPC472II
266,Lancia,YPSILON,2015,2,44%,79%,64%,38%,https://www.youtube.com/embed/CKz7KU3A-3Q
267,Kia,SPORTAGE,2015,5,90%,83%,66%,71%,https://www.youtube.com/embed/dinp6dhJa5I
268,Kia,OPTIMA,2015,5,89%,86%,67%,71%,https://www.youtube.com/embed/YDIqEmeiKJo
269,Jaguar,XF,2015,5,92%,84%,80%,83%,https://www.youtube.com/embed/9Yk-UJpG7lQ
270,Jaguar,XE,2015,5,92%,82%,81%,82%,https://www.youtube.com/embed/C-Yj16qQR7Y
271,Nissan,Q30?,2015,5,84%,86%,91%,81%,https://www.youtube.com/embed/nGs-Vbf1Vhc
272,BMW,Z4,2015,3,69%,61%,91%,46%,https://www.youtube.com/embed/t3z4lzsLe0c
273,BMW,X1,2015,5,90%,87%,74%,77%,https://www.youtube.com/embed/lQZkcHi_FyU
274,BMW,X2,2015,5,90%,87%,74%,77%,https://www.youtube.com/embed/lQZkcHi_FyU
275,Toyota,PROACE,2015,5,87%,91%,64%,78%,https://www.youtube.com/embed/6lfV8O3Qsg4
276,Peugeot,TRAVELLER?,2015,5,87%,91%,64%,78%,https://www.youtube.com/embed/6lfV8O3Qsg4
277,Citroen,SPACETOURER,2015,5,87%,91%,64%,78%,https://www.youtube.com/embed/6lfV8O3Qsg4
278,Audi,A4,2015,5,89%,87%,75%,75%,https://www.youtube.com/embed/e8wxUZjS-Kk
279,Audi,A5,2015,5,89%,87%,75%,75%,https://www.youtube.com/embed/e8wxUZjS-Kk
280,Alfa-Romeo,GIULIA,2016,5,98%,81%,69%,60%,https://www.youtube.com/embed/7YkddjbcQew
281,Mercedes,E_CLASS,2016,5,95%,90%,77%,62%,https://www.youtube.com/embed/oEcplOsn0KU
282,Mercedes,CLS-CLASS?,2016,5,95%,90%,77%,62%,https://www.youtube.com/embed/oEcplOsn0KU
283,Toyota,C-HR,2017,5,95%,77%,76%,78%,https://www.youtube.com/embed/ICiXkXA-Mw8
284,Land-Rover,DISCOVERY,2017,5,90%,80%,75%,73%,https://www.youtube.com/embed/SByJ1pJB3GA
285,Ford,KA+?,2017,3,73%,61%,57%,29%,https://www.youtube.com/embed/HExp6oVWXn4
286,BMW,5 SERIES,2017,5,91%,85%,81%,59%,https://www.youtube.com/embed/f5HXYUKzFY0
287,Opel,INSIGNIA,2017,5,93%,85%,78%,69%,https://www.youtube.com/embed/uWghFMcGjvo
288,Alfa-Romeo,STELVIO,2017,5,97%,84%,71%,60%,https://www.youtube.com/embed/fj0IQfMPhew
289,Opel,GRANDLAND X,2017,5,84%,87%,63%,60%,https://www.youtube.com/embed/izMUasiB7hA
290,Opel,AMPERA-E,2017,4,82%,73%,75%,72%,https://www.youtube.com/embed/ulbeSJSDQhs
291,Mercedes,C-CLASS CABRIOLET,2017,5,89%,79%,66%,53%,https://www.youtube.com/embed/oUM2YwJQvUs
292,Mazda,CX-5,2017,5,95%,80%,78%,59%,https://www.youtube.com/embed/yqg8c7ao7uE
293,Land-Rover,RANGE-ROVER-VELAR?,2017,5,93%,85%,74%,72%,https://www.youtube.com/embed/Vz1x-GFI4ng
294,Volkswagen,T-ROC,2017,5,96%,87%,79%,71%,https://www.youtube.com/embed/amhH_XWPVJw
295,Opel,CROSSLAND X,2017,5,85%,84%,62%,57%,https://www.youtube.com/embed/qCfDT3Qtrzk
296,Mitsubishi,ECLIPSE CROSS,2017,5,97%,78%,80%,71%,https://www.youtube.com/embed/V7n_0BAH4Qs
297,Citroen,C3 AIRCROSS,2017,5,85%,82%,64%,60%,https://www.youtube.com/embed/8317m7gPlGs
298,Mercedes,X-CLASS,2017,5,90%,87%,80%,77%,https://www.youtube.com/embed/akbJNwPSKY4
299,Jaguar,E-PACE,2017,5,86%,87%,77%,72%,https://www.youtube.com/embed/v0kelR06LPU
300,DS,7-CROSSBACK?,2017,5,91%,87%,73%,76%,https://www.youtube.com/embed/ZIewvVZ4Ma0
301,Citroen,E-MEHARI,2017,3,74%,78%,48%,25%,https://www.youtube.com/embed/MPDkCqokAHY
302,BMW,X3,2017,5,93%,84%,70%,58%,https://www.youtube.com/embed/2CF5x0Ix51c
303,BMW,X4,2017,5,93%,84%,70%,58%,https://www.youtube.com/embed/2CF5x0Ix51c
304,Opel,KARL,2017,3,61%,60%,58%,25%,https://www.youtube.com/embed/Z0es0scUPME
305,Jaguar,F-PACE,2017,5,93%,85%,80%,72%,https://www.youtube.com/embed/SD15DP3RLW4
306,Ford,C-MAX,2017,3,76%,60%,59%,29%,https://www.youtube.com/embed/1wi_yXVP76U
307,Ford,C-MAX,2017,3,76%,60%,59%,29%,https://www.youtube.com/embed/1wi_yXVP76U
308,BMW,6 SERIES,2017,5,86%,85%,81%,59%,https://www.youtube.com/embed/6RQoj3aI0EQ
309,Alfa-Romeo,GIULIETTA,2017,3,72%,56%,59%,25%,https://www.youtube.com/embed/9OA5O3uJGF4
310,Ford,TOURNEO CONNECT,2018,4,92%,79%,65%,75%,https://www.youtube.com/embed/5p7qVSg_6-E
311,Opel,COMBO,2018,4,91%,81%,58%,68%,https://www.youtube.com/embed/esfiTax8mAk
312,Mercedes,A-CLASS,2018,5,96%,91%,92%,75%,https://www.youtube.com/embed/aT9KJ03-jDA
313,Jaguar,I-PACE,2018,5,91%,81%,73%,81%,https://www.youtube.com/embed/1cxn3TfziE0
314,Hyundai,SANTA FE,2018,5,94%,88%,67%,76%,https://www.youtube.com/embed/u3KBRi2kYyY
315,Toyota,PROACE CITY,2018,4,91%,81%,58%,68%,https://www.youtube.com/embed/y40OEYoPBZ8
316,Mercedes,G-CLASS,2019,5,90%,83%,78%,72%,https://www.youtube.com/embed/oKYyRWFuhas
317,Honda,CR-V,2019,5,93%,83%,70%,76%,https://www.youtube.com/embed/GIaZ39UY9II
318,Land-Rover,ROVER EVOQUE,2019,5,94%,87%,72%,73%,https://www.youtube.com/embed/1xOKGjMRF1Q
319,Citroen,C5 AIRCROSS,2019,5,89%,86%,67%,82%,https://www.youtube.com/embed/ySKq9yl1e60
320,Citroen,C5 AIRCROSS,2019,4,87%,86%,58%,75%,https://www.youtube.com/embed/ySKq9yl1e60
321,Volkswagen,T-CROSS,2019,5,97%,86%,81%,80%,https://www.youtube.com/embed/1124HsYcWUk
322,Audi,e-tron,2019,5,91%,85%,71%,76%,https://www.youtube.com/embed/Go0_PztwYeE
323,Tesla,MODEL-3,2019,5,96%,86%,74%,94%,https://www.youtube.com/embed/cMiZa3HgRVE
324,Mercedes,GLE,2019,5,91%,90%,78%,78%,https://www.youtube.com/embed/16FH8QrENFw
325,Mercedes,B-CLASS,2019,5,96%,90%,78%,75%,https://www.youtube.com/embed/LXiKuxpyhE0
326,Kia,CEED,2019,5,88%,85%,68%,73%,https://www.youtube.com/embed/D1IP0qFadKo
327,Kia,CEED,2019,4,88%,85%,52%,68%,https://www.youtube.com/embed/D1IP0qFadKo
328,DS,3-CROSSBACK,2019,5,96%,86%,64%,76%,https://www.youtube.com/embed/5gLoypicy4Y
329,DS,3-CROSSBACK,2019,4,87%,86%,54%,63%,https://www.youtube.com/embed/5gLoypicy4Y
330,Mercedes,EQC,2019,5,96%,90%,75%,75%,https://www.youtube.com/embed/pgI0fsCtbQo
331,Mercedes,CLA,2019,5,96%,91%,91%,75%,https://www.youtube.com/embed/Z9uQMJS5ajg
332,BMW,3 SERIES,2019,5,97%,87%,87%,76%,https://www.youtube.com/embed/aBAIytptrBQ
333,BMW,1 SERIES,2019,5,83%,87%,76%,72%,https://www.youtube.com/embed/W3U7h24oop4
334,Opel,CORSA,2019,4,84%,86%,66%,69%,https://www.youtube.com/embed/fBr8evB5pYA
335,Mercedes,GLB,2019,5,92%,88%,78%,74%,https://www.youtube.com/embed/HX6-aAZc74Q
336,Mazda,CX-30,2019,5,99%,86%,80%,77%,https://www.youtube.com/embed/EOLZNmIMp28
337,Tesla,MODEL-X,2019,5,98%,81%,72%,94%,https://www.youtube.com/embed/x7Hp2zACGmg
338,BMW,2-SERIES-COUPE,2019,5,94%,87%,76%,72%,https://www.youtube.com/embed/CMuNqDjDPNo
339,Volkswagen,UP!,2019,3,81%,83%,46%,55%,https://www.youtube.com/embed/YM5spunoKHg
340,MG,ZS,2019,5,90%,85%,64%,70%,https://www.youtube.com/embed/EhOQczzFQCI
341,BMW,4 SERIES,2019,5,97%,83%,93%,72%,https://www.youtube.com/embed/Caa2EYx3GDw
342,BMW,4 SERIES,2019,5,96%,80%,93%,72%,https://www.youtube.com/embed/hbgC5MaempQ
343,Mercedes,EQA,2019,5,97%,90%,81%,75%,https://www.youtube.com/embed/8W0Txm5t3w4
344,Mercedes,GLA,2019,5,96%,90%,79%,75%,https://www.youtube.com/embed/o5qQZCfdjU4
345,Mercedes,EQB,2019,5,95%,91%,78%,74%,https://www.youtube.com/embed/2gC48GpbqMc
346,Volkswagen,ID.3?,2020,5,87%,89%,71%,88%,https://www.youtube.com/embed/0P7M8PvG0Pc
347,Mazda,MX-30?,2020,5,91%,87%,68%,73%,https://www.youtube.com/embed/IvnwqWsdd7E
348,Land-Rover,DEFENDER,2020,5,85%,85%,71%,79%, https://www.youtube.com/embed/WpCIrMIctxU
349,Isuzu,D-MAX,2020,5,84%,86%,69%,83%,https://www.youtube.com/embed/TrW-rUnDGlk
350,Skoda,ENYAQ IV,2021,5,94%,89%,71%,82%,https://www.youtube.com/embed/sPP1n95Dcqo
351,Volkswagen,ID.4?,2021,5,93%,89%,76%,85%,https://www.youtube.com/embed/0pCeUL-GB8U
352,Dacia,SANDERO-STEPWAY,2021,2,70%,72%,41%,42%,https://www.youtube.com/embed/vmfjM4lMX50
353,Opel,MOKKA,2021,4,73%,75%,58%,64%,https://www.youtube.com/embed/PJHOa8ImE8E
354,Audi,Q4_e-tron,2021,5,93%,89%,66%,80%,https://www.youtube.com/embed/5H-6JjP2gAI
355,Toyota,YARIS CROSS,2021,5,86%,84%,78%,81%,https://www.youtube.com/embed/F3NKBHyJxV4
356,Hyundai,IONIQ 5,2021,5,88%,86%,63%,88%,https://www.youtube.com/embed/1bq9finOW0s
357,Ford,MUSTANG MACH-E,2021,5,92%,86%,69%,82%,https://www.youtube.com/embed/ncqTRsfLhpI
358,MG,MARVEL-R,2021,4,80%,75%,55%,80%,https://www.youtube.com/embed/q3un_vaxHXw
359,Mercedes,EQS,2021,5,96%,91%,76%,80%,https://www.youtube.com/embed/tBD4Qli4NOM
360,Volkswagen,ID.5?,2021,5,93%,89%,76%,85%,https://www.youtube.com/embed/Zy_uC5LtfMY
361,Ford,TOURNEO CONNECT,2021,5,84%,82%,69%,79%,https://www.youtube.com/embed/C42mveMU0I0
362,Renault,MEGANE,2022,5,85%,88%,65%,79%,https://www.youtube.com/embed/hbKSeESU3CY
363,BMW,2-SERIES-COUPE,2022,4,82%,81%,67%,64%,https://www.youtube.com/embed/2Sy5cogzpO8
364,Honda,HR-V,2022,4,82%,75%,72%,78%,https://www.youtube.com/embed/AwrA14gcteQ
365,Volkswagen,GOLF,2009,5,97%,84%,61%,71%,https://www.youtube.com/embed/Gix7ymymhTo
366,Toyota,IQ,2009,5,91%,71%,54%,86%,https://www.youtube.com/embed/CE_eUP_BAcU
367,Toyota,AVENSIS,2009,5,90%,86%,53%,86%,https://www.youtube.com/embed/nQLRam6IKBA
368,Subaru,IMPREZA,2009,4,84%,73%,72%,57%,https://www.youtube.com/embed/50zAs2EpWOE
369,Skoda,SUPERB,2009,5,90%,81%,50%,71%,https://www.youtube.com/embed/VAIO_u8QcW8
370,Mitsubishi,LANCER,2009,5,81%,80%,34%,71%,https://www.youtube.com/embed/ANV6hSGw3Bo
371,Mazda,6,2009,5,77%,81%,49%,71%,https://www.youtube.com/embed/mxfn0RXvxs8
372,Volvo,XC60,2009,5,94%,79%,48%,86%,https://www.youtube.com/embed/M21inFc51t4
373,Volvo,V70,2009,5,88%,84%,43%,71%,https://www.youtube.com/embed/CDcy444Fel8
374,Volkswagen,TIGUAN,2009,5,87%,79%,48%,71%,https://www.youtube.com/embed/BAqhYefi1S8
375,Suzuki,ALTO,2009,3,55%,46%,35%,29%,https://www.youtube.com/embed/rpyWR7x8gOo
376,Peugeot,3008,2009,5,86%,81%,31%,97%,https://www.youtube.com/embed/7F13wYMldzg
377,Kia,SOUL,2009,5,87%,86%,39%,86%,https://www.youtube.com/embed/okQz7PHjULc
378,Hyundai,I20,2009,5,88%,83%,64%,86%,https://www.youtube.com/embed/trh5KFy4_x0
379,Honda,JAZZ,2009,5,78%,79%,60%,71%,https://www.youtube.com/embed/mJjUmZKNtbs
380,Honda,CIVIC,2009,5,79%,76%,67%,86%,https://www.youtube.com/embed/TyVDvyBoy_Q
381,Honda,ACCORD,2009,5,86%,79%,54%,86%,https://www.youtube.com/embed/2KVaxOcWxN4
382,Audi,Q5,2009,5,92%,84%,32%,71%,https://www.youtube.com/embed/P55B_p-hOkE
383,Audi,A4,2009,5,93%,84%,39%,71%,https://www.youtube.com/embed/nc1sOwMSTy4
384,Volkswagen,POLO,2009,5,90%,86%,41%,71%,https://www.youtube.com/embed/USas_poHSSI
385,Toyota,PRIUS,2009,5,88%,82%,68%,86%,https://www.youtube.com/embed/mD_tuGe_S_s
386,Subaru,LEGACY,2009,5,79%,73%,58%,71%,https://www.youtube.com/embed/z2gAnW5fT2A
387,Skoda,YETI,2009,5,92%,78%,46%,71%,https://www.youtube.com/embed/CTvP10LSrOU
388,Kia,SORENTO,2009,5,87%,84%,44%,71%,https://www.youtube.com/embed/TItZyPpJVCE
389,Honda,INSIGHT,2009,5,90%,74%,76%,86%,https://www.youtube.com/embed/rwVe5NAGEu0
390,Citroen,C3,2009,4,83%,74%,33%,40%,https://www.youtube.com/embed/3uY-0VRDngk
391,Volvo,C30,2009,5,91%,78%,26%,71%,https://www.youtube.com/embed/ubTxUUBxGds
392,Volkswagen,SCIROCCO,2009,5,87%,73%,53%,71%,https://www.youtube.com/embed/edVRsIZOtjI
393,Peugeot,5008,2009,5,89%,79%,37%,97%,https://www.youtube.com/embed/PCZFsDrxjrk
394,Peugeot,308,2009,5,83%,70%,33%,97%,https://www.youtube.com/embed/USCINF05Vq4
395,Peugeot,308,2009,5,82%,81%,53%,83%,https://www.youtube.com/embed/unT2YA9vjho
396,Mazda,3,2009,5,86%,84%,51%,71%,https://www.youtube.com/embed/5O5Rupm9u80
397,Nissan,FX?,2009,5,86%,77%,44%,99%,https://www.youtube.com/embed/hZ4zob5OhzY
398,Citroen,DS3,2009,5,87%,71%,35%,83%,https://www.youtube.com/embed/b-VO6QoR7ak
399,Citroen,C5,2009,5,81%,77%,32%,83%,https://www.youtube.com/embed/tfwKgbZJjTQ
400,Citroen,C4,2009,5,87%,78%,46%,89%,https://www.youtube.com/embed/lfadGSsqtCE
401,Chevrolet,SPARK,2009,4,81%,78%,43%,43%,https://www.youtube.com/embed/PcAmU3TTbOw
402,Chevrolet,CRUZE,2009,5,96%,84%,34%,71%,https://www.youtube.com/embed/dlVwDdavJWs
403,Toyota,VERSO,2010,5,89%,75%,69%,86%,https://www.youtube.com/embed/xDzg_YbOwts
404,Seat,EXEO,2010,4,77%,81%,50%,57%,https://www.youtube.com/embed/yOEToKDaiqU
405,Nissan,CUBE,2010,4,83%,64%,56%,84%,https://www.youtube.com/embed/I_Zd5zQzLho
406,Kia,VENGA,2010,4,79%,66%,64%,71%,https://www.youtube.com/embed/GiBuhFYjadY
407,Citroen,NEMO,2010,3,59%,74%,55%,29%,https://www.youtube.com/embed/87emMrIOyAk
408,Suzuki,SWIFT,2010,5,94%,82%,62%,71%,https://www.youtube.com/embed/6AC7VWkmo64
409,Hyundai,IX35,2010,5,90%,88%,54%,71%,https://www.youtube.com/embed/WMty3nqVnPk
410,Volkswagen,SHARAN,2010,5,96%,80%,46%,71%,https://www.youtube.com/embed/m3IM59tmvyQ
411,Volkswagen,PASSAT,2010,5,91%,77%,54%,71%,https://www.youtube.com/embed/le94KiRSY8A
412,Volkswagen,AMAROK,2010,4,86%,64%,47%,57%,https://www.youtube.com/embed/fUmX4a-E2Qo
413,Seat,ALHAMBRA,2010,5,96%,80%,46%,71%,https://www.youtube.com/embed/m3IM59tmvyQ
414,Nissan,MICRA,2010,4,84%,79%,58%,57%,https://www.youtube.com/embed/c7BGXD9lUV4
415,BMW,COUNTRYMAN,2010,5,84%,83%,63%,71%,https://www.youtube.com/embed/wsg6Ub6HnaA
416,Kia,VENGA,2010,5,89%,85%,64%,71%,https://www.youtube.com/embed/90dddxNGB40
417,Kia,SPORTAGE,2010,5,93%,86%,49%,86%,https://www.youtube.com/embed/vjqFSuwqICI
418,Jaguar,XF,2010,4,78%,65%,43%,71%,https://www.youtube.com/embed/sNh6g7HlTBs
419,Citroen,C4,2010,5,90%,85%,43%,97%,https://www.youtube.com/embed/u47tyYZu3TQ
420,Audi,A1,2010,5,90%,79%,49%,86%,https://www.youtube.com/embed/SOEuP95YxR4
421,Skoda,CITIGO,2011,5,89%,80%,46%,86%,https://www.youtube.com/embed/xYZ2ALnQqO4
422,Seat,MII,2011,5,89%,80%,46%,86%,https://www.youtube.com/embed/xYZ2ALnQqO4
423,Peugeot,ION,2011,4,73%,78%,48%,86%,https://www.youtube.com/embed/nJiAyzVmwAk
424,Nissan,JUKE,2011,5,87%,81%,41%,71%,https://www.youtube.com/embed/Zlzv4ZSeg4w
425,Mitsubishi,ASX,2011,5,86%,78%,60%,71%,https://www.youtube.com/embed/1VzKCJDN2ts
426,Hyundai,IX20,2011,5,89%,85%,64%,71%,https://www.youtube.com/embed/90dddxNGB40
427,Dacia,DUSTER,2011,3,74%,78%,28%,29%,https://www.youtube.com/embed/VT9SIhjOeew
428,Peugeot,508,2011,5,90%,87%,41%,97%,https://www.youtube.com/embed/adpisB5RsCs
429,Lexus,CT200H,2011,5,94%,84%,55%,86%,https://www.youtube.com/embed/TinmjpskuwU
430,Citroen,DS4,2011,5,90%,80%,43%,97%,https://www.youtube.com/embed/72lX1BeUDFY
431,Volkswagen,JETTA,2011,5,94%,86%,56%,71%,https://www.youtube.com/embed/3lIKxSDDdx0
432,Kia,PICANTO,2011,4,86%,83%,47%,43%,https://www.youtube.com/embed/J_ePp-xVVws
433,Hyundai,I40,2011,5,92%,86%,43%,86%,https://www.youtube.com/embed/K7fuD3_iBVg
434,Citroen,DS5,2011,5,89%,83%,40%,97%,https://www.youtube.com/embed/w2deVmyVbwE
435,Chevrolet,VOLT,2011,5,85%,78%,41%,86%,https://www.youtube.com/embed/gnyXYRkjiV0
436,Chevrolet,ORLANDO,2011,5,95%,79%,49%,71%,https://www.youtube.com/embed/I7lDrnt2aJk
437,Chevrolet,AVEO,2011,5,95%,87%,54%,93%,https://www.youtube.com/embed/OHyKcSGoVwY
438,BMW,X3,2011,5,88%,83%,53%,71%,https://www.youtube.com/embed/qjErFobSMnw
439,Audi,A6,2011,5,91%,83%,41%,86%,https://www.youtube.com/embed/N1EfH4_43D8
440,Toyota,YARIS,2011,5,89%,81%,60%,86%,https://www.youtube.com/embed/Qx58sQSFzSk
441,Lancia,THEMA,2011,5,83%,77%,59%,71%,https://www.youtube.com/embed/wLudmMCHZ9w
442,Hyundai,VELOSTER,2011,5,96%,89%,49%,71%,https://www.youtube.com/embed/cx68v2_ntJU
443,Fiat,FREEMONT,2011,5,83%,82%,50%,71%,https://www.youtube.com/embed/zcq-qMk_aPc
444,Lancia,VOYAGER,2011,4,79%,67%,47%,71%,https://www.youtube.com/embed/OsnBLbyOh1s
445,Chevrolet,CAPTIVA,2011,5,88%,82%,48%,71%,https://www.youtube.com/embed/Th1wb_I_wJU
446,Audi,Q3,2011,5,94%,85%,52%,86%,https://www.youtube.com/embed/W7vAiAvOrJk
447,Volkswagen,BEETLE,2011,5,92%,90%,53%,86%,https://www.youtube.com/embed/P3PbgjwWQjA
448,Seat,IBIZA,2011,5,82%,77%,59%,71%,https://www.youtube.com/embed/QM9EM6755H0
449,MG,6,2011,4,73%,71%,42%,71%,https://www.youtube.com/embed/tRIZRKU29IE
450,Kia,RIO,2011,5,92%,84%,46%,86%,https://www.youtube.com/embed/D_WrzoB3oGc
451,Jaguar,XF,2011,4,79%,73%,62%,71%,https://www.youtube.com/embed/x9zHfnqd38o
452,Fiat,PANDA,2011,4,82%,63%,49%,43%,https://www.youtube.com/embed/egPPoPj0kDY
453,Chevrolet,MALIBU,2011,5,94%,83%,57%,71%,https://www.youtube.com/embed/w04t51TvmcY
454,Volvo,V60,2012,5,94%,82%,64%,100%,https://www.youtube.com/embed/ZXLEx8u3wDs
455,Nissan,LEAF,2012,5,89%,83%,65%,84%,https://www.youtube.com/embed/2USWcvor9fw
456,Ford,FOCUS,2012,5,92%,82%,72%,71%,https://www.youtube.com/embed/-_nVsoZToWc
457,Ford,RANGER,2012,5,96%,86%,81%,71%,https://www.youtube.com/embed/-Kvtyg6UGss
458,Subaru,XV,2012,5,86%,90%,64%,86%,https://www.youtube.com/embed/dq8fl2b-h0w
459,Jeep,COMPASS,2012,2,61%,76%,23%,43%,https://www.youtube.com/embed/uOSdadWa4_4
460,Honda,CIVIC,2012,5,94%,83%,69%,86%,https://www.youtube.com/embed/HYUOnYsoXSY
461,BMW,X1,2012,5,87%,86%,64%,71%,https://www.youtube.com/embed/ziXW49ZDJEE
462,Peugeot,208,2012,5,88%,78%,61%,83%,https://www.youtube.com/embed/j8xTzEbAHQE
463,Hyundai,I30,2012,5,90%,90%,67%,86%,https://www.youtube.com/embed/CF49_vGQJRw
464,Volvo,V40,2012,5,98%,75%,88%,100%,https://www.youtube.com/embed/PivsJODHeks
465,Renault,CLIO,2012,5,88%,89%,66%,99%,https://www.youtube.com/embed/ugrp6FS4tPU
466,Audi,A3,2012,5,95%,87%,74%,86%,https://www.youtube.com/embed/LrmYJxrNnqc
467,Volkswagen,GOLF,2012,5,94%,89%,65%,71%,https://www.youtube.com/embed/bc5vPX5WhDg
468,Subaru,F0RESTER,2012,5,91%,91%,73%,86%,https://www.youtube.com/embed/AiwE0RYly58
469,Skoda,RAPID,2012,5,94%,80%,69%,71%,https://www.youtube.com/embed/0n3lXY2cdkY
470,Seat,TOLEDO,2012,5,94%,80%,69%,71%,https://www.youtube.com/embed/0n3lXY2cdkY
471,Seat,LEON,2012,5,94%,92%,70%,71%,https://www.youtube.com/embed/Oh6Cx-XBRy4
472,Mitsubishi,OUTLANDER,2012,5,94%,83%,64%,100%,https://www.youtube.com/embed/AwO7umk7n3o
473,Ford,KUGA,2012,5,94%,86%,70%,100%,https://www.youtube.com/embed/arImbog8rww
474,Ford,FIESTA,2012,5,91%,86%,65%,71%,https://www.youtube.com/embed/tjEuow7I3bo
475,Fiat,500,2012,5,94%,78%,65%,71%,https://www.youtube.com/embed/Jhs4QHBN2Ug
476,Dacia,LODGY,2012,3,72%,77%,44%,29%,https://www.youtube.com/embed/yIEjWifBwo8
477,Toyota,AYGO,2012,3,68%,73%,53%,71%,https://www.youtube.com/embed/eX8kqvUNnJ4
478,Renault,TRAFIC,2012,2,58%,79%,28%,14%,https://www.youtube.com/embed/F3iiuQecZWA
479,Peugeot,EXPERT,2012,3,59%,86%,26%,26%,https://www.youtube.com/embed/BnKUXpq86s4
480,Peugeot,107,2012,3,68%,73%,53%,71%,https://www.youtube.com/embed/eX8kqvUNnJ4
481,Fiat,SCUDO,2012,3,59%,86%,26%,26%,https://www.youtube.com/embed/BnKUXpq86s4
482,Citroen,JUMPY,2012,3,59%,86%,26%,26%,https://www.youtube.com/embed/BnKUXpq86s4
483,Citroen,C1,2012,3,68%,73%,53%,71%,https://www.youtube.com/embed/eX8kqvUNnJ4
484,Toyota,RAV4,2013,5,89%,82%,66%,66%,https://www.youtube.com/embed/uzGgrO-5wjw
485,Toyota,AURIS,2013,5,92%,84%,68%,66%,https://www.youtube.com/embed/AMTqwJKBAFg
486,Skoda,OCTAVIA,2013,5,93%,86%,66%,66%,https://www.youtube.com/embed/uayRqZIJyOs
487,Renault,ZOE,2013,5,89%,80%,66%,85%,https://www.youtube.com/embed/LpIEiG5a3yM
488,Renault,CAPTUR,2013,5,88%,79%,61%,81%,https://www.youtube.com/embed/LRzbOSF49eM
489,Nissan,EVALIA,2013,3,68%,81%,67%,55%,https://www.youtube.com/embed/Xmj7ULLo_IA
490,Dacia,SANDERO,2013,4,80%,79%,57%,55%,https://www.youtube.com/embed/5Asusu4cXcE
491,Chevrolet,TRAX,2013,5,94%,85%,64%,81%,https://www.youtube.com/embed/BA9qw6bo1to
492,Kia,CARENS,2013,5,94%,76%,64%,81%,https://www.youtube.com/embed/cTPWykpKxmQ
493,Toyota,COROLLA,2013,5,94%,82%,67%,66%,https://www.youtube.com/embed/8Ib9LEwK8z0
494,Mazda,6,2013,5,92%,77%,66%,81%,https://www.youtube.com/embed/DxdXGNGW0PQ
495,Lexus,IS,2013,5,91%,85%,80%,66%,https://www.youtube.com/embed/2FbskRzNKaU
496,Suzuki,SX4,2013,5,92%,80%,72%,81%,https://www.youtube.com/embed/XCYywh5XV98
497,Jeep,CHEROKEE,2013,5,92%,79%,67%,74%,https://www.youtube.com/embed/VCgfb0dJM14
498,Volkswagen,T5,2013,4,79%,74%,32%,57%,https://www.youtube.com/embed/IndFKiLHD30
499,Peugeot,308,2013,5,92%,79%,64%,81%,https://www.youtube.com/embed/PXVssblYSb4
500,Nissan,NOTE,2013,4,86%,82%,58%,70%,https://www.youtube.com/embed/D3ELCiGr1k4
501,Mazda,3,2013,5,93%,86%,65%,81%,https://www.youtube.com/embed/Fgtp1JuJlVU
502,Maserati,GHIBLI,2013,5,95%,79%,74%,81%,https://www.youtube.com/embed/zq8Ljz380wM
503,Nissan,Q50?,2013,5,86%,85%,67%,81%,https://www.youtube.com/embed/WqPnJcfAYRs
504,Ford,ECOSPORT?,2013,4,93%,77%,58%,55%,https://www.youtube.com/embed/3eUusPP5zJM
505,BMW,I3,2013,4,86%,81%,57%,55%,https://www.youtube.com/embed/2greh-OyBOU
506,Peugeot,NEW PARTNER,2014,3,56%,74%,63%,48%,https://www.youtube.com/embed/94z9XCOPV-0
507,Peugeot,301,2014,3,71%,75%,54%,33%,https://www.youtube.com/embed/4G5Ji5kpJfU
508,Peugeot,108,2014,4,80%,80%,62%,56%,https://www.youtube.com/embed/87boTZGKLT8
509,Citroen,C1,2014,4,80%,80%,62%,56%,https://www.youtube.com/embed/87boTZGKLT8
510,Nissan,QASHQAI,2014,5,88%,83%,69%,79%,https://www.youtube.com/embed/s39wGFwNKhY
511,Hyundai,I10,2014,4,79%,80%,71%,56%,https://www.youtube.com/embed/9ydwNWD140k
512,Renault,MEGANE,2014,3,83%,78%,60%,48%,https://www.youtube.com/embed/SotLkx0gz7A
513,MG,3,2014,3,69%,71%,59%,38%,https://www.youtube.com/embed/af4tFF92R-I
514,Toyota,AYGO,2014,4,80%,80%,62%,56%,https://www.youtube.com/embed/87boTZGKLT8
515,Renault,TWINGO,2014,4,78%,81%,68%,56%,https://www.youtube.com/embed/kYAhRmziL4g
516,Citroen,BERLINGO,2014,3,56%,74%,63%,48%,https://www.youtube.com/embed/94z9XCOPV-0
517,Suzuki,CELERIO,2014,3,61%,74%,68%,38%,https://www.youtube.com/embed/k0AwHKJwz9Q
518,Skoda,FABIA,2014,5,81%,81%,69%,69%,https://www.youtube.com/embed/fP7hq-_o5-s
519,Renault,MEGANE,2014,4,83%,78%,60%,56%,https://www.youtube.com/embed/T5QSEq-iZbE
520,Nissan,PULSAR?,2014,5,84%,81%,75%,68%,https://www.youtube.com/embed/pzw73e2OHZg
521,Kia,SOUL,2014,4,75%,82%,59%,56%,https://www.youtube.com/embed/k37BGC4doq8
522,Volkswagen,PASSAT,2014,5,85%,87%,66%,76%,https://www.youtube.com/embed/3vuoBJQiHFE
523,Subaru,OUTBACK,2014,5,85%,87%,70%,73%,https://www.youtube.com/embed/2fjBXicoyJQ
524,Smart,FORTWO,2014,4,82%,80%,56%,56%,https://www.youtube.com/embed/iXUBU0eieLc
525,Smart,FORFOUR,2014,4,78%,77%,65%,56%,https://www.youtube.com/embed/dh8KcHhixYM
526,Porsche,MACAN,2014,5,88%,87%,60%,66%,https://www.youtube.com/embed/2CC2TIqtWCE
527,BMW,COOPER,2014,4,79%,73%,66%,56%,https://www.youtube.com/embed/nYw8Ddz1_nc
528,Lexus,NX,2014,5,82%,82%,69%,71%,https://www.youtube.com/embed/qs8LqCYXpO8
529,Kia,SORENTO,2014,5,90%,83%,67%,71%,https://www.youtube.com/embed/bu7D2Vzg3ic
530,Jeep,RENEGADE,2014,5,87%,85%,65%,74%,https://www.youtube.com/embed/mkUYyn2Lde0
531,Ford,MONDEO,2014,5,86%,82%,66%,66%,https://www.youtube.com/embed/q0bP5GoMMwU
532,Renault,TRAFIC,2015,3,52%,91%,53%,57%,https://www.youtube.com/embed/175DwsXW4cc
533,Audi,TT,2015,4,81%,68%,82%,64%,https://www.youtube.com/embed/_qm3t2NarWg
534,Suzuki,VITARA,2015,5,89%,85%,76%,75%,https://www.youtube.com/embed/WW9BwW5U4n4
535,Renault,ESPACE,2015,5,82%,89%,70%,80%,https://www.youtube.com/embed/5V25aABfHkY
536,Mazda,2,2015,4,86%,78%,84%,64%,https://www.youtube.com/embed/uE0MKOa0VTU
537,Fiat,500X,2015,4,86%,85%,74%,64%,https://www.youtube.com/embed/Wf3ni-qIzxY
538,Skoda,SUPERB,2015,5,86%,86%,71%,76%,https://www.youtube.com/embed/5iM_zsw278Y
539,Hyundai,I20,2015,4,85%,73%,79%,64%,https://www.youtube.com/embed/MBUPwFdKOQ0
540,Volkswagen,TOURAN,2015,5,88%,89%,71%,76%,https://www.youtube.com/embed/YVQtsk7j0K4
541,Volvo,XC90,2015,5,97%,87%,72%,94%,https://www.youtube.com/embed/TEyL3N0aIdk
542,Toyota,AVENSIS,2015,5,93%,85%,78%,81%,https://www.youtube.com/embed/tVeNGsxpLMc
543,Renault,KADJAR,2015,5,89%,81%,74%,71%,https://www.youtube.com/embed/xUWP_Wd_xqo
544,Mitsubishi,L200,2015,4,81%,84%,76%,64%,https://www.youtube.com/embed/j-eF4n2oyQ4
545,Ford,GALAXY,2015,5,87%,87%,79%,71%,https://www.youtube.com/embed/8_mA9ZdGW1s
546,Audi,Q7,2015,5,94%,88%,70%,76%,https://www.youtube.com/embed/tmKF0fA_r1s
547,Hyundai,TUCSON,2015,5,86%,85%,71%,71%,https://www.youtube.com/embed/jHuckiKSWBU
548,Volkswagen,CADDY,2015,4,84%,78%,58%,68%,https://www.youtube.com/embed/XcBp9xpyL5o
549,Honda,JAZZ,2015,5,93%,85%,73%,71%,https://www.youtube.com/embed/PHptsZglju8
550,Renault,TALISMAN,2015,5,86%,84%,68%,76%,https://www.youtube.com/embed/f-KjiaKoTMM
551,Renault,MEGANE,2015,5,88%,87%,71%,71%,https://www.youtube.com/embed/bKf7XOBP6y4
552,Nissan,NAVARA,2015,4,79%,78%,78%,68%,https://www.youtube.com/embed/zzhmwtUO-zk
553,BMW,CLUBMAN,2015,4,90%,68%,68%,67%,https://www.youtube.com/embed/Uaavu8TG2s4
554,Lexus,RX,2015,5,91%,82%,79%,77%,https://www.youtube.com/embed/hLyCPC472II
555,Lancia,YPSILON,2015,2,44%,79%,64%,38%,https://www.youtube.com/embed/CKz7KU3A-3Q
556,Kia,SPORTAGE,2015,5,90%,83%,66%,71%,https://www.youtube.com/embed/dinp6dhJa5I
557,Kia,OPTIMA,2015,5,89%,86%,67%,71%,https://www.youtube.com/embed/YDIqEmeiKJo
558,Jaguar,XF,2015,5,92%,84%,80%,83%,https://www.youtube.com/embed/9Yk-UJpG7lQ
559,Jaguar,XE,2015,5,92%,82%,81%,82%,https://www.youtube.com/embed/C-Yj16qQR7Y
560,Nissan,Q30?,2015,5,84%,86%,91%,81%,https://www.youtube.com/embed/nGs-Vbf1Vhc
561,BMW,Z4,2015,3,69%,61%,91%,46%,https://www.youtube.com/embed/t3z4lzsLe0c
562,Toyota,PROACE,2015,5,87%,91%,64%,78%,https://www.youtube.com/embed/6lfV8O3Qsg4
563,Peugeot,TRAVELLER?,2015,5,87%,91%,64%,78%,https://www.youtube.com/embed/6lfV8O3Qsg4
564,Citroen,SPACETOURER,2015,5,87%,91%,64%,78%,https://www.youtube.com/embed/6lfV8O3Qsg4
565,Toyota,PRIUS,2016,5,92%,82%,77%,85%,https://www.youtube.com/embed/qW0Z4QO6NTc
566,Suzuki,BALENO,2016,4,85%,73%,65%,43%,https://www.youtube.com/embed/q-KrtWeTJqY
567,Suzuki,BALENO,2016,3,80%,73%,65%,25%,https://www.youtube.com/embed/q-KrtWeTJqY
568,Volkswagen,TIGUAN,2016,5,96%,84%,72%,68%,https://www.youtube.com/embed/iBb6CDX581s
569,Seat,ATECA,2016,5,93%,84%,71%,60%,https://www.youtube.com/embed/GgxIM1BeoXg
570,Toyota,HILUX,2016,5,93%,82%,83%,63%,https://www.youtube.com/embed/UgwSIN-5w98
571,Toyota,HILUX,2016,3,85%,82%,73%,25%,https://www.youtube.com/embed/UgwSIN-5w98
572,Subaru,LEVORG,2016,5,92%,83%,75%,68%,https://www.youtube.com/embed/2JT3QTIq_KA
573,Renault,SCENIC,2016,5,90%,82%,67%,59%,https://www.youtube.com/embed/HGSkTI9i0Vk
574,Kia,NIRO,2016,5,91%,80%,70%,81%,https://www.youtube.com/embed/hqPMa97gEQs
575,Kia,NIRO,2016,4,83%,80%,57%,59%,https://www.youtube.com/embed/hqPMa97gEQs
576,Peugeot,3008,2016,5,86%,85%,67%,58%,https://www.youtube.com/embed/TurKU2XJIOc
577,Peugeot,5008,2016,5,86%,85%,67%,58%,https://www.youtube.com/embed/TurKU2XJIOc
578,Fiat,TIPO,2016,4,82%,60%,62%,57%,https://www.youtube.com/embed/UNWOMhsTd9s
579,Fiat,TIPO,2016,3,82%,60%,62%,25%,https://www.youtube.com/embed/UNWOMhsTd9s
580,Suzuki,IGNIS,2016,5,87%,79%,77%,60%,https://www.youtube.com/embed/OWaPod5S1aA
581,Suzuki,IGNIS,2016,3,79%,79%,67%,25%,https://www.youtube.com/embed/OWaPod5S1aA
582,Ssangyong,XLV,2016,4,82%,62%,65%,43%,https://www.youtube.com/embed/lSW81_LhOU4
583,Ssangyong,TIVOLI,2016,4,82%,62%,65%,43%,https://www.youtube.com/embed/fxWSs5GeGUc
584,Hyundai,IONIQ,2016,5,91%,80%,70%,82%,https://www.youtube.com/embed/a0s5ktlciDk
585,Ford,EDGE,2016,5,85%,76%,67%,89%,https://www.youtube.com/embed/4GP29ECuMe8
586,Audi,Q2,2016,5,93%,86%,70%,60%,https://www.youtube.com/embed/riKGJEdkRs8
587,Volvo,V90,2017,5,95%,80%,76%,93%,https://www.youtube.com/embed/yi3afe2s3gA
588,Volvo,S90,2017,5,95%,80%,76%,93%,https://www.youtube.com/embed/yi3afe2s3gA
589,Ford,MUSTANG,2017,2,72%,32%,64%,16%,https://www.youtube.com/embed/F0StTHnTKK8
590,Fiat,500,2017,3,66%,49%,53%,27%,https://www.youtube.com/embed/jQNcoYIfWqI
591,Citroen,C3,2017,4,88%,83%,59%,58%,https://www.youtube.com/embed/XrK-3SfJCuo
592,Audi,Q5,2017,5,93%,86%,73%,58%,https://www.youtube.com/embed/PATCPmSd2H0
593,Fiat,DOBLÃ’,2017,3,75%,46%,57%,25%,https://www.youtube.com/embed/ckNJ0lG8L_c
594,Suzuki,SWIFT,2017,4,88%,75%,69%,44%,https://www.youtube.com/embed/V1a6DLBhntI
595,Suzuki,SWIFT,2017,3,83%,75%,69%,25%,https://www.youtube.com/embed/V1a6DLBhntI
596,Skoda,KODIAQ,2017,5,92%,77%,71%,54%,https://www.youtube.com/embed/LKLvAsTV69E
597,Nissan,MICRA,2017,5,91%,79%,79%,72%,https://www.youtube.com/embed/etYQPuF1Uuc
598,Nissan,MICRA,2017,4,91%,79%,68%,49%,https://www.youtube.com/embed/etYQPuF1Uuc
599,BMW,COUNTRYMAN,2017,5,90%,80%,64%,51%,https://www.youtube.com/embed/A1E9YPaXfrA
600,Volkswagen,ARTEON,2017,5,96%,85%,85%,82%,https://www.youtube.com/embed/2rI50rLc2pI
601,Seat,IBIZA,2017,5,95%,77%,76%,60%,https://www.youtube.com/embed/zqzh2X4-BBU
602,Hyundai,I30,2017,5,88%,84%,64%,68%,https://www.youtube.com/embed/CwTnW1oXKFw
603,Honda,CIVIC,2017,4,92%,67%,75%,88%,https://www.youtube.com/embed/qMozW_JGcOQ
604,Ford,MUSTANG,2017,3,72%,32%,78%,61%,https://www.youtube.com/embed/FUxx5dxCG08
605,Renault,KOLEOS,2017,5,90%,79%,62%,75%,https://www.youtube.com/embed/8zBxtT2KPxk
606,Kia,RIO,2017,5,93%,84%,71%,59%,
607,Kia,PICANTO,2017,4,87%,64%,54%,47%,
608,Jeep,COMPASS,2017,5,90%,83%,64%,59%,https://www.youtube.com/embed/RlSnsBLWNl4
609,Ford,FIESTA,2017,5,87%,84%,64%,60%,https://www.youtube.com/embed/1djYYB0Ebns
610,Volkswagen,POLO,2017,5,96%,85%,76%,59%,https://www.youtube.com/embed/c_4h0aWirFE
611,Volvo,XC60,2017,5,98%,87%,76%,95%,https://www.youtube.com/embed/-XfkkABFrOM
612,Skoda,KAROQ,2017,5,93%,79%,73%,58%,https://www.youtube.com/embed/Y9th5kvwfzs
613,Seat,ARONA,2017,5,95%,80%,77%,60%,https://www.youtube.com/embed/RtPM153IMlM
614,Subaru,XV,2017,5,94%,89%,84%,68%,https://www.youtube.com/embed/OVoZoBGS2Dg
615,Subaru,IMPREZA,2017,5,94%,89%,82%,68%,https://www.youtube.com/embed/xqg2uvds3t0
616,Porsche,CAYENNE,2017,5,95%,80%,73%,62%,https://www.youtube.com/embed/xUt1Orc5rRc
617,Honda,CIVIC,2017,5,92%,75%,75%,88%,https://www.youtube.com/embed/E2GZXQYqbfo
618,Toyota,YARIS,2017,5,83%,80%,63%,57%,https://www.youtube.com/embed/jbmagBwloY0
619,Toyota,AYGO,2017,4,82%,63%,64%,57%,https://www.youtube.com/embed/xjkNlgmQYLY
620,Toyota,AYGO,2017,3,74%,63%,64%,25%,https://www.youtube.com/embed/xjkNlgmQYLY
621,MG,ZS,2017,3,71%,51%,59%,29%,https://www.youtube.com/embed/PQgS66RL_Bk
622,Kia,STONIC,2017,5,93%,84%,71%,59%,https://www.youtube.com/embed/GLAJLlgt6Kc
623,Kia,STONIC,2017,3,85%,84%,62%,25%,https://www.youtube.com/embed/GLAJLlgt6Kc
624,Kia,STINGER,2017,5,93%,81%,78%,82%,https://www.youtube.com/embed/k5C5cYOagnY
625,Hyundai,KONA,2017,5,87%,85%,62%,60%,https://www.youtube.com/embed/camqewC4JWE
626,Fiat,PUNTO,2017,0,51%,43%,52%,0%,https://www.youtube.com/embed/9N1Q0k6-ebg
627,DS,3,2017,3,69%,37%,55%,29%,https://www.youtube.com/embed/QWXRucG_EK0
628,Dacia,DUSTER,2017,3,71%,66%,56%,37%,https://www.youtube.com/embed/wzQMHbI60TQ
629,Nissan,LEAF,2018,5,93%,86%,71%,71%,https://www.youtube.com/embed/CVeSCjgACiA
630,Volvo,XC40,2018,5,97%,87%,71%,76%,https://www.youtube.com/embed/2g3WS_mYeGM
631,Ford,FOCUS,2018,5,85%,87%,72%,75%,https://www.youtube.com/embed/YMlYUjKXPuU
632,Volkswagen,TOUAREG,2018,5,89%,86%,72%,81%,https://www.youtube.com/embed/URqflxchCwU
633,Suzuki,JIMNY,2018,3,73%,84%,52%,50%,https://www.youtube.com/embed/bhHeNgfLGqU
634,Audi,A6,2018,5,93%,85%,81%,76%,https://www.youtube.com/embed/vgfKw6ypvDg
635,Peugeot,RIFTER,2018,4,91%,81%,58%,68%,https://www.youtube.com/embed/esfiTax8mAk
636,Mazda,6,2018,5,95%,91%,66%,73%,https://www.youtube.com/embed/xd6lnC8VlvU
637,Lexus,ES,2018,5,91%,87%,90%,77%,https://www.youtube.com/embed/6ottgh2XFZ8
638,Hyundai,NEXO,2018,5,94%,87%,67%,80%,https://www.youtube.com/embed/VuAqHRKMiSg
639,Citroen,BERLINGO,2018,4,91%,81%,58%,68%,https://www.youtube.com/embed/esfiTax8mAk
640,Volvo,V60,2018,5,96%,84%,74%,76%,https://www.youtube.com/embed/jIuPI1k_kVU
641,Volvo,S60,2018,5,96%,84%,74%,76%,https://www.youtube.com/embed/jIuPI1k_kVU
642,Peugeot,508,2018,5,96%,86%,71%,79%,https://www.youtube.com/embed/CKbRyq3gfQs
643,Jeep,WRANGLER,2018,1,50%,69%,49%,32%,https://www.youtube.com/embed/zFFXmzG0GDc
644,Fiat,PANDA,2018,0,45%,16%,47%,7%,https://www.youtube.com/embed/wYfiIU1mlig
645,BMW,X5,2018,5,89%,86%,75%,75%,https://www.youtube.com/embed/3UJpWAma8rg
646,Audi,Q3,2018,5,95%,86%,76%,85%,https://www.youtube.com/embed/pPjwBpz4aLE
647,Audi,A7,2018,5,93%,85%,81%,76%,https://www.youtube.com/embed/4oa0QscSjps
648,Seat,TARRACO?,2019,5,97%,84%,79%,79%,https://www.youtube.com/embed/hufUXyz3A4E
649,Toyota,RAV4,2019,5,93%,87%,85%,77%,https://www.youtube.com/embed/3XdLjzLCcNE
650,Toyota,COROLLA,2019,5,95%,84%,86%,77%,https://www.youtube.com/embed/poEzOEJWRMc
651,Renault,CLIO,2019,5,96%,89%,72%,75%,https://www.youtube.com/embed/iZ4MPRUzd9E
652,Mazda,3,2019,5,98%,87%,81%,73%,https://www.youtube.com/embed/sStGn0A67kQ
653,Lexus,UX,2019,5,96%,85%,82%,77%,https://www.youtube.com/embed/wm8k-I8-xHA
654,Skoda,SCALA,2019,5,97%,87%,81%,76%,https://www.youtube.com/embed/T7EMOSQN6IU
655,Skoda,KAMIQ,2019,5,96%,85%,80%,76%,https://www.youtube.com/embed/FiIbkHR8Fwk
656,Ssangyong,KORANDO,2019,5,88%,85%,68%,74%,https://www.youtube.com/embed/F45kXf4cn7o
657,Ford,FOCUS,2019,5,96%,87%,72%,75%,https://www.youtube.com/embed/MQqL5SmXYPw
658,BMW,Z4,2019,5,97%,87%,91%,76%,https://www.youtube.com/embed/pSC83SobU_w
659,Audi,A1,2019,5,95%,85%,73%,80%,https://www.youtube.com/embed/W1CpzPPSqfE
660,Peugeot,208,2019,4,91%,86%,56%,71%,https://www.youtube.com/embed/0kzerYYbavQ
661,Jeep,CHEROKEE,2019,4,80%,78%,56%,69%,https://www.youtube.com/embed/HCENvL4Y1yU
662,Ford,EXPLORER,2019,5,87%,86%,61%,76%,https://www.youtube.com/embed/m1BwHrlBFsc
663,Skoda,OCTAVIA,2019,5,92%,88%,73%,79%,https://www.youtube.com/embed/EuIn9cfV_5k
664,Volkswagen,SHARAN,2019,4,89%,78%,59%,62%,https://www.youtube.com/embed/ruEdbeQTG5E
665,Subaru,F0RESTER,2019,5,97%,91%,80%,78%,https://www.youtube.com/embed/JRuACDnjDXQ
666,Seat,ALHAMBRA,2019,4,89%,78%,59%,62%,https://www.youtube.com/embed/XDbxPxZbHMY
667,Renault,CAPTUR,2019,5,96%,83%,75%,74%,https://www.youtube.com/embed/oxFdoaZDnbM
668,Porsche,TAYCAN,2019,5,85%,83%,70%,73%,https://www.youtube.com/embed/wEzPaH1xhPA
669,Peugeot,2008,2019,5,93%,84%,73%,73%,https://www.youtube.com/embed/JohUe-9MJo8
670,Peugeot,2008,2019,4,91%,84%,62%,68%,https://www.youtube.com/embed/JohUe-9MJo8
671,Jeep,RENEGADE,2019,3,82%,84%,55%,58%,https://www.youtube.com/embed/T1df09k3dV4
672,Ford,MONDEO,2019,5,96%,87%,70%,73%,https://www.youtube.com/embed/J2R1Nc16tOg
673,Ford,KUGA,2019,5,92%,86%,82%,73%,https://www.youtube.com/embed/Uqo1YT8j8EE
674,Audi,Q7,2019,5,92%,86%,71%,72%,https://www.youtube.com/embed/YNiTmMF1h_Y
675,Skoda,CITIGO,2019,3,81%,83%,46%,55%,https://www.youtube.com/embed/033aQn0PlWw
676,Volkswagen,GOLF,2019,5,95%,89%,76%,78%,https://www.youtube.com/embed/A-mkmKic03g
677,Seat,MII,2019,3,81%,83%,46%,55%,https://www.youtube.com/embed/iCzM8-LEnTA
678,Nissan,JUKE,2019,5,94%,85%,81%,73%,https://www.youtube.com/embed/ABlWjHPllbw
679,MG,HS,2019,5,92%,81%,64%,76%,https://www.youtube.com/embed/nyGD3atT3kU
680,Ford,PUMA,2019,5,94%,84%,77%,74%,https://www.youtube.com/embed/kI8ejZ3rr6I
681,Audi,Q8,2019,5,93%,87%,71%,73%,https://www.youtube.com/embed/zUmS-vhV7o4
682,Aiways,1,2019,3,73%,70%,45%,55%,https://www.youtube.com/embed/svb40cfUXWg
683,Renault,ARKANA,2019,5,96%,83%,75%,74%,https://www.youtube.com/embed/U1g7p9LHDs4
684,Toyota,YARIS,2020,5,86%,81%,78%,85%,https://www.youtube.com/embed/DDr307KXpKk
685,Honda,JAZZ,2020,5,87%,83%,80%,76%,https://www.youtube.com/embed/UXehDELNVzo
686,Seat,LEON,2020,5,92%,88%,71%,80%,https://www.youtube.com/embed/xsMsy_PVgN4
687,Kia,SORENTO,2020,5,82%,85%,63%,87%,https://www.youtube.com/embed/LGs8NCHcCxQ
688,Hyundai,I10,2020,3,69%,75%,52%,59%,https://www.youtube.com/embed/txhUtH8MzEA
689,Honda,E?,2020,4,76%,82%,62%,65%,https://www.youtube.com/embed/g45fF2I4BoM
690,Audi,A3,2020,5,89%,81%,68%,73%,https://www.youtube.com/embed/CwdVwF1a6a8
691,Seat,LEON,2020,5,91%,88%,71%,80%,https://www.youtube.com/embed/VELD7sV43Vw
692,Mazda,2,2020,5,86%,81%,78%,85%,https://www.youtube.com/embed/J0KhMcpN5XM
693,Seat,CUPRA FORMENTOR,2021,5,93%,88%,68%,80%,https://www.youtube.com/embed/h_7fIFWuRxE
694,Dacia,LOGAN,2021,2,70%,72%,41%,42%,https://www.youtube.com/embed/PN8R9OEb8x8
695,Hyundai,GV80,2021,5,91%,87%,66%,88%,https://www.youtube.com/embed/AVihaC6U6f4
696,Hyundai,G80,2021,5,91%,87%,77%,91%,https://www.youtube.com/embed/vxdQmKzWXqk
697,Citroen,C4,2021,4,80%,83%,57%,63%,https://www.youtube.com/embed/sqJnpCObxvM
698,Renault,KANGOO,2021,4,78%,87%,67%,72%,https://www.youtube.com/embed/CVMvHjKyQNU
699,Toyota,MIRAI,2021,5,88%,85%,80%,82%,https://www.youtube.com/embed/ZC_2kYO82Vc
700,Subaru,OUTBACK,2021,5,88%,89%,84%,95%,https://www.youtube.com/embed/az6DjY0gO6o
701,Hyundai,TUCSON,2021,5,86%,87%,66%,70%,https://www.youtube.com/embed/gZTLe4G8gCQ
702,Hyundai,BAYON,2021,4,76%,82%,76%,67%,https://www.youtube.com/embed/6pcj9fvX0dk
703,Skoda,FABIA,2021,5,85%,81%,70%,71%,https://www.youtube.com/embed/HzOrhUZjNyc
704,Volkswagen,CADDY,2021,5,84%,82%,69%,79%,https://www.youtube.com/embed/IBj1gHx5HDc
705,Renault,ZOE,2021,0,43%,52%,41%,14%,https://www.youtube.com/embed/HiOs1mCMH4Q
706,Nissan,TOWNSTAR,2021,4,78%,87%,67%,72%,https://www.youtube.com/embed/tYQlkrQzeeE
707,Nissan,QASHQAI,2021,5,91%,91%,70%,95%,https://www.youtube.com/embed/jbERFwdd2u4
708,Hyundai,GV70,2021,5,89%,87%,64%,87%,https://www.youtube.com/embed/tRZrWpumhy0
709,Hyundai,G70,2021,5,89%,87%,76%,88%,https://www.youtube.com/embed/SsNNQ0Kq0JE
710,Fiat,500,2021,4,76%,80%,67%,67%,https://www.youtube.com/embed/bOav454apLM
711,Dacia,SPRING,2021,1,49%,56%,39%,32%,https://www.youtube.com/embed/2indFTVpQ_Y
712,BMW,iX,2021,5,91%,87%,73%,81%,https://www.youtube.com/embed/7-akRXWwWnw
713,Dacia,Jogger,2021,1,70%,69%,41%,39%,https://www.youtube.com/embed/DvC0uGf7BQo
714,Volkswagen,TAIGO?,2022,5,94%,84%,71%,70%,https://www.youtube.com/embed/Jc8_P7sNxnA
715,Volkswagen,POLO,2022,5,94%,80%,70%,70%,https://www.youtube.com/embed/LZ6FlV5044Y
716,Lexus,NX,2022,5,91%,87%,83%,91%,https://www.youtube.com/embed/0Ugf157Uayg
717,DS,4,2022,5,85%,86%,74%,82%,
